ticker,Option Open Date,Spot Price,Option Strike,Option Initial Price,Option Final Price,Option Close Date,Options PNL,lot_size,Options SL,Re-entry,Reentry Count,Nifty Spot Price,Nifty Option Strike,Nifty Option Final Price,Nifty Option Initial Price,Nifty Option Close Date,Nifty lot_size,Nifty Options PNL,Option SL
RELIANCE.EQ-NSE,2019-01-28,1230.5,1208.55,8.865956671455129,26.597870014365384,2019-01-30,-10087.232295844924,568.8744412840309,0,False,0,10661.55,10600.0,45.1,42.0,0,65.65649459975333,-203.5351332592354,Intraday SL Hit
RELIANCE.EQ-NSE,2019-02-25,1231.3,1228.35,16.93942559574109,9.01454812404935,2019-02-28,4505.331137971427,568.5048322910745,0,False,0,10880.1,10850.0,47.0,36.5,0,64.33764395547834,-675.5452615325225,No SL Hit
RELIANCE.EQ-NSE,2019-03-25,1328.9,1307.6,8.915487155653203,0.0495304841980733,2019-03-28,4670.155519616668,526.7514485664835,0,False,0,11354.25,11300.0,0.1,30.35,0,61.650923662945594,1864.9404408041041,No SL Hit
RELIANCE.EQ-NSE,2019-04-22,1344.0,1327.4,12.778864923102924,0.0495304841980733,2019-04-25,6629.861686929611,520.8333333333334,0,False,0,11594.45,11550.0,0.05,32.05,0,60.3737132852356,1931.958825127539,No SL Hit
RELIANCE.EQ-NSE,2019-05-27,1313.5,1307.6,18.32627915328714,0.0495304841980733,2019-05-30,9740.17820202691,532.9272934906737,0,False,0,11924.75,11900.0,0.05,60.65,0,58.701440281766914,3557.307281075075,No SL Hit
RELIANCE.EQ-NSE,2019-06-24,1261.85,1248.15,9.90609683961467,0.0495304841980733,2019-06-27,5467.842016714838,554.7410548004914,0,False,0,11699.65,11650.0,0.05,36.0,0,59.83084964080122,2150.919044586804,No SL Hit
RELIANCE.EQ-NSE,2019-07-22,1278.1,1268.0,14.165718480648978,42.49715544194694,2019-07-25,-15516.787319387036,547.6879743369063,0,False,0,11346.2,11300.0,63.9,36.5,0,61.694664292891005,-1690.4338016252134,Intraday SL Hit
RELIANCE.EQ-NSE,2019-08-26,1265.0,1248.15,13.076047828291363,16.74130365894879,2019-08-29,-2028.2048074784182,553.3596837944664,0,False,0,11057.85,11000.0,50.1,56.3,0,63.30344506391387,392.4813593962657,No SL Hit
RELIANCE.EQ-NSE,2019-09-23,1237.6,1228.35,18.871114479465948,0.0495304841980733,2019-09-26,10645.692305015767,565.6108597285069,0,False,0,11600.2,11550.0,0.05,72.0,0,60.34378717608317,4341.735487319184,No SL Hit
RELIANCE.EQ-NSE,2019-10-29,1471.0,1466.1,17.830974311306406,15.998346395977691,2019-10-31,872.0867034195107,475.8667573079538,0,False,0,11786.85,11750.0,0.05,32.75,0,59.388216529437464,1941.9946805126053,No SL Hit
RELIANCE.EQ-NSE,2019-11-25,1561.7,1545.35,12.976986859895216,0.0495304841980733,2019-11-28,5794.467223530768,448.22949350067233,0,False,0,12073.75,12000.0,0.05,25.75,0,57.97701625427063,1490.009317734755,No SL Hit
RELIANCE.EQ-NSE,2019-12-23,1570.0,1545.35,7.132389724522563,21.39716917356769,2019-12-26,-6360.092747981904,445.859872611465,0,False,0,12262.75,12200.0,73.35,15.6,0,57.08344376261442,-3296.5688772909825,Intraday SL Hit
RELIANCE.EQ-NSE,2020-01-27,1508.0,1485.9,8.42018231367247,25.26054694101741,2020-01-28,-7817.145384046059,464.19098143236073,0,False,0,12119.0,12050.0,61.55,38.0,0,57.760541298787025,-1360.2607475864343,Intraday SL Hit
RELIANCE.EQ-NSE,2020-02-24,1446.0,1426.5,13.224639280885585,39.673917842656756,2020-02-26,-12803.938446223943,484.09405255878283,0,False,0,11829.4,11800.0,172.6,76.0,0,59.17459888075473,-5716.266251880907,Intraday SL Hit
RELIANCE.EQ-NSE,2020-03-23,890.0,871.75,49.53048419807335,0.0495304841980733,2020-03-26,38917.604044621,786.5168539325842,0,False,0,7610.25,7550.0,0.05,336.5,0,91.98120955290563,30947.077954075095,No SL Hit
RELIANCE.EQ-NSE,2020-04-27,1429.8,1406.65,27.538949214128785,0.0495304841980733,2020-04-30,13458.241090328367,489.57896209260036,0,False,0,9282.3,9200.0,0.05,80.0,0,75.41234392338106,6029.216896674316,No SL Hit
RELIANCE.EQ-NSE,2020-05-26,1427.2,1406.65,7.65,0.1,2020-05-28,3703.054932735426,490.4708520179372,0,False,0,9029.05,8950.0,0.05,41.55,0,77.52753611952532,3217.392748960301,No SL Hit
RELIANCE.EQ-NSE,2020-06-22,1752.5,1723.65,16.8,3.0,2020-06-25,5512.125534950072,399.4293865905849,0,False,0,10311.2,10200.0,0.05,65.85,0,67.88734579874311,4466.987353557297,No SL Hit
RELIANCE.EQ-NSE,2020-07-27,2154.95,2120.0,32.8,22.0,2020-07-30,3508.2020464511934,324.833522819555,0,False,0,11131.8,11000.0,0.05,49.0,0,62.88291201782282,3078.118543272427,No SL Hit
RELIANCE.EQ-NSE,2020-08-24,2099.95,2060.0,9.8,0.05,2020-08-27,3250.0773827948287,333.34127003023883,0,False,0,11466.45,11350.0,0.05,32.05,0,61.047665144835584,1953.5252846347385,No SL Hit
RELIANCE.EQ-NSE,2020-09-21,2249.95,2220.0,16.7,35.1,2020-09-24,-5724.571657147938,311.11802484499657,0,False,0,11250.55,11150.0,344.05,75.1,0,62.21918039562511,-16733.848567403376,No SL Hit
RELIANCE.EQ-NSE,2020-10-26,2034.6,2000.0,11.0,0.05,2020-10-29,3767.3252727808904,344.04797011697633,0,False,0,11767.75,11650.0,0.05,46.05,0,59.484608357587476,2736.291984449024,No SL Hit
RELIANCE.EQ-NSE,2020-11-23,1955.2,1920.0,13.95,0.05,2020-11-26,4976.4729950900155,358.01963993453353,0,False,0,12926.45,12800.0,0.05,40.3,0,54.152532211086566,2179.6394214962343,No SL Hit
RELIANCE.EQ-NSE,2020-12-28,2000.4,1950.0,7.0,0.05,2020-12-31,2432.0135972805438,349.93001399720055,0,False,0,13873.2,13750.0,0.05,39.0,0,50.45699622293342,1965.3000028832569,No SL Hit
RELIANCE.EQ-NSE,2021-01-25,1935.0,1900.0,9.6,28.799999999999997,2021-01-28,-6945.736434108526,361.75710594315245,0,False,0,14238.9,14100.0,397.2,41.95,0,49.16110092774021,-17464.48110457971,Intraday SL Hit
RELIANCE.EQ-NSE,2021-02-22,2000.0,1980.0,16.0,0.05,2021-02-25,5582.5,350.0,0,False,0,14675.7,14550.0,0.05,87.5,0,47.697895160026434,4171.180931744312,No SL Hit
RELIANCE.EQ-NSE,2021-03-22,2061.0,2040.0,13.55,40.650000000000006,2021-03-25,-9204.269771955363,339.6409509946628,0,False,0,14736.4,14600.0,341.55,73.45,0,47.501425042751286,-12735.13205396162,Intraday SL Hit
RELIANCE.EQ-NSE,2021-04-26,1938.0,1920.0,13.45,0.05,2021-04-29,4840.041279669762,361.1971104231166,0,False,0,14485.0,14400.0,0.05,97.65,0,48.32585433206766,4716.603382809803,No SL Hit
RELIANCE.EQ-NSE,2021-05-24,1985.05,1960.0,5.45,0.05,2021-05-27,1904.2341502732932,352.6359537543135,0,False,0,15197.7,15100.0,0.1,55.0,0,46.059601123854264,2528.672101699599,No SL Hit
RELIANCE.EQ-NSE,2021-06-21,2238.95,2220.0,26.85,75.0,2021-06-24,-15053.931530404878,312.6465530717524,0,False,0,15746.5,15650.0,0.05,48.3,0,44.45432318292954,2144.9210935763504,No SL Hit
RELIANCE.EQ-NSE,2021-07-26,2074.0,2060.0,8.65,25.950000000000003,2021-07-28,-5838.958534233367,337.5120540019286,0,False,0,15824.45,15750.0,257.0,41.0,0,44.23534467232668,-9554.834449222564,Intraday SL Hit
RELIANCE.EQ-NSE,2021-08-23,2161.1001,2140.0,7.3,0.05,2021-08-26,2348.3410139123125,323.9091053672155,0,False,0,16496.45,16400.0,0.05,45.2,0,42.43337202852735,1915.8667470880102,No SL Hit
RELIANCE.EQ-NSE,2021-09-27,2525.0,2500.0,11.1,0.05,2021-09-30,3063.3663366336627,277.2277227722772,0,False,0,17855.1,17750.0,132.75,54.6,0,39.20448499308321,-3063.8305022094532,No SL Hit
RELIANCE.EQ-NSE,2021-10-25,2606.0,2580.0,15.0,0.3,2021-10-28,3948.580199539524,268.6108979278588,0,False,0,18125.4,18050.0,191.0,79.0,0,38.619837355313535,-4325.421783795116,No SL Hit
RELIANCE.EQ-NSE,2021-11-22,2365.8999,2340.0,15.15,0.05,2021-11-25,4467.644637036419,295.8705057640013,0,False,0,17416.55,17350.0,0.05,71.15,0,40.191656786217706,2857.626797500079,No SL Hit
RELIANCE.EQ-NSE,2021-12-27,2371.0,2360.0,16.55,0.05,2021-12-30,4871.362294390553,295.2340784479123,0,False,0,17086.25,17000.0,0.05,70.25,0,40.96861511449265,2875.996781037384,No SL Hit
RELIANCE.EQ-NSE,2022-01-24,2377.0,2360.0,20.2,13.95,2022-01-27,1840.5553218342448,294.48885149347916,0,False,0,17149.1,17050.0,0.05,123.5,0,40.81846860768204,5039.039949618348,No SL Hit
RELIANCE.EQ-NSE,2022-02-21,2400.0,2380.0,12.75,38.25,2022-02-22,-7437.500000000001,291.6666666666667,0,False,0,17206.65,17100.0,316.55,101.0,0,40.68194564310891,-8768.993383372126,Intraday SL Hit
RELIANCE.EQ-NSE,2022-03-28,2617.0,2600.0,13.8,0.05,2022-03-31,3677.8754298815434,267.48184944593044,0,False,0,17222.0,17150.0,0.05,79.0,0,40.64568575078388,3208.9768900243876,No SL Hit
RELIANCE.EQ-NSE,2022-04-25,2692.5,2680.0,22.25,0.05,2022-04-28,5771.58774373259,259.9814298978644,0,False,0,16953.95,16850.0,0.05,85.3,0,41.28831334290829,3519.8287124829317,No SL Hit
RELIANCE.EQ-NSE,2022-05-23,2602.5,2580.0,25.4,0.1,2022-05-26,6804.995196926033,268.97214217098946,0,False,0,16214.7,16150.0,0.05,151.35,0,43.17070312740908,6531.727383176993,No SL Hit
RELIANCE.EQ-NSE,2022-06-27,2495.0,2480.0,21.95,0.1,2022-06-30,6130.260521042083,280.56112224448896,0,False,0,15832.05,15750.0,0.05,87.0,0,44.21410998575674,3844.4168632615488,No SL Hit
RELIANCE.EQ-NSE,2022-07-25,2417.3999,2400.0,17.85,0.05,2022-07-28,5154.298219338886,289.56731569319584,0,False,0,16631.0,16550.0,0.05,72.55,0,42.09007275569719,3051.5302747880464,No SL Hit
RELIANCE.EQ-NSE,2022-08-22,2603.25,2580.0,13.0,0.05,2022-08-25,3482.1857293767403,268.8946509171228,0,False,0,17490.7,17400.0,0.05,67.4,0,40.02126844551676,2695.432429805554,No SL Hit
RELIANCE.EQ-NSE,2022-09-26,2379.05,2360.0,14.9,44.7,2022-09-29,-8768.205796431348,294.2350938399781,0,False,0,17016.3,16900.0,120.25,85.0,0,41.137027438397304,-1450.080217203505,Intraday SL Hit
RELIANCE.EQ-NSE,2022-10-25,2441.8,2420.0,3.7,0.05,2022-10-27,1046.35924318126,286.67376525513964,0,False,0,17656.35,17550.0,0.05,32.0,0,39.64579315656974,1266.6830913524032,No SL Hit
RELIANCE.EQ-NSE,2022-11-21,2548.0,2520.0,6.95,0.05,2022-11-24,1895.604395604396,274.72527472527474,0,False,0,18159.95,18050.0,0.05,30.0,0,38.54636163645825,1154.4635310119245,No SL Hit
RELIANCE.EQ-NSE,2022-12-26,2525.0,2500.0,11.75,0.05,2022-12-29,3243.5643564356433,277.2277227722772,0,False,0,18014.6,17900.0,0.05,56.0,0,38.85737124332486,2174.0699210640264,No SL Hit
RELIANCE.EQ-NSE,2023-01-23,2427.6001,2400.0,6.0,18.0,2023-01-25,-3460.2074699206014,288.35062249338347,0,False,0,18118.55,18000.0,160.8,18.8,0,38.63443818627871,-5486.090222451577,Intraday SL Hit
RELIANCE.EQ-NSE,2023-02-20,2414.8501,2400.0,10.85,32.55,2023-02-23,-6290.245510477026,289.87306499894135,0,False,0,17844.6,17750.0,290.05,40.0,0,39.22755343353172,-9808.849736054606,Intraday SL Hit
RELIANCE.EQ-NSE,2023-03-27,2237.6001,2220.0,7.15,0.1,2023-03-29,2205.4879243167716,312.8351665697548,0,False,0,16985.7,16900.0,0.05,35.45,0,41.21113642652349,1458.8742294989318,No SL Hit
RELIANCE.EQ-NSE,2023-04-24,2360.5,2340.0,7.0,0.05,2023-04-27,2061.0040245710657,296.5473416649015,0,False,0,17743.4,17650.0,0.05,24.3,0,39.45128892996832,956.6937565517318,No SL Hit
RELIANCE.EQ-NSE,2023-05-22,2456.0,2440.0,6.35,19.049999999999997,2023-05-25,-3619.706840390879,285.01628664495115,0,False,0,18314.4,18250.0,55.0,42.15,0,38.22129035076224,-491.1435810072948,Intraday SL Hit
RELIANCE.EQ-NSE,2023-06-26,2496.0,2480.0,5.85,0.05,2023-06-28,1626.6025641025642,280.44871794871796,0,False,0,18691.2,18650.0,0.05,38.6,0,37.450778976202706,1443.7275295326144,No SL Hit
RELIANCE.EQ-NSE,2023-07-24,2487.8,2480.0,14.0,0.05,2023-07-27,3925.154755205402,281.37310073157005,0,False,0,19672.35,19600.0,0.05,51.7,0,35.58293747315395,1837.8587204884016,No SL Hit
RELIANCE.EQ-NSE,2023-08-28,2437.0,2420.0,17.2,20.0,2023-08-31,-804.2675420599099,287.2384078785392,0,False,0,19306.05,19250.0,0.05,42.3,0,36.25806418195333,1531.9032116875283,No SL Hit
RELIANCE.EQ-NSE,2023-09-25,2339.5,2320.0,4.9,14.700000000000001,2023-09-28,-2932.250480871982,299.2092327420389,0,False,0,19674.55,19600.0,96.5,35.55,0,35.57895860388167,-2168.5375269065876,Intraday SL Hit
RELIANCE.EQ-NSE,2023-10-23,2262.9,2240.0,7.05,21.15,2023-10-26,-4361.659817048919,309.3375756772283,0,False,0,19281.75,19250.0,411.25,81.0,0,36.30375873559195,-11989.31632242924,Intraday SL Hit
RELIANCE.EQ-NSE,2023-11-28,2395.15,2380.0,3.9,6.0,2023-11-30,-613.7402667891363,292.2572698995887,0,False,0,19889.7,19850.0,0.05,23.6,0,35.19409543633137,828.8209475256037,No SL Hit
RELIANCE.EQ-NSE,2023-12-26,2579.0,2560.0,6.55,0.05,2023-12-28,1764.2497091896084,271.4230321830167,0,False,0,21441.35,21400.0,0.2,49.55,0,32.647198054227,1611.1392239761021,No SL Hit
RELIANCE.EQ-NSE,2024-01-23,2656.75,2640.0,5.8,0.05,2024-01-25,1515.0089394937424,263.4798155641291,0,False,0,21238.8,21200.0,0.05,111.0,0,32.9585475638925,3656.7508522138733,No SL Hit
RELIANCE.EQ-NSE,2024-02-26,2975.1,2960.0,13.55,40.650000000000006,2024-02-28,-6376.256260293773,235.28620886692886,0,False,0,22122.05,22050.0,197.0,91.35,0,31.642637097375697,-3343.0446093377427,Intraday SL Hit
RELIANCE.EQ-NSE,2024-03-26,2886.7,2880.0,9.75,0.1,2024-03-28,2340.042262791423,242.49142619600238,0,False,0,22004.7,21950.0,0.05,42.55,0,31.81138574940808,1351.9838943498432,No SL Hit
RELIANCE.EQ-NSE,2024-04-22,2962.9,2940.0,23.85,15.2,2024-04-25,2043.6059266259413,236.2550204191839,0,False,0,22336.4,22250.0,0.15,56.75,0,31.338980319120356,1773.7862860622122,No SL Hit
RELIANCE.EQ-NSE,2024-05-27,2934.9,2920.0,12.25,36.75,2024-05-29,-5843.469964905107,238.50897815939214,0,False,0,22932.45,22850.0,182.6,71.05,0,30.524431536970535,-3405.000337949063,Intraday SL Hit
RELIANCE.EQ-NSE,2024-06-24,2886.9,2860.0,9.8,0.05,2024-06-27,2364.1276109321416,242.47462676227093,0,False,0,23537.85,23450.0,0.1,73.5,0,29.739334731082067,2182.867169261424,No SL Hit
TCS.EQ-NSE,2019-01-28,1960.0,1940.0,13.5,0.05,2019-01-31,4803.571428571428,357.14285714285717,0,False,0,10661.55,10600.0,0.05,42.0,0,65.65649459975333,2754.2899484596524,No SL Hit
TCS.EQ-NSE,2019-02-25,1987.0,1960.0,8.45,0.05,2019-02-28,2959.235027679919,352.28988424760945,0,False,0,10880.1,10850.0,47.0,36.5,0,64.33764395547834,-675.5452615325225,No SL Hit
TCS.EQ-NSE,2019-03-25,1980.85,1950.0,9.6,0.05,2019-03-28,3374.8138425423426,353.3836484337532,0,False,0,11354.25,11300.0,0.1,30.35,0,61.650923662945594,1864.9404408041041,No SL Hit
TCS.EQ-NSE,2019-04-22,2160.3,2140.0,10.0,0.05,2019-04-25,3224.089246863861,324.02907003656895,0,False,0,11594.45,11550.0,0.05,32.05,0,60.3737132852356,1931.958825127539,No SL Hit
TCS.EQ-NSE,2019-05-27,2058.0,2040.0,13.35,0.1,2019-05-30,4506.802721088436,340.13605442176873,0,False,0,11924.75,11900.0,0.05,60.65,0,58.701440281766914,3557.307281075075,No SL Hit
TCS.EQ-NSE,2019-06-24,2276.6499,2260.0,14.85,4.9,2019-06-27,3059.3197487237717,307.46932147977606,0,False,0,11699.65,11650.0,0.05,36.0,0,59.83084964080122,2150.919044586804,No SL Hit
TCS.EQ-NSE,2019-07-22,2107.0,2080.0,8.35,0.05,2019-07-25,2757.475083056478,332.22591362126246,0,False,0,11346.2,11300.0,40.0,36.5,0,61.694664292891005,-215.93132502511853,No SL Hit
TCS.EQ-NSE,2019-08-26,2267.0,2240.0,13.65,6.8,2019-08-29,2115.1301279223644,308.77812086457874,0,False,0,11057.85,11000.0,50.1,56.3,0,63.30344506391387,392.4813593962657,No SL Hit
TCS.EQ-NSE,2019-09-23,2020.0,2000.0,24.0,0.05,2019-09-26,8299.50495049505,346.53465346534654,0,False,0,11600.2,11550.0,0.05,72.0,0,60.34378717608317,4341.735487319184,No SL Hit
TCS.EQ-NSE,2019-10-29,2197.5,2180.0,9.5,0.15,2019-10-31,2978.3845278725826,318.54379977246873,0,False,0,11786.85,11750.0,0.05,32.75,0,59.388216529437464,1941.9946805126053,No SL Hit
TCS.EQ-NSE,2019-11-25,2084.0,2060.0,11.75,0.05,2019-11-28,3929.942418426103,335.89251439539345,0,False,0,12073.75,12000.0,0.05,25.75,0,57.97701625427063,1490.009317734755,No SL Hit
TCS.EQ-NSE,2019-12-23,2236.0,2220.0,9.0,14.5,2019-12-26,-1721.8246869409659,313.05903398926654,0,False,0,12262.75,12200.0,73.35,15.6,0,57.08344376261442,-3296.5688772909825,No SL Hit
TCS.EQ-NSE,2020-01-27,2168.3,2160.0,12.2,36.599999999999994,2020-01-30,-7877.138772310102,322.83355624221736,0,False,0,12119.0,12050.0,45.5,38.0,0,57.760541298787025,-433.20405974090266,Intraday SL Hit
TCS.EQ-NSE,2020-02-24,2112.0,2100.0,19.15,0.05,2020-02-27,6330.492424242423,331.43939393939394,0,False,0,11829.4,11800.0,166.75,76.0,0,59.17459888075473,-5370.094848428492,No SL Hit
TCS.EQ-NSE,2020-03-23,1631.5,1620.0,54.0,0.6,2020-03-26,22911.431198283786,429.05301869445293,0,False,0,7610.25,7550.0,0.05,336.5,0,91.98120955290563,30947.077954075095,No SL Hit
TCS.EQ-NSE,2020-04-27,1834.0,1820.0,26.85,0.05,2020-04-30,10229.007633587786,381.6793893129771,0,False,0,9282.3,9200.0,0.05,80.0,0,75.41234392338106,6029.216896674316,No SL Hit
TCS.EQ-NSE,2020-05-26,1949.45,1940.0,20.0,0.05,2020-05-28,7163.558952525071,359.07563671804866,0,False,0,9029.05,8950.0,0.05,41.55,0,77.52753611952532,3217.392748960301,No SL Hit
TCS.EQ-NSE,2020-06-22,2032.0,2000.0,19.35,0.05,2020-06-25,6648.622047244095,344.48818897637796,0,False,0,10311.2,10200.0,0.05,65.85,0,67.88734579874311,4466.987353557297,No SL Hit
TCS.EQ-NSE,2020-07-27,2204.95,2180.0,15.85,0.05,2020-07-30,5015.986757069321,317.46751627021024,0,False,0,11131.8,11000.0,0.05,49.0,0,62.88291201782282,3078.118543272427,No SL Hit
TCS.EQ-NSE,2020-08-24,2250.8999,2220.0,11.75,0.05,2020-08-27,3638.5447438155734,310.9867302406473,0,False,0,11466.45,11350.0,0.05,32.05,0,61.047665144835584,1953.5252846347385,No SL Hit
TCS.EQ-NSE,2020-09-21,2468.0,2440.0,18.4,55.199999999999996,2020-09-24,-10437.601296596435,283.6304700162075,0,False,0,11250.55,11150.0,351.05,75.1,0,62.21918039562511,-17169.38283017275,Intraday SL Hit
TCS.EQ-NSE,2020-10-26,2690.0,2660.0,11.85,35.55,2020-10-27,-6167.286245353158,260.2230483271375,0,False,0,11767.75,11650.0,67.55,46.05,0,59.484608357587476,-1278.9190796881308,Intraday SL Hit
TCS.EQ-NSE,2020-11-23,2727.25,2700.0,16.1,0.2,2020-11-26,4081.034008616739,256.66880557337976,0,False,0,12926.45,12800.0,0.05,40.3,0,54.152532211086566,2179.6394214962343,No SL Hit
TCS.EQ-NSE,2020-12-28,2933.8999,2900.0,10.05,30.150000000000002,2020-12-31,-4795.66463736544,238.5902804659423,0,False,0,13873.2,13750.0,4.55,39.0,0,50.45699622293342,1738.2435198800565,Intraday SL Hit
TCS.EQ-NSE,2021-01-25,3295.05,3260.0,11.4,34.2,2021-01-28,-4843.629079983612,212.43987192910578,0,False,0,14238.9,14100.0,397.2,41.95,0,49.16110092774021,-17464.48110457971,Intraday SL Hit
TCS.EQ-NSE,2021-02-22,2955.5,2920.0,13.65,0.25,2021-02-25,3173.743867365928,236.84655726611402,0,False,0,14675.7,14550.0,0.05,87.5,0,47.697895160026434,4171.180931744312,No SL Hit
TCS.EQ-NSE,2021-03-22,3129.25,3100.0,20.5,30.0,2021-03-25,-2125.10985060318,223.69577374770313,0,False,0,14736.4,14600.0,275.05,73.45,0,47.501425042751286,-9576.28728861866,No SL Hit
TCS.EQ-NSE,2021-04-26,3101.2,3080.0,14.8,0.05,2021-04-29,3329.3563781761904,225.71907648652137,0,False,0,14485.0,14400.0,0.05,97.65,0,48.32585433206766,4716.603382809803,No SL Hit
TCS.EQ-NSE,2021-05-24,3082.3999,3060.0,18.0,0.05,2021-05-27,4076.3691953143393,227.0957768977348,0,False,0,15197.7,15100.0,0.1,55.0,0,46.059601123854264,2528.672101699599,No SL Hit
TCS.EQ-NSE,2021-06-21,3273.0,3250.0,13.0,0.2,2021-06-24,2737.5496486403913,213.87106630003055,0,False,0,15746.5,15650.0,0.05,48.3,0,44.45432318292954,2144.9210935763504,No SL Hit
TCS.EQ-NSE,2021-07-26,3200.3501,3180.0,11.6,34.8,2021-07-28,-5074.44482402097,218.72607000090395,0,False,0,15824.45,15750.0,257.0,41.0,0,44.23534467232668,-9554.834449222564,Intraday SL Hit
TCS.EQ-NSE,2021-08-23,3637.0,3620.0,26.1,0.1,2021-08-26,5004.124278251305,192.466318394281,0,False,0,16496.45,16400.0,0.05,45.2,0,42.43337202852735,1915.8667470880102,No SL Hit
TCS.EQ-NSE,2021-09-27,3839.0,3820.0,31.7,35.8,2021-09-30,-747.590518364157,182.33915082052619,0,False,0,17855.1,17750.0,132.75,54.6,0,39.20448499308321,-3063.8305022094532,No SL Hit
TCS.EQ-NSE,2021-10-25,3491.0,3460.0,8.8,26.400000000000002,2021-10-28,-3529.0747636780293,200.51561157261528,0,False,0,18125.4,18050.0,200.0,79.0,0,38.619837355313535,-4673.000319992938,Intraday SL Hit
TCS.EQ-NSE,2021-11-22,3463.75,3440.0,17.8,0.1,2021-11-25,3577.0479971129557,202.09310718152292,0,False,0,17416.55,17350.0,0.05,71.15,0,40.191656786217706,2857.626797500079,No SL Hit
TCS.EQ-NSE,2021-12-27,3696.0,3680.0,22.35,0.25,2021-12-30,4185.606060606061,189.3939393939394,0,False,0,17086.25,17000.0,0.05,70.25,0,40.96861511449265,2875.996781037384,No SL Hit
TCS.EQ-NSE,2022-01-24,3768.75,3740.0,25.7,77.1,2022-01-27,-9546.932006633497,185.7379767827529,0,False,0,17149.1,17050.0,192.0,123.5,0,40.81846860768204,-2796.0650996262198,Intraday SL Hit
TCS.EQ-NSE,2022-02-21,3718.95,3700.0,39.5,118.5,2022-02-22,-14869.788515575634,188.22517108323586,0,False,0,17206.65,17100.0,316.55,101.0,0,40.68194564310891,-8768.993383372126,Intraday SL Hit
TCS.EQ-NSE,2022-03-28,3700.0,3680.0,19.25,0.05,2022-03-31,3632.4324324324325,189.1891891891892,0,False,0,17222.0,17150.0,0.05,79.0,0,40.64568575078388,3208.9768900243876,No SL Hit
TCS.EQ-NSE,2022-04-25,3546.7,3520.0,19.6,0.15,2022-04-28,3838.7797107170054,197.36656610370204,0,False,0,16953.95,16850.0,0.05,85.3,0,41.28831334290829,3519.8287124829317,No SL Hit
TCS.EQ-NSE,2022-05-23,3321.0,3300.0,37.95,113.85000000000001,2022-05-25,-15998.193315266488,210.77988557663355,0,False,0,16214.7,16150.0,195.35,151.35,0,43.17070312740908,-1899.5109376059993,Intraday SL Hit
TCS.EQ-NSE,2022-06-27,3320.95,3300.0,25.0,35.0,2022-06-30,-2107.8305906442433,210.78305906442435,0,False,0,15832.05,15750.0,0.05,87.0,0,44.21410998575674,3844.4168632615488,No SL Hit
TCS.EQ-NSE,2022-07-25,3165.0,3140.0,13.7,41.099999999999994,2022-07-26,-6060.031595576618,221.1690363349131,0,False,0,16631.0,16550.0,129.0,72.55,0,42.09007275569719,-2375.9846070591066,Intraday SL Hit
TCS.EQ-NSE,2022-08-22,3354.0,3320.0,15.0,45.0,2022-08-23,-6261.180679785331,208.70602265951104,0,False,0,17490.7,17400.0,110.0,67.4,0,40.02126844551676,-1704.9060357790138,Intraday SL Hit
TCS.EQ-NSE,2023-04-24,3171.5,3140.0,6.2,0.1,2023-04-27,1346.3660728361976,220.71574964527827,0,False,0,17743.4,17650.0,0.05,24.3,0,39.45128892996832,956.6937565517318,No SL Hit
TCS.EQ-NSE,2023-05-22,3292.0,3260.0,8.8,0.35,2023-05-25,1796.7800729040098,212.636695018226,0,False,0,18314.4,18250.0,0.05,42.15,0,38.22129035076224,1609.1163237670903,No SL Hit
TCS.EQ-NSE,2023-06-26,3191.25,3160.0,4.8,0.1,2023-06-28,1030.9439874657267,219.34978456717587,0,False,0,18691.2,18650.0,0.05,38.6,0,37.450778976202706,1443.7275295326144,No SL Hit
TCS.EQ-NSE,2023-07-24,3391.55,3360.0,8.6,0.25,2023-07-27,1723.4008049416932,206.3953059810411,0,False,0,19672.35,19600.0,0.05,51.7,0,35.58293747315395,1837.8587204884016,No SL Hit
TCS.EQ-NSE,2023-08-28,3373.0,3340.0,9.45,0.2,2023-08-31,1919.6560924992589,207.53038837829826,0,False,0,19306.05,19250.0,0.05,42.3,0,36.25806418195333,1531.9032116875283,No SL Hit
TCS.EQ-NSE,2023-09-25,3569.8,3540.0,8.35,0.05,2023-09-28,1627.542159224606,196.08941677404894,0,False,0,19674.55,19600.0,75.0,35.55,0,35.57895860388167,-1403.5899169231318,No SL Hit
TCS.EQ-NSE,2023-10-23,3409.15,3380.0,9.0,27.0,2023-10-26,-3695.9359371104233,205.3297742839124,0,False,0,19281.75,19250.0,411.25,81.0,0,36.30375873559195,-11989.31632242924,Intraday SL Hit
TCS.EQ-NSE,2023-11-28,3478.0,3460.0,7.95,0.15,2023-11-30,1569.867740080506,201.26509488211616,0,False,0,19889.7,19850.0,0.05,23.6,0,35.19409543633137,828.8209475256037,No SL Hit
TCS.EQ-NSE,2023-12-26,3796.6,3780.0,18.5,0.1,2023-12-28,3392.5090870779118,184.37549386293,0,False,0,21441.35,21400.0,0.2,49.55,0,32.647198054227,1611.1392239761021,No SL Hit
TCS.EQ-NSE,2024-01-23,3860.0,3840.0,21.0,5.5,2024-01-25,2810.880829015544,181.34715025906735,0,False,0,21238.8,21200.0,0.05,111.0,0,32.9585475638925,3656.7508522138733,No SL Hit
TCS.EQ-NSE,2024-02-26,4001.0,3980.0,25.7,0.05,2024-02-29,4487.628092976755,174.9562609347663,0,False,0,22122.05,22050.0,67.1,91.35,0,31.642637097375697,767.3339496113607,No SL Hit
TCS.EQ-NSE,2024-03-26,3884.0,3860.0,13.75,0.25,2024-03-28,2433.058702368692,180.22657054582905,0,False,0,22004.7,21950.0,0.05,42.55,0,31.81138574940808,1351.9838943498432,No SL Hit
TCS.EQ-NSE,2024-04-22,3875.05,3850.0,23.15,1.0,2024-04-25,4001.2386936942744,180.6428304150914,0,False,0,22336.4,22250.0,0.15,56.75,0,31.338980319120356,1773.7862860622122,No SL Hit
TCS.EQ-NSE,2024-05-27,3847.65,3800.0,9.0,27.0,2024-05-30,-3274.726131534833,181.92922952971293,0,False,0,22932.45,22850.0,436.8,71.05,0,30.524431536970535,-11164.310834646973,Intraday SL Hit
TCS.EQ-NSE,2024-06-24,3815.0,3800.0,24.7,0.05,2024-06-27,4522.935779816514,183.4862385321101,0,False,0,23537.85,23450.0,0.1,73.5,0,29.739334731082067,2182.867169261424,No SL Hit
INFY.EQ-NSE,2019-01-28,731.0,720.0,3.1,0.05,2019-01-31,2920.6566347469225,957.5923392612859,0,False,0,10661.55,10600.0,0.05,42.0,0,65.65649459975333,2754.2899484596524,No SL Hit
INFY.EQ-NSE,2019-02-25,754.75,750.0,5.0,15.0,2019-02-27,-9274.594236502153,927.4594236502153,0,False,0,10880.1,10850.0,134.8,36.5,0,64.33764395547834,-6324.390400823521,Intraday SL Hit
INFY.EQ-NSE,2019-03-25,733.95,730.0,6.5,0.05,2019-03-28,6151.645207439198,953.7434430138292,0,False,0,11354.25,11300.0,0.1,30.35,0,61.650923662945594,1864.9404408041041,No SL Hit
INFY.EQ-NSE,2019-04-22,721.1,710.0,2.6,0.1,2019-04-25,2426.8478713077243,970.7391485230897,0,False,0,11594.45,11550.0,0.05,32.05,0,60.3737132852356,1931.958825127539,No SL Hit
INFY.EQ-NSE,2019-05-27,709.5,700.0,3.5,0.05,2019-05-30,3403.805496828753,986.6102889358704,0,False,0,11924.75,11900.0,0.05,60.65,0,58.701440281766914,3557.307281075075,No SL Hit
INFY.EQ-NSE,2019-06-24,745.0,740.0,3.7,8.45,2019-06-27,-4463.0872483221465,939.5973154362416,0,False,0,11699.65,11650.0,0.05,36.0,0,59.83084964080122,2150.919044586804,No SL Hit
INFY.EQ-NSE,2019-07-22,784.1,780.0,3.5,0.05,2019-07-25,3079.9642902690985,892.7432725417676,0,False,0,11346.2,11300.0,40.0,36.5,0,61.694664292891005,-215.93132502511853,No SL Hit
INFY.EQ-NSE,2019-08-26,804.3,800.0,6.75,20.25,2019-08-27,-11749.34725848564,870.3220191470845,0,False,0,11057.85,11000.0,63.1,56.3,0,63.30344506391387,-430.4634264346146,Intraday SL Hit
INFY.EQ-NSE,2019-09-23,763.0,760.0,10.5,0.05,2019-09-26,9587.155963302752,917.4311926605504,0,False,0,11600.2,11550.0,0.05,72.0,0,60.34378717608317,4341.735487319184,No SL Hit
INFY.EQ-NSE,2019-10-29,650.9,650.0,8.8,0.05,2019-10-31,9410.047626363497,1075.4340144415426,0,False,0,11786.85,11750.0,0.05,32.75,0,59.388216529437464,1941.9946805126053,No SL Hit
INFY.EQ-NSE,2019-11-25,698.5,690.0,4.9,0.05,2019-11-28,4860.415175375806,1002.1474588403722,0,False,0,12073.75,12000.0,0.05,25.75,0,57.97701625427063,1490.009317734755,No SL Hit
INFY.EQ-NSE,2019-12-23,736.0,730.0,3.35,0.5,2019-12-26,2710.5978260869565,951.0869565217391,0,False,0,12262.75,12200.0,73.35,15.6,0,57.08344376261442,-3296.5688772909825,No SL Hit
INFY.EQ-NSE,2020-01-27,778.05,770.0,2.5,0.1,2020-01-30,2159.2442645074225,899.685110211426,0,False,0,12119.0,12050.0,14.3,38.0,0,57.760541298787025,1368.9248287812525,No SL Hit
INFY.EQ-NSE,2020-02-24,795.4,790.0,4.7,14.100000000000001,2020-02-27,-8272.567261755094,880.0603469952225,0,False,0,11829.4,11800.0,260.55,76.0,0,59.17459888075473,-10920.672223443285,Intraday SL Hit
INFY.EQ-NSE,2020-03-23,529.15,520.0,18.7,0.05,2020-03-26,24671.64320136067,1322.8763110649154,0,False,0,7610.25,7550.0,0.05,336.5,0,91.98120955290563,30947.077954075095,No SL Hit
INFY.EQ-NSE,2020-04-27,665.35,660.0,9.3,0.1,2020-04-30,9679.116254602843,1052.0778537611784,0,False,0,9282.3,9200.0,0.05,80.0,0,75.41234392338106,6029.216896674316,No SL Hit
INFY.EQ-NSE,2020-05-26,682.0,670.0,2.85,0.05,2020-05-28,2873.9002932551325,1026.392961876833,0,False,0,9029.05,8950.0,0.05,41.55,0,77.52753611952532,3217.392748960301,No SL Hit
INFY.EQ-NSE,2020-06-22,703.25,690.0,5.0,0.05,2020-06-25,4927.124066832564,995.3785993601138,0,False,0,10311.2,10200.0,0.05,65.85,0,67.88734579874311,4466.987353557297,No SL Hit
INFY.EQ-NSE,2020-07-27,947.15,930.0,6.4,0.05,2020-07-30,4693.026447764347,739.0592831124955,0,False,0,11131.8,11000.0,0.05,49.0,0,62.88291201782282,3078.118543272427,No SL Hit
INFY.EQ-NSE,2020-08-24,948.55,940.0,5.1,0.05,2020-08-27,3726.740814928048,737.9684782035739,0,False,0,11466.45,11350.0,0.05,32.05,0,61.047665144835584,1953.5252846347385,No SL Hit
INFY.EQ-NSE,2020-09-21,1007.0,990.0,6.05,13.85,2020-09-24,-5422.045680238331,695.1340615690169,0,False,0,11250.55,11150.0,344.05,75.1,0,62.21918039562511,-16733.848567403376,No SL Hit
INFY.EQ-NSE,2020-10-26,1114.05,1100.0,5.6,16.799999999999997,2020-10-27,-7037.386113729184,628.3380458686773,0,False,0,11767.75,11650.0,67.55,46.05,0,59.484608357587476,-1278.9190796881308,Intraday SL Hit
INFY.EQ-NSE,2020-11-23,1138.5,1120.0,5.05,15.149999999999999,2020-11-26,-6209.9253403601215,614.8440931049627,0,False,0,12926.45,12800.0,47.95,40.3,0,54.152532211086566,-414.26687141481256,Intraday SL Hit
INFY.EQ-NSE,2020-12-28,1239.45,1220.0,4.7,0.05,2020-12-31,2626.164831175118,564.7666303602404,0,False,0,13873.2,13750.0,0.05,39.0,0,50.45699622293342,1965.3000028832569,No SL Hit
INFY.EQ-NSE,2021-01-25,1335.0,1320.0,8.5,25.5,2021-01-27,-8913.85767790262,524.3445692883895,0,False,0,14238.9,14100.0,184.0,41.95,0,49.16110092774021,-6983.334386785497,Intraday SL Hit
INFY.EQ-NSE,2021-02-22,1264.15,1240.0,6.2,0.05,2021-02-25,3405.4503025748527,553.7317565162361,0,False,0,14675.7,14550.0,0.05,87.5,0,47.697895160026434,4171.180931744312,No SL Hit
INFY.EQ-NSE,2021-03-22,1371.5,1360.0,10.0,30.0,2021-03-25,-10207.80167699599,510.3900838497995,0,False,0,14736.4,14600.0,341.55,73.45,0,47.501425042751286,-12735.13205396162,Intraday SL Hit
INFY.EQ-NSE,2021-04-26,1345.0,1340.0,10.25,0.05,2021-04-29,5308.550185873605,520.446096654275,0,False,0,14485.0,14400.0,0.05,97.65,0,48.32585433206766,4716.603382809803,No SL Hit
INFY.EQ-NSE,2021-05-24,1349.35,1340.0,3.75,0.05,2021-05-27,1919.4426946307483,518.7682958461481,0,False,0,15197.7,15100.0,0.1,55.0,0,46.059601123854264,2528.672101699599,No SL Hit
INFY.EQ-NSE,2021-06-21,1502.0,1480.0,4.5,0.05,2021-06-24,2073.901464713715,466.0452729693742,0,False,0,15746.5,15650.0,0.05,48.3,0,44.45432318292954,2144.9210935763504,No SL Hit
INFY.EQ-NSE,2021-07-26,1603.9,1600.0,7.7,0.05,2021-07-29,3338.7368289793626,436.4361867946879,0,False,0,15824.45,15750.0,0.05,41.0,0,44.23534467232668,1811.4373643317779,No SL Hit
INFY.EQ-NSE,2021-08-23,1739.6,1720.0,5.5,0.2,2021-08-26,2132.6741779719478,402.3913543343298,0,False,0,16496.45,16400.0,0.05,45.2,0,42.43337202852735,1915.8667470880102,No SL Hit
INFY.EQ-NSE,2021-09-27,1723.0,1720.0,19.25,64.9,2021-09-29,-18546.140452698783,406.26813697040046,0,False,0,17855.1,17750.0,122.0,54.6,0,39.20448499308321,-2642.3822885338086,Overnight SL Hit
INFY.EQ-NSE,2021-10-25,1708.4,1700.0,15.9,2.0,2021-10-28,5695.387497073285,409.740107703114,0,False,0,18125.4,18050.0,191.0,79.0,0,38.619837355313535,-4325.421783795116,No SL Hit
INFY.EQ-NSE,2021-11-22,1761.3,1740.0,4.1,12.299999999999999,2021-11-23,-3258.9564526202234,397.43371373417364,0,False,0,17416.55,17350.0,176.2,71.15,0,40.191656786217706,-4222.133545392169,Intraday SL Hit
INFY.EQ-NSE,2021-12-27,1867.5,1860.0,10.55,0.05,2021-12-30,3935.74297188755,374.8326639892905,0,False,0,17086.25,17000.0,0.05,70.25,0,40.96861511449265,2875.996781037384,No SL Hit
INFY.EQ-NSE,2022-01-24,1734.0,1720.0,14.0,42.0,2022-01-27,-11303.344867358708,403.69088811995385,0,False,0,17149.1,17050.0,192.0,123.5,0,40.81846860768204,-2796.0650996262198,Intraday SL Hit
INFY.EQ-NSE,2022-02-21,1729.5,1720.0,13.3,39.900000000000006,2022-02-24,-10766.117374963866,404.7412546978896,0,False,0,17206.65,17100.0,869.8,101.0,0,40.68194564310891,-31276.27981042213,Intraday SL Hit
INFY.EQ-NSE,2022-03-28,1871.6,1860.0,8.95,0.05,2022-03-31,3328.7027142551824,374.01154092754865,0,False,0,17222.0,17150.0,0.05,79.0,0,40.64568575078388,3208.9768900243876,No SL Hit
INFY.EQ-NSE,2022-04-25,1564.7,1560.0,15.15,0.05,2022-04-28,6755.288553716367,447.37010289512364,0,False,0,16953.95,16850.0,0.05,85.3,0,41.28831334290829,3519.8287124829317,No SL Hit
INFY.EQ-NSE,2022-05-23,1469.55,1460.0,12.7,38.099999999999994,2022-05-25,-12098.941852948179,476.33629342315675,0,False,0,16214.7,16150.0,195.35,151.35,0,43.17070312740908,-1899.5109376059993,Intraday SL Hit
INFY.EQ-NSE,2022-06-27,1476.65,1460.0,7.0,0.15,2022-06-30,3247.2149798530454,474.0459824602986,0,False,0,15832.05,15750.0,0.05,87.0,0,44.21410998575674,3844.4168632615488,No SL Hit
INFY.EQ-NSE,2022-07-25,1502.0,1480.0,6.5,19.5,2022-07-26,-6058.588548601864,466.0452729693742,0,False,0,16631.0,16550.0,129.0,72.55,0,42.09007275569719,-2375.9846070591066,Intraday SL Hit
INFY.EQ-NSE,2022-08-22,1577.0,1560.0,8.0,24.0,2022-08-23,-7102.092580849715,443.8807863031072,0,False,0,17490.7,17400.0,110.0,67.4,0,40.02126844551676,-1704.9060357790138,Intraday SL Hit
INFY.EQ-NSE,2022-09-26,1382.15,1360.0,11.35,0.05,2022-09-29,5722.967839959483,506.4573309698658,0,False,0,17016.3,16900.0,81.45,85.0,0,41.137027438397304,146.03644740631032,No SL Hit
INFY.EQ-NSE,2022-10-25,1526.0,1520.0,10.05,0.05,2022-10-27,4587.155963302752,458.7155963302752,0,False,0,17656.35,17550.0,0.05,32.0,0,39.64579315656974,1266.6830913524032,No SL Hit
INFY.EQ-NSE,2022-11-21,1568.0,1560.0,4.95,0.05,2022-11-24,2187.5000000000005,446.42857142857144,0,False,0,18159.95,18050.0,0.05,30.0,0,38.54636163645825,1154.4635310119245,No SL Hit
INFY.EQ-NSE,2022-12-26,1500.35,1480.0,5.45,0.05,2022-12-29,2519.4121371679944,466.5578031792582,0,False,0,18014.6,17900.0,0.05,56.0,0,38.85737124332486,2174.0699210640264,No SL Hit
INFY.EQ-NSE,2023-01-23,1549.0,1540.0,3.7,0.05,2023-01-25,1649.4512588766947,451.90445448676564,0,False,0,18118.55,18000.0,108.0,18.8,0,38.63443818627871,-3446.191886216061,No SL Hit
INFY.EQ-NSE,2023-02-20,1595.95,1580.0,6.1,18.299999999999997,2023-02-22,-5351.044832231585,438.61023215013,0,False,0,17844.6,17750.0,226.9,40.0,0,39.22755343353172,-7331.629736727078,Intraday SL Hit
INFY.EQ-NSE,2023-03-27,1390.05,1380.0,5.7,0.05,2023-03-29,2845.2213949138522,503.5790079493544,0,False,0,16985.7,16900.0,0.05,35.45,0,41.21113642652349,1458.8742294989318,No SL Hit
INFY.EQ-NSE,2023-04-24,1228.85,1220.0,5.55,0.05,2023-04-27,3133.0105383081745,569.6382796923954,0,False,0,17743.4,17650.0,0.05,24.3,0,39.45128892996832,956.6937565517318,No SL Hit
INFY.EQ-NSE,2023-05-22,1291.5,1280.0,3.45,0.05,2023-05-25,1842.8184281842819,542.0054200542005,0,False,0,18314.4,18250.0,0.05,42.15,0,38.22129035076224,1609.1163237670903,No SL Hit
INFY.EQ-NSE,2023-06-26,1270.7,1260.0,4.8,0.05,2023-06-28,2616.667978279688,550.8774691115133,0,False,0,18691.2,18650.0,0.05,38.6,0,37.450778976202706,1443.7275295326144,No SL Hit
INFY.EQ-NSE,2023-07-24,1336.0,1330.0,8.05,0.05,2023-07-27,4191.616766467066,523.9520958083832,0,False,0,19672.35,19600.0,0.05,51.7,0,35.58293747315395,1837.8587204884016,No SL Hit
INFY.EQ-NSE,2023-08-28,1416.75,1410.0,3.55,0.05,2023-08-31,1729.310040585848,494.08858302452796,0,False,0,19306.05,19250.0,0.05,42.3,0,36.25806418195333,1531.9032116875283,No SL Hit
INFY.EQ-NSE,2023-09-25,1475.4,1460.0,2.0,6.0,2023-09-26,-1897.7904297139758,474.44760742849394,0,False,0,19674.55,19600.0,50.0,35.55,0,35.57895860388167,-514.1159518260902,Intraday SL Hit
INFY.EQ-NSE,2023-10-23,1409.0,1400.0,15.15,45.45,2023-10-26,-15053.229240596169,496.8062455642299,0,False,0,19281.75,19250.0,411.25,81.0,0,36.30375873559195,-11989.31632242924,Intraday SL Hit
INFY.EQ-NSE,2023-11-28,1443.0,1430.0,2.3,0.05,2023-11-30,1091.4760914760916,485.1004851004851,0,False,0,19889.7,19850.0,0.05,23.6,0,35.19409543633137,828.8209475256037,No SL Hit
INFY.EQ-NSE,2023-12-26,1545.6,1540.0,11.45,0.1,2023-12-28,5140.398550724638,452.8985507246377,0,False,0,21441.35,21400.0,0.2,49.55,0,32.647198054227,1611.1392239761021,No SL Hit
INFY.EQ-NSE,2024-01-23,1642.0,1630.0,6.2,0.05,2024-01-25,2621.8026796589525,426.3093788063337,0,False,0,21238.8,21200.0,0.05,111.0,0,32.9585475638925,3656.7508522138733,No SL Hit
INFY.EQ-NSE,2024-02-26,1660.0,1650.0,9.9,0.2,2024-02-29,4090.361445783133,421.68674698795184,0,False,0,22122.05,22050.0,67.1,91.35,0,31.642637097375697,767.3339496113607,No SL Hit
INFY.EQ-NSE,2024-03-26,1493.15,1480.0,5.4,0.2,2024-03-28,2437.7992833941667,468.8075544988782,0,False,0,22004.7,21950.0,0.05,42.55,0,31.81138574940808,1351.9838943498432,No SL Hit
INFY.EQ-NSE,2024-04-22,1434.85,1420.0,5.8,0.05,2024-04-25,2805.1712722584243,487.85587343624775,0,False,0,22336.4,22250.0,0.15,56.75,0,31.338980319120356,1773.7862860622122,No SL Hit
INFY.EQ-NSE,2024-05-27,1471.0,1460.0,4.95,17.7,2024-05-30,-6067.30115567641,475.8667573079538,0,False,0,22932.45,22850.0,170.0,71.05,0,30.524431536970535,-3020.392500583235,Overnight SL Hit
INFY.EQ-NSE,2024-06-24,1526.0,1520.0,9.75,0.05,2024-06-27,4449.541284403669,458.7155963302752,0,False,0,23537.85,23450.0,0.1,73.5,0,29.739334731082067,2182.867169261424,No SL Hit
HDFCBANK.EQ-NSE,2019-01-28,521.75,950.0,0.85,0.025,2019-01-31,1106.8519405845711,1341.6387158600862,0,False,0,10661.55,10600.0,0.05,42.0,0,65.65649459975333,2754.2899484596524,No SL Hit
HDFCBANK.EQ-NSE,2019-02-25,530.75,950.0,0.3,0.025,2019-02-28,362.6943005181347,1318.88836552049,0,False,0,10880.1,10850.0,47.0,36.5,0,64.33764395547834,-675.5452615325225,No SL Hit
HDFCBANK.EQ-NSE,2019-03-25,569.5,900.0,0.025,10.5,2020-03-13,-12875.32923617208,1229.1483757682176,0,False,0,11354.25,11300.0,2500.0,30.35,0,61.650923662945594,-152256.2036241936,Overnight SL Hit
HDFCBANK.EQ-NSE,2020-04-27,929.95,900.0,7.55,0.1,2020-04-30,5607.828377869778,752.7286413248024,0,False,0,9282.3,9200.0,0.05,80.0,0,75.41234392338106,6029.216896674316,No SL Hit
HDFCBANK.EQ-NSE,2020-05-26,857.85,840.0,6.0,0.1,2020-05-28,4814.361485108119,815.9934720522235,0,False,0,9029.05,8950.0,0.05,41.55,0,77.52753611952532,3217.392748960301,No SL Hit
HDFCBANK.EQ-NSE,2020-06-22,1029.9,1000.0,7.5,0.05,2020-06-25,5063.59840761239,679.6776386056898,0,False,0,10311.2,10200.0,0.05,65.85,0,67.88734579874311,4466.987353557297,No SL Hit
HDFCBANK.EQ-NSE,2020-07-27,1079.5,1050.0,5.2,0.05,2020-07-30,3339.509031959241,648.4483557202409,0,False,0,11131.8,11000.0,0.05,49.0,0,62.88291201782282,3078.118543272427,No SL Hit
HDFCBANK.EQ-NSE,2020-08-24,1114.8,1090.0,5.5,0.1,2020-08-27,3390.742734122713,627.9153211338357,0,False,0,11466.45,11350.0,0.05,32.05,0,61.047665144835584,1953.5252846347385,No SL Hit
HDFCBANK.EQ-NSE,2020-09-21,1042.5,1020.0,8.7,0.15,2020-09-24,5741.007194244603,671.462829736211,0,False,0,11250.55,11150.0,344.05,75.1,0,62.21918039562511,-16733.848567403376,No SL Hit
HDFCBANK.EQ-NSE,2020-10-26,1216.55,1200.0,7.4,11.85,2020-10-29,-2560.5195018700424,575.3976408696725,0,False,0,11767.75,11650.0,0.05,46.05,0,59.484608357587476,2736.291984449024,No SL Hit
HDFCBANK.EQ-NSE,2020-11-23,1398.0,1380.0,11.2,0.05,2020-11-26,5582.975679542203,500.7153075822604,0,False,0,12926.45,12800.0,0.05,40.3,0,54.152532211086566,2179.6394214962343,No SL Hit
HDFCBANK.EQ-NSE,2020-12-28,1415.0,1400.0,5.85,0.05,2020-12-31,2869.257950530035,494.69964664310953,0,False,0,13873.2,13750.0,0.05,39.0,0,50.45699622293342,1965.3000028832569,No SL Hit
HDFCBANK.EQ-NSE,2021-01-25,1464.8,1440.0,4.2,12.600000000000001,2021-01-27,-4014.199890770072,477.88093937738944,0,False,0,14238.9,14100.0,184.0,41.95,0,49.16110092774021,-6983.334386785497,Intraday SL Hit
HDFCBANK.EQ-NSE,2021-02-22,1542.0,1520.0,9.7,0.05,2021-02-25,4380.674448767833,453.9559014267185,0,False,0,14675.7,14550.0,0.05,87.5,0,47.697895160026434,4171.180931744312,No SL Hit
HDFCBANK.EQ-NSE,2021-03-22,1472.6,1460.0,13.15,0.1,2021-03-25,6203.31386663045,475.3497215808774,0,False,0,14736.4,14600.0,275.05,73.45,0,47.501425042751286,-9576.28728861866,No SL Hit
HDFCBANK.EQ-NSE,2021-04-26,1408.0,1400.0,13.5,0.05,2021-04-29,6686.789772727273,497.15909090909093,0,False,0,14485.0,14400.0,0.05,97.65,0,48.32585433206766,4716.603382809803,No SL Hit
HDFCBANK.EQ-NSE,2021-05-24,1506.0,1500.0,13.95,15.0,2021-05-27,-488.0478087649406,464.80743691899073,0,False,0,15197.7,15100.0,0.1,55.0,0,46.059601123854264,2528.672101699599,No SL Hit
HDFCBANK.EQ-NSE,2021-06-21,1490.95,1480.0,7.45,0.05,2021-06-24,3474.2949126395924,469.4993125188638,0,False,0,15746.5,15650.0,0.05,48.3,0,44.45432318292954,2144.9210935763504,No SL Hit
HDFCBANK.EQ-NSE,2021-07-26,1434.0,1420.0,5.0,15.0,2021-07-28,-4881.450488145048,488.1450488145049,0,False,0,15824.45,15750.0,257.0,41.0,0,44.23534467232668,-9554.834449222564,Intraday SL Hit
HDFCBANK.EQ-NSE,2021-08-23,1522.55,1500.0,3.25,0.05,2021-08-26,1471.2160520179962,459.7550162556238,0,False,0,16496.45,16400.0,0.05,45.2,0,42.43337202852735,1915.8667470880102,No SL Hit
HDFCBANK.EQ-NSE,2021-09-27,1625.0,1620.0,14.8,30.0,2021-09-30,-6547.692307692308,430.7692307692308,0,False,0,17855.1,17750.0,132.75,54.6,0,39.20448499308321,-3063.8305022094532,No SL Hit
HDFCBANK.EQ-NSE,2021-10-25,1657.3,1640.0,8.05,24.150000000000002,2021-10-28,-6800.217220780789,422.373740421167,0,False,0,18125.4,18050.0,200.0,79.0,0,38.619837355313535,-4673.000319992938,Intraday SL Hit
HDFCBANK.EQ-NSE,2021-11-22,1520.75,1500.0,9.15,0.05,2021-11-25,4188.722669735327,460.29919447640964,0,False,0,17416.55,17350.0,0.05,71.15,0,40.191656786217706,2857.626797500079,No SL Hit
HDFCBANK.EQ-NSE,2021-12-27,1453.0,1440.0,8.45,0.05,2021-12-30,4046.799724707501,481.7618719889883,0,False,0,17086.25,17000.0,0.05,70.25,0,40.96861511449265,2875.996781037384,No SL Hit
HDFCBANK.EQ-NSE,2022-01-24,1484.5,1470.0,9.0,27.0,2022-01-25,-8487.706298416975,471.53923880094305,0,False,0,17149.1,17050.0,289.15,123.5,0,40.81846860768204,-6761.57932486253,Intraday SL Hit
HDFCBANK.EQ-NSE,2022-02-21,1521.1,1510.0,10.05,48.25,2022-02-24,-17579.383341003224,460.1932811780948,0,False,0,17206.65,17100.0,350.0,101.0,0,40.68194564310891,-10129.804465134119,Overnight SL Hit
HDFCBANK.EQ-NSE,2022-03-28,1436.0,1430.0,12.0,0.05,2022-03-31,5825.208913649025,487.46518105849583,0,False,0,17222.0,17150.0,0.05,79.0,0,40.64568575078388,3208.9768900243876,No SL Hit
HDFCBANK.EQ-NSE,2022-04-25,1369.95,1360.0,14.2,0.1,2022-04-28,7204.642505200919,510.9675535603489,0,False,0,16953.95,16850.0,0.05,85.3,0,41.28831334290829,3519.8287124829317,No SL Hit
HDFCBANK.EQ-NSE,2022-05-23,1301.3,1290.0,10.7,0.05,2022-05-26,5728.8864981172665,537.9236148466917,0,False,0,16214.7,16150.0,0.05,151.35,0,43.17070312740908,6531.727383176993,No SL Hit
HDFCBANK.EQ-NSE,2022-06-27,1356.15,1340.0,7.1,0.1,2022-06-30,3613.1696346274375,516.1670906610625,0,False,0,15832.05,15750.0,0.05,87.0,0,44.21410998575674,3844.4168632615488,No SL Hit
HDFCBANK.EQ-NSE,2022-07-25,1393.4,1380.0,4.75,0.05,2022-07-28,2361.131046361418,502.36830773647193,0,False,0,16631.0,16550.0,0.05,72.55,0,42.09007275569719,3051.5302747880464,No SL Hit
HDFCBANK.EQ-NSE,2022-08-22,1468.7,1460.0,6.45,0.05,2022-08-25,3050.3166065227756,476.61196976918364,0,False,0,17490.7,17400.0,0.05,67.4,0,40.02126844551676,2695.432429805554,No SL Hit
HDFCBANK.EQ-NSE,2022-09-26,1429.8,1420.0,11.2,33.599999999999994,2022-09-28,-10966.568750874245,489.57896209260036,0,False,0,17016.3,16900.0,141.2,85.0,0,41.137027438397304,-2311.900942037928,Intraday SL Hit
HDFCBANK.EQ-NSE,2022-10-25,1447.2,1440.0,4.5,0.05,2022-10-27,2152.432283029298,483.69264787175234,0,False,0,17656.35,17550.0,0.05,32.0,0,39.64579315656974,1266.6830913524032,No SL Hit
HDFCBANK.EQ-NSE,2022-11-21,1598.0,1580.0,5.15,0.1,2022-11-24,2212.140175219024,438.0475594493116,0,False,0,18159.95,18050.0,0.05,30.0,0,38.54636163645825,1154.4635310119245,No SL Hit
HDFCBANK.EQ-NSE,2022-12-26,1628.5,1620.0,7.45,0.05,2022-12-29,3180.841264967762,429.8434141848327,0,False,0,18014.6,17900.0,0.05,56.0,0,38.85737124332486,2174.0699210640264,No SL Hit
HDFCBANK.EQ-NSE,2023-01-23,1670.05,1660.0,3.05,9.149999999999999,2023-01-25,-2556.8096763569947,419.1491272716386,0,False,0,18118.55,18000.0,160.8,18.8,0,38.63443818627871,-5486.090222451577,Intraday SL Hit
HDFCBANK.EQ-NSE,2023-02-20,1640.5,1630.0,7.4,22.200000000000003,2023-02-22,-6315.1478207863465,426.6991770801585,0,False,0,17844.6,17750.0,226.9,40.0,0,39.22755343353172,-7331.629736727078,Intraday SL Hit
HDFCBANK.EQ-NSE,2023-03-27,1560.7,1550.0,4.95,0.05,2023-03-29,2197.7317870186457,448.516691228295,0,False,0,16985.7,16900.0,0.05,35.45,0,41.21113642652349,1458.8742294989318,No SL Hit
HDFCBANK.EQ-NSE,2023-04-24,1688.1,1680.0,2.65,7.949999999999999,2023-04-25,-2197.7371008826485,414.66737752502814,0,False,0,17743.4,17650.0,30.6,24.3,0,39.45128892996832,-248.54312025880046,Intraday SL Hit
HDFCBANK.EQ-NSE,2023-05-22,1638.45,1630.0,5.75,17.25,2023-05-24,-4913.180139766242,427.23305563184715,0,False,0,18314.4,18250.0,40.45,42.15,0,38.22129035076224,64.97619359629564,Intraday SL Hit
HDFCBANK.EQ-NSE,2023-06-26,1636.4,1630.0,5.05,0.05,2023-06-28,2138.841359080909,427.7682718161818,0,False,0,18691.2,18650.0,0.05,38.6,0,37.450778976202706,1443.7275295326144,No SL Hit
HDFCBANK.EQ-NSE,2023-07-24,1679.5,1670.0,6.35,0.05,2023-07-27,2625.7814825841024,416.7907115212861,0,False,0,19672.35,19600.0,0.05,51.7,0,35.58293747315395,1837.8587204884016,No SL Hit
HDFCBANK.EQ-NSE,2023-08-28,1578.0,1570.0,6.0,0.35,2023-08-31,2506.337135614702,443.59949302915084,0,False,0,19306.05,19250.0,0.05,42.3,0,36.25806418195333,1531.9032116875283,No SL Hit
HDFCBANK.EQ-NSE,2023-09-25,1528.9,1520.0,8.7,0.2,2023-09-28,3891.686833671267,457.8455098436784,0,False,0,19674.55,19600.0,75.0,35.55,0,35.57895860388167,-1403.5899169231318,No SL Hit
HDFCBANK.EQ-NSE,2023-10-23,1508.0,1500.0,8.4,25.200000000000003,2023-10-26,-7798.408488063662,464.19098143236073,0,False,0,19281.75,19250.0,411.25,81.0,0,36.30375873559195,-11989.31632242924,Intraday SL Hit
HDFCBANK.EQ-NSE,2023-11-28,1530.95,1520.0,2.7,0.05,2023-11-30,1211.6659590450374,457.2324373754858,0,False,0,19889.7,19850.0,0.05,23.6,0,35.19409543633137,828.8209475256037,No SL Hit
HDFCBANK.EQ-NSE,2023-12-26,1685.0,1680.0,5.05,0.05,2023-12-28,2077.151335311573,415.43026706231456,0,False,0,21441.35,21400.0,0.2,49.55,0,32.647198054227,1611.1392239761021,No SL Hit
HDFCBANK.EQ-NSE,2024-01-23,1430.85,1420.0,9.05,30.0,2024-01-24,-10249.152601600448,489.2196945871336,0,False,0,21238.8,21200.0,112.0,111.0,0,32.9585475638925,-32.9585475638925,Overnight SL Hit
HDFCBANK.EQ-NSE,2024-02-26,1422.0,1410.0,6.55,19.65,2024-02-29,-6448.663853727144,492.26441631504923,0,False,0,22122.05,22050.0,230.75,91.35,0,31.642637097375697,-4410.983611374172,Intraday SL Hit
HDFCBANK.EQ-NSE,2024-03-26,1424.9,1420.0,6.4,0.15,2024-03-28,3070.3909046248855,491.2625447399817,0,False,0,22004.7,21950.0,0.05,42.55,0,31.81138574940808,1351.9838943498432,No SL Hit
HDFCBANK.EQ-NSE,2024-04-22,1514.35,1510.0,8.35,0.3,2024-04-25,3721.0684452075143,462.2445273549708,0,False,0,22336.4,22250.0,0.15,56.75,0,31.338980319120356,1773.7862860622122,No SL Hit
HDFCBANK.EQ-NSE,2024-05-27,1527.5,1520.0,6.8,5.0,2024-05-30,824.8772504091652,458.26513911620293,0,False,0,22932.45,22850.0,361.15,71.05,0,30.524431536970535,-8855.137588875152,No SL Hit
HDFCBANK.EQ-NSE,2024-06-24,1671.75,1660.0,7.25,0.05,2024-06-27,3014.804845222073,418.72289516973234,0,False,0,23537.85,23450.0,0.1,73.5,0,29.739334731082067,2182.867169261424,No SL Hit
ICICIBANK.EQ-NSE,2019-01-28,344.75,340.0,5.2,0.05,2019-01-31,10456.852791878173,2030.4568527918782,0,False,0,10661.55,10600.0,0.05,42.0,0,65.65649459975333,2754.2899484596524,No SL Hit
ICICIBANK.EQ-NSE,2019-02-25,355.7,350.0,1.3,3.9000000000000004,2019-02-26,-5116.671352263144,1967.950520101209,0,False,0,10880.1,10850.0,146.0,36.5,0,64.33764395547834,-7044.972013124879,Intraday SL Hit
ICICIBANK.EQ-NSE,2019-03-25,383.4,380.0,2.0,0.05,2019-03-28,3560.250391236307,1825.7694314032344,0,False,0,11354.25,11300.0,0.1,30.35,0,61.650923662945594,1864.9404408041041,No SL Hit
ICICIBANK.EQ-NSE,2019-04-22,394.75,390.0,1.85,0.05,2019-04-25,3191.8936035465485,1773.2742241925268,0,False,0,11594.45,11550.0,0.05,32.05,0,60.3737132852356,1931.958825127539,No SL Hit
ICICIBANK.EQ-NSE,2019-05-27,434.8,430.0,4.2,3.1,2019-05-30,1770.9291628334868,1609.9356025758968,0,False,0,11924.75,11900.0,0.05,60.65,0,58.701440281766914,3557.307281075075,No SL Hit
ICICIBANK.EQ-NSE,2019-06-24,429.7,425.0,2.05,0.05,2019-06-27,3258.0870374680007,1629.0435187340006,0,False,0,11699.65,11650.0,0.05,36.0,0,59.83084964080122,2150.919044586804,No SL Hit
ICICIBANK.EQ-NSE,2019-07-22,411.85,410.0,2.9,0.35,2019-07-25,4334.102221682651,1699.647930071628,0,False,0,11346.2,11300.0,40.0,36.5,0,61.694664292891005,-215.93132502511853,No SL Hit
ICICIBANK.EQ-NSE,2019-08-26,413.25,410.0,4.55,13.649999999999999,2019-08-29,-15414.398064125828,1693.8898971566848,0,False,0,11057.85,11000.0,85.4,56.3,0,63.30344506391387,-1842.1302513598941,Intraday SL Hit
ICICIBANK.EQ-NSE,2019-09-23,441.35,435.0,4.35,0.05,2019-09-26,6819.984139571768,1586.042823156225,0,False,0,11600.2,11550.0,0.05,72.0,0,60.34378717608317,4341.735487319184,No SL Hit
ICICIBANK.EQ-NSE,2019-10-29,476.0,470.0,2.8,8.0,2019-10-31,-7647.058823529412,1470.5882352941176,0,False,0,11786.85,11750.0,0.05,32.75,0,59.388216529437464,1941.9946805126053,No SL Hit
ICICIBANK.EQ-NSE,2019-11-25,498.45,495.0,6.45,0.05,2019-11-28,8987.86237335741,1404.3534958370951,0,False,0,12073.75,12000.0,0.05,25.75,0,57.97701625427063,1490.009317734755,No SL Hit
ICICIBANK.EQ-NSE,2019-12-23,541.6,535.0,1.45,0.1,2019-12-26,1744.8301329394385,1292.466765140325,0,False,0,12262.75,12200.0,73.35,15.6,0,57.08344376261442,-3296.5688772909825,No SL Hit
ICICIBANK.EQ-NSE,2020-01-27,535.8,530.0,4.2,0.35,2020-01-30,5029.861888764464,1306.4576334453154,0,False,0,12119.0,12050.0,14.3,38.0,0,57.760541298787025,1368.9248287812525,No SL Hit
ICICIBANK.EQ-NSE,2020-02-24,530.55,525.0,3.65,10.95,2020-02-27,-9631.514466120065,1319.3855433041185,0,False,0,11829.4,11800.0,260.55,76.0,0,59.17459888075473,-10920.672223443285,Intraday SL Hit
ICICIBANK.EQ-NSE,2020-03-23,282.4,280.0,21.5,0.05,2020-03-26,53169.26345609066,2478.7535410764876,0,False,0,7610.25,7550.0,0.05,336.5,0,91.98120955290563,30947.077954075095,No SL Hit
ICICIBANK.EQ-NSE,2020-04-27,346.75,340.0,6.3,0.05,2020-04-30,12617.15933669791,2018.7454938716655,0,False,0,9282.3,9200.0,0.05,80.0,0,75.41234392338106,6029.216896674316,No SL Hit
ICICIBANK.EQ-NSE,2020-05-26,294.05,290.0,3.6,0.05,2020-05-28,8450.943717054923,2380.547525930964,0,False,0,9029.05,8950.0,0.05,41.55,0,77.52753611952532,3217.392748960301,No SL Hit
ICICIBANK.EQ-NSE,2020-06-22,368.3,360.0,5.15,15.450000000000001,2020-06-24,-19576.43225631279,1900.624490904154,0,False,0,10311.2,10200.0,33.55,65.85,0,67.88734579874311,2192.7612692994026,Intraday SL Hit
ICICIBANK.EQ-NSE,2020-07-27,358.6,355.0,6.1,10.0,2020-07-30,-7612.939208031233,1952.0356943669826,0,False,0,11131.8,11000.0,0.05,49.0,0,62.88291201782282,3078.118543272427,No SL Hit
ICICIBANK.EQ-NSE,2020-08-24,379.8,375.0,2.95,0.05,2020-08-27,5344.918378093734,1843.0753027909425,0,False,0,11466.45,11350.0,0.05,32.05,0,61.047665144835584,1953.5252846347385,No SL Hit
ICICIBANK.EQ-NSE,2020-09-21,350.75,340.0,2.9,3.0,2020-09-24,-199.57234497505365,1995.7234497505347,0,False,0,11250.55,11150.0,344.05,75.1,0,62.21918039562511,-16733.848567403376,No SL Hit
ICICIBANK.EQ-NSE,2020-10-26,405.15,400.0,4.0,1.0,2020-10-29,5183.265457238061,1727.7551524126868,0,False,0,11767.75,11650.0,0.05,46.05,0,59.484608357587476,2736.291984449024,No SL Hit
ICICIBANK.EQ-NSE,2020-11-23,468.3,460.0,3.7,0.05,2020-11-26,5455.904334828102,1494.7683109118086,0,False,0,12926.45,12800.0,0.05,40.3,0,54.152532211086566,2179.6394214962343,No SL Hit
ICICIBANK.EQ-NSE,2020-12-28,520.5,510.0,2.3,0.05,2020-12-31,3025.9365994236314,1344.8607108549472,0,False,0,13873.2,13750.0,0.05,39.0,0,50.45699622293342,1965.3000028832569,No SL Hit
ICICIBANK.EQ-NSE,2021-01-25,537.25,530.0,3.0,9.0,2021-01-27,-7817.5895765472305,1302.9315960912052,0,False,0,14238.9,14100.0,184.0,41.95,0,49.16110092774021,-6983.334386785497,Intraday SL Hit
ICICIBANK.EQ-NSE,2021-02-22,608.6,600.0,4.0,0.05,2021-02-25,4543.21393361814,1150.1807426881367,0,False,0,14675.7,14550.0,0.05,87.5,0,47.697895160026434,4171.180931744312,No SL Hit
ICICIBANK.EQ-NSE,2021-03-22,573.55,560.0,3.9,0.05,2021-03-25,4698.805683898527,1220.4690088048121,0,False,0,14736.4,14600.0,275.05,73.45,0,47.501425042751286,-9576.28728861866,No SL Hit
ICICIBANK.EQ-NSE,2021-04-26,588.7,580.0,4.0,0.05,2021-04-29,4696.789536266349,1189.0606420927465,0,False,0,14485.0,14400.0,0.05,97.65,0,48.32585433206766,4716.603382809803,No SL Hit
ICICIBANK.EQ-NSE,2021-05-24,644.65,640.0,4.0,0.05,2021-05-27,4289.149150701932,1085.8605444815016,0,False,0,15197.7,15100.0,0.1,55.0,0,46.059601123854264,2528.672101699599,No SL Hit
ICICIBANK.EQ-NSE,2021-06-21,630.5,620.0,2.85,0.05,2021-06-24,3108.6439333862013,1110.2299762093576,0,False,0,15746.5,15650.0,0.05,48.3,0,44.45432318292954,2144.9210935763504,No SL Hit
ICICIBANK.EQ-NSE,2021-07-26,676.5,670.0,3.95,0.1,2021-07-29,3983.739837398374,1034.7376201034738,0,False,0,15824.45,15750.0,0.05,41.0,0,44.23534467232668,1811.4373643317779,No SL Hit
ICICIBANK.EQ-NSE,2021-08-23,682.5,670.0,1.75,0.05,2021-08-26,1743.5897435897434,1025.6410256410256,0,False,0,16496.45,16400.0,0.05,45.2,0,42.43337202852735,1915.8667470880102,No SL Hit
ICICIBANK.EQ-NSE,2021-09-27,729.8,720.0,2.6,7.800000000000001,2021-09-28,-4987.667854206634,959.166895039737,0,False,0,17855.1,17750.0,198.0,54.6,0,39.20448499308321,-5621.923148008133,Intraday SL Hit
ICICIBANK.EQ-NSE,2021-10-25,846.75,840.0,10.0,30.0,2021-10-28,-16533.8057277827,826.6902863891349,0,False,0,18125.4,18050.0,200.0,79.0,0,38.619837355313535,-4673.000319992938,Intraday SL Hit
ICICIBANK.EQ-NSE,2021-11-22,756.35,750.0,6.45,19.35,2021-11-23,-11938.91716797779,925.497454881999,0,False,0,17416.55,17350.0,176.2,71.15,0,40.191656786217706,-4222.133545392169,Intraday SL Hit
ICICIBANK.EQ-NSE,2021-12-27,736.5,730.0,4.4,0.05,2021-12-30,4134.419551934827,950.4412763068567,0,False,0,17086.25,17000.0,0.05,70.25,0,40.96861511449265,2875.996781037384,No SL Hit
ICICIBANK.EQ-NSE,2022-01-24,792.0,780.0,6.75,0.05,2022-01-27,5921.717171717172,883.8383838383838,0,False,0,17149.1,17050.0,0.05,123.5,0,40.81846860768204,5039.039949618348,No SL Hit
ICICIBANK.EQ-NSE,2022-02-21,754.85,750.0,6.9,20.700000000000003,2022-02-24,-12797.244485659405,927.3365569318407,0,False,0,17206.65,17100.0,869.8,101.0,0,40.68194564310891,-31276.27981042213,Intraday SL Hit
ICICIBANK.EQ-NSE,2022-03-28,710.5,700.0,3.2,0.05,2022-03-31,3103.4482758620693,985.2216748768473,0,False,0,17222.0,17150.0,0.05,79.0,0,40.64568575078388,3208.9768900243876,No SL Hit
ICICIBANK.EQ-NSE,2022-04-25,754.95,750.0,8.0,3.0,2022-04-28,4636.068613815484,927.2137227630968,0,False,0,16953.95,16850.0,0.05,85.3,0,41.28831334290829,3519.8287124829317,No SL Hit
ICICIBANK.EQ-NSE,2022-05-23,709.75,700.0,4.0,0.05,2022-05-26,3895.73793589292,986.2627685804861,0,False,0,16214.7,16150.0,0.05,151.35,0,43.17070312740908,6531.727383176993,No SL Hit
ICICIBANK.EQ-NSE,2022-06-27,718.25,710.0,4.05,3.5,2022-06-30,536.0250609119386,974.5910198398886,0,False,0,15832.05,15750.0,0.05,87.0,0,44.21410998575674,3844.4168632615488,No SL Hit
ICICIBANK.EQ-NSE,2022-07-25,800.0,790.0,4.7,0.05,2022-07-28,4068.7500000000005,875.0,0,False,0,16631.0,16550.0,0.05,72.55,0,42.09007275569719,3051.5302747880464,No SL Hit
ICICIBANK.EQ-NSE,2022-08-22,854.0,850.0,5.8,0.05,2022-08-25,4713.114754098361,819.672131147541,0,False,0,17490.7,17400.0,0.05,67.4,0,40.02126844551676,2695.432429805554,No SL Hit
ICICIBANK.EQ-NSE,2022-09-26,861.0,850.0,5.35,7.5,2022-09-29,-1747.967479674797,813.0081300813008,0,False,0,17016.3,16900.0,81.45,85.0,0,41.137027438397304,146.03644740631032,No SL Hit
ICICIBANK.EQ-NSE,2022-10-25,925.3,920.0,3.0,0.1,2022-10-27,2193.8830649519077,756.5114017075543,0,False,0,17656.35,17550.0,0.05,32.0,0,39.64579315656974,1266.6830913524032,No SL Hit
ICICIBANK.EQ-NSE,2022-11-21,921.9,910.0,2.5,0.05,2022-11-24,1860.288534548216,759.3014426727411,0,False,0,18159.95,18050.0,0.05,30.0,0,38.54636163645825,1154.4635310119245,No SL Hit
ICICIBANK.EQ-NSE,2022-12-26,893.5,890.0,5.0,0.05,2022-12-29,3878.007834359262,783.4359261331841,0,False,0,18014.6,17900.0,0.05,56.0,0,38.85737124332486,2174.0699210640264,No SL Hit
ICICIBANK.EQ-NSE,2023-01-23,869.95,860.0,3.25,9.75,2023-01-25,-5230.185642853037,804.6439450543135,0,False,0,18118.55,18000.0,160.8,18.8,0,38.63443818627871,-5486.090222451577,Intraday SL Hit
ICICIBANK.EQ-NSE,2023-02-20,853.15,850.0,5.0,15.0,2023-02-23,-8204.88776885659,820.488776885659,0,False,0,17844.6,17750.0,290.05,40.0,0,39.22755343353172,-9808.849736054606,Intraday SL Hit
ICICIBANK.EQ-NSE,2023-03-27,845.7,840.0,2.8,0.1,2023-03-29,2234.835047889322,827.7166844034527,0,False,0,16985.7,16900.0,0.05,35.45,0,41.21113642652349,1458.8742294989318,No SL Hit
ICICIBANK.EQ-NSE,2023-04-24,905.3,900.0,3.35,0.05,2023-04-27,2551.6403402187125,773.2243455208219,0,False,0,17743.4,17650.0,0.05,24.3,0,39.45128892996832,956.6937565517318,No SL Hit
ICICIBANK.EQ-NSE,2023-05-22,948.5,940.0,2.3,6.8999999999999995,2023-05-25,-3394.833948339483,738.0073800738007,0,False,0,18314.4,18250.0,55.0,42.15,0,38.22129035076224,-491.1435810072948,Intraday SL Hit
ICICIBANK.EQ-NSE,2023-06-26,927.0,920.0,3.0,0.05,2023-06-28,2227.615965480043,755.1240560949299,0,False,0,18691.2,18650.0,0.05,38.6,0,37.450778976202706,1443.7275295326144,No SL Hit
ICICIBANK.EQ-NSE,2023-07-24,991.95,990.0,7.2,0.05,2023-07-27,5045.617218609809,705.6807298754977,0,False,0,19672.35,19600.0,0.05,51.7,0,35.58293747315395,1837.8587204884016,No SL Hit
ICICIBANK.EQ-NSE,2023-08-28,971.4,970.0,4.35,13.049999999999999,2023-08-30,-6269.302038295244,720.6094296891085,0,False,0,19306.05,19250.0,17.9,42.3,0,36.25806418195333,884.6967660396612,Intraday SL Hit
ICICIBANK.EQ-NSE,2023-09-25,956.7,950.0,3.65,10.95,2023-09-27,-5341.27730741089,731.6818229329988,0,False,0,19674.55,19600.0,95.0,35.55,0,35.57895860388167,-2115.1690890007653,Intraday SL Hit
ICICIBANK.EQ-NSE,2023-10-23,931.1,925.0,4.95,14.850000000000001,2023-10-25,-7442.80958006659,751.7989474814735,0,False,0,19281.75,19250.0,200.25,81.0,0,36.30375873559195,-4329.22322921934,Intraday SL Hit
ICICIBANK.EQ-NSE,2023-11-28,930.1,925.0,2.65,0.05,2023-11-30,1956.7788409848401,752.6072465326308,0,False,0,19889.7,19850.0,0.05,23.6,0,35.19409543633137,828.8209475256037,No SL Hit
ICICIBANK.EQ-NSE,2023-12-26,995.95,990.0,4.35,0.05,2023-12-28,3022.2400722927855,702.8465284401827,0,False,0,21441.35,21400.0,0.2,49.55,0,32.647198054227,1611.1392239761021,No SL Hit
ICICIBANK.EQ-NSE,2024-01-23,1027.9,1025.0,9.1,27.299999999999997,2024-01-24,-12394.201770600248,681.0000972857281,0,False,0,21238.8,21200.0,150.0,111.0,0,32.9585475638925,-1285.3833549918077,Intraday SL Hit
ICICIBANK.EQ-NSE,2024-02-26,1053.75,1050.0,7.15,0.05,2024-02-29,4716.488730723607,664.2941874258601,0,False,0,22122.05,22050.0,67.1,91.35,0,31.642637097375697,767.3339496113607,No SL Hit
ICICIBANK.EQ-NSE,2024-03-26,1083.4,1080.0,5.95,0.05,2024-03-28,3812.0731031936493,646.1140852870592,0,False,0,22004.7,21950.0,0.05,42.55,0,31.81138574940808,1351.9838943498432,No SL Hit
ICICIBANK.EQ-NSE,2024-04-22,1087.45,1080.0,4.1,0.05,2024-04-25,2607.016414547795,643.707756678468,0,False,0,22336.4,22250.0,0.15,56.75,0,31.338980319120356,1773.7862860622122,No SL Hit
ICICIBANK.EQ-NSE,2024-05-27,1129.55,1120.0,3.1,9.3,2024-05-29,-3842.2380594041883,619.7158160329335,0,False,0,22932.45,22850.0,182.6,71.05,0,30.524431536970535,-3405.000337949063,Intraday SL Hit
ICICIBANK.EQ-NSE,2024-06-24,1169.5,1160.0,4.6,0.05,2024-06-27,2723.3860624198373,598.5463873450192,0,False,0,23537.85,23450.0,0.1,73.5,0,29.739334731082067,2182.867169261424,No SL Hit
HINDUNILVR.EQ-NSE,2019-01-28,1746.0,1720.0,3.3,9.899999999999999,2019-01-29,-2646.0481099656354,400.9163802978236,0,False,0,10661.55,10600.0,71.65,42.0,0,65.65649459975333,-1946.7150648826866,Intraday SL Hit
HINDUNILVR.EQ-NSE,2019-02-25,1771.5,1760.0,7.3,21.9,2019-02-27,-5769.122212813998,395.14535704205474,0,False,0,10880.1,10850.0,134.8,36.5,0,64.33764395547834,-6324.390400823521,Intraday SL Hit
HINDUNILVR.EQ-NSE,2019-03-25,1676.0,1660.0,6.0,0.05,2019-03-28,2485.0835322195708,417.66109785202866,0,False,0,11354.25,11300.0,0.1,30.35,0,61.650923662945594,1864.9404408041041,No SL Hit
HINDUNILVR.EQ-NSE,2019-04-22,1738.8,1720.0,3.5,0.25,2019-04-25,1308.3735909822867,402.5764895330113,0,False,0,11594.45,11550.0,0.05,32.05,0,60.3737132852356,1931.958825127539,No SL Hit
HINDUNILVR.EQ-NSE,2019-05-27,1770.0,1760.0,9.95,0.2,2019-05-30,3855.9322033898306,395.48022598870057,0,False,0,11924.75,11900.0,0.05,60.65,0,58.701440281766914,3557.307281075075,No SL Hit
HINDUNILVR.EQ-NSE,2019-06-24,1769.85,1760.0,7.65,0.15,2019-06-27,2966.353080769557,395.5137441026076,0,False,0,11699.65,11650.0,0.05,36.0,0,59.83084964080122,2150.919044586804,No SL Hit
HINDUNILVR.EQ-NSE,2019-07-22,1684.7,1660.0,14.15,0.05,2019-07-25,5858.609841514809,415.5042440790645,0,False,0,11346.2,11300.0,40.0,36.5,0,61.694664292891005,-215.93132502511853,No SL Hit
HINDUNILVR.EQ-NSE,2019-08-26,1882.35,1860.0,6.5,19.5,2019-08-27,-4834.38255372274,371.87558105559543,0,False,0,11057.85,11000.0,63.1,56.3,0,63.30344506391387,-430.4634264346146,Intraday SL Hit
HINDUNILVR.EQ-NSE,2019-09-23,2043.7,2020.0,16.5,0.25,2019-09-26,5565.885403924254,342.5160248568772,0,False,0,11600.2,11550.0,0.05,72.0,0,60.34378717608317,4341.735487319184,No SL Hit
HINDUNILVR.EQ-NSE,2019-10-29,2163.0,2140.0,8.8,0.35,2019-10-31,2734.6278317152105,323.62459546925567,0,False,0,11786.85,11750.0,0.05,32.75,0,59.388216529437464,1941.9946805126053,No SL Hit
HINDUNILVR.EQ-NSE,2019-11-25,2057.8999,2040.0,11.2,0.05,2019-11-28,3792.7014817387376,340.15259925907964,0,False,0,12073.75,12000.0,0.05,25.75,0,57.97701625427063,1490.009317734755,No SL Hit
HINDUNILVR.EQ-NSE,2019-12-23,1950.0,1940.0,8.15,0.7,2019-12-26,2674.358974358974,358.97435897435895,0,False,0,12262.75,12200.0,73.35,15.6,0,57.08344376261442,-3296.5688772909825,No SL Hit
HINDUNILVR.EQ-NSE,2020-01-27,2062.95,2060.0,11.55,3.0,2020-01-30,2901.1851959572464,339.3199059599118,0,False,0,12119.0,12050.0,14.3,38.0,0,57.760541298787025,1368.9248287812525,No SL Hit
HINDUNILVR.EQ-NSE,2020-02-24,2216.95,2200.0,9.65,0.1,2020-02-27,3015.4040460993715,315.7491147748033,0,False,0,11829.4,11800.0,166.75,76.0,0,59.17459888075473,-5370.094848428492,No SL Hit
HINDUNILVR.EQ-NSE,2020-03-23,1868.85,1860.0,65.65,0.5,2020-03-26,24402.707547422215,374.5618963533724,0,False,0,7610.25,7550.0,0.05,336.5,0,91.98120955290563,30947.077954075095,No SL Hit
HINDUNILVR.EQ-NSE,2020-04-27,2321.3501,2300.0,31.95,95.85,2020-04-30,-19268.959042412425,301.5486548108361,0,False,0,9282.3,9200.0,1.2,80.0,0,75.41234392338106,5942.492701162427,Intraday SL Hit
HINDUNILVR.EQ-NSE,2020-05-26,1979.5,1960.0,9.75,0.05,2020-05-28,3430.1591310937106,353.6246526900733,0,False,0,9029.05,8950.0,0.05,41.55,0,77.52753611952532,3217.392748960301,No SL Hit
HINDUNILVR.EQ-NSE,2020-06-22,2101.0,2080.0,16.85,0.1,2020-06-25,5580.675868633984,333.17467872441694,0,False,0,10311.2,10200.0,0.05,65.85,0,67.88734579874311,4466.987353557297,No SL Hit
HINDUNILVR.EQ-NSE,2020-07-27,2221.0,2200.0,18.05,12.0,2020-07-30,1906.798739306619,315.173345339937,0,False,0,11131.8,11000.0,0.05,49.0,0,62.88291201782282,3078.118543272427,No SL Hit
HINDUNILVR.EQ-NSE,2020-08-24,2195.8999,2180.0,9.7,0.8,2020-08-27,2837.1056440232082,318.7759150587875,0,False,0,11466.45,11350.0,0.05,32.05,0,61.047665144835584,1953.5252846347385,No SL Hit
HINDUNILVR.EQ-NSE,2020-09-21,2035.0,2020.0,14.95,0.1,2020-09-24,5108.108108108108,343.980343980344,0,False,0,11250.55,11150.0,344.05,75.1,0,62.21918039562511,-16733.848567403376,No SL Hit
HINDUNILVR.EQ-NSE,2020-10-26,2168.5,2140.0,12.3,19.0,2020-10-29,-2162.7853354853582,322.80378141572515,0,False,0,11767.75,11650.0,0.05,46.05,0,59.484608357587476,2736.291984449024,No SL Hit
HINDUNILVR.EQ-NSE,2020-11-23,2132.0,2100.0,7.45,0.15,2020-11-26,2396.810506566604,328.3302063789869,0,False,0,12926.45,12800.0,0.05,40.3,0,54.152532211086566,2179.6394214962343,No SL Hit
HINDUNILVR.EQ-NSE,2020-12-28,2392.0,2360.0,7.65,0.1,2020-12-31,2209.448160535117,292.6421404682274,0,False,0,13873.2,13750.0,0.05,39.0,0,50.45699622293342,1965.3000028832569,No SL Hit
HINDUNILVR.EQ-NSE,2021-01-25,2395.1001,2360.0,12.6,37.8,2021-01-27,-7365.036642936132,292.26335884667196,0,False,0,14238.9,14100.0,184.0,41.95,0,49.16110092774021,-6983.334386785497,Intraday SL Hit
HINDUNILVR.EQ-NSE,2021-02-22,2166.45,2140.0,9.15,0.05,2021-02-25,2940.2940294029404,323.1092340003231,0,False,0,14675.7,14550.0,0.05,87.5,0,47.697895160026434,4171.180931744312,No SL Hit
HINDUNILVR.EQ-NSE,2021-03-22,2352.0,2320.0,9.9,29.700000000000003,2021-03-25,-5892.857142857144,297.6190476190476,0,False,0,14736.4,14600.0,341.55,73.45,0,47.501425042751286,-12735.13205396162,Intraday SL Hit
HINDUNILVR.EQ-NSE,2021-04-26,2367.7,2360.0,23.0,0.05,2021-04-29,6785.065675550113,295.64556320479795,0,False,0,14485.0,14400.0,0.05,97.65,0,48.32585433206766,4716.603382809803,No SL Hit
HINDUNILVR.EQ-NSE,2021-05-24,2337.5,2320.0,8.55,0.1,2021-05-27,2530.48128342246,299.4652406417112,0,False,0,15197.7,15100.0,0.1,55.0,0,46.059601123854264,2528.672101699599,No SL Hit
HINDUNILVR.EQ-NSE,2021-06-21,2506.1499,2480.0,9.0,27.0,2021-06-23,-5027.632225829749,279.31290143498603,0,False,0,15746.5,15650.0,46.55,48.3,0,44.45432318292954,77.7950655701267,Intraday SL Hit
HINDUNILVR.EQ-NSE,2021-07-26,2350.75,2340.0,6.5,11.0,2021-07-29,-1339.997873019249,297.7773051153887,0,False,0,15824.45,15750.0,0.05,41.0,0,44.23534467232668,1811.4373643317779,No SL Hit
HINDUNILVR.EQ-NSE,2021-08-23,2630.0,2620.0,20.05,0.1,2021-08-26,5309.885931558935,266.1596958174905,0,False,0,16496.45,16400.0,0.05,45.2,0,42.43337202852735,1915.8667470880102,No SL Hit
HINDUNILVR.EQ-NSE,2021-09-27,2718.0,2700.0,15.85,6.0,2021-09-30,2536.791758646063,257.54231052244296,0,False,0,17855.1,17750.0,132.75,54.6,0,39.20448499308321,-3063.8305022094532,No SL Hit
HINDUNILVR.EQ-NSE,2021-10-25,2460.0,2440.0,17.3,51.900000000000006,2021-10-28,-9845.528455284555,284.5528455284553,0,False,0,18125.4,18050.0,200.0,79.0,0,38.619837355313535,-4673.000319992938,Intraday SL Hit
HINDUNILVR.EQ-NSE,2021-11-22,2388.0,2380.0,13.5,40.5,2021-11-23,-7914.572864321608,293.1323283082077,0,False,0,17416.55,17350.0,176.2,71.15,0,40.191656786217706,-4222.133545392169,Intraday SL Hit
HINDUNILVR.EQ-NSE,2021-12-27,2303.95,2280.0,7.5,0.05,2021-12-30,2263.5039822912822,303.8260378914473,0,False,0,17086.25,17000.0,0.05,70.25,0,40.96861511449265,2875.996781037384,No SL Hit
HINDUNILVR.EQ-NSE,2022-01-24,2282.0,2260.0,12.0,0.05,2022-01-27,3665.644171779141,306.7484662576687,0,False,0,17149.1,17050.0,0.05,123.5,0,40.81846860768204,5039.039949618348,No SL Hit
HINDUNILVR.EQ-NSE,2022-02-21,2290.0,2280.0,9.25,27.75,2022-02-22,-5655.021834061135,305.6768558951965,0,False,0,17206.65,17100.0,316.55,101.0,0,40.68194564310891,-8768.993383372126,Intraday SL Hit
HINDUNILVR.EQ-NSE,2022-03-28,1979.25,1960.0,16.3,0.05,2022-03-31,5747.126436781609,353.6693191865606,0,False,0,17222.0,17150.0,0.05,79.0,0,40.64568575078388,3208.9768900243876,No SL Hit
HINDUNILVR.EQ-NSE,2022-04-25,2106.25,2100.0,27.0,0.05,2022-04-28,8956.6765578635,332.3442136498516,0,False,0,16953.95,16850.0,0.05,85.3,0,41.28831334290829,3519.8287124829317,No SL Hit
HINDUNILVR.EQ-NSE,2022-05-23,2380.0,2360.0,15.6,46.8,2022-05-24,-9176.470588235294,294.11764705882354,0,False,0,16214.7,16150.0,192.2,151.35,0,43.17070312740908,-1763.5232227546605,Intraday SL Hit
HINDUNILVR.EQ-NSE,2022-06-27,2325.0,2300.0,8.35,25.049999999999997,2022-06-28,-5027.95698924731,301.0752688172043,0,False,0,15832.05,15750.0,135.0,87.0,0,44.21410998575674,-2122.2772793163235,Intraday SL Hit
HINDUNILVR.EQ-NSE,2022-07-25,2617.0,2600.0,13.05,39.150000000000006,2022-07-26,-6981.276270538786,267.48184944593044,0,False,0,16631.0,16550.0,129.0,72.55,0,42.09007275569719,-2375.9846070591066,Intraday SL Hit
HINDUNILVR.EQ-NSE,2022-08-22,2624.7,2600.0,11.15,33.45,2022-08-24,-5947.346363393914,266.6971463405342,0,False,0,17490.7,17400.0,49.8,67.4,0,40.02126844551676,704.3743246410953,Intraday SL Hit
HINDUNILVR.EQ-NSE,2022-09-26,2668.8999,2640.0,12.95,0.05,2022-09-29,3383.416515546349,262.28035004235267,0,False,0,17016.3,16900.0,81.45,85.0,0,41.137027438397304,146.03644740631032,No SL Hit
HINDUNILVR.EQ-NSE,2022-10-25,2503.05,2480.0,7.0,0.1,2022-10-27,1929.6458320848567,279.6588162441821,0,False,0,17656.35,17550.0,0.05,32.0,0,39.64579315656974,1266.6830913524032,No SL Hit
HINDUNILVR.EQ-NSE,2022-11-21,2502.8999,2480.0,6.1,0.05,2022-11-24,1692.0373044083785,279.6755875055171,0,False,0,18159.95,18050.0,0.05,30.0,0,38.54636163645825,1154.4635310119245,No SL Hit
HINDUNILVR.EQ-NSE,2022-12-26,2617.55,2600.0,10.6,37.95,2022-12-29,-7314.091421367309,267.42564611946284,0,False,0,18014.6,17900.0,10.3,56.0,0,38.85737124332486,1775.7818658199465,Overnight SL Hit
HINDUNILVR.EQ-NSE,2023-01-23,2595.7,2580.0,7.55,0.15,2023-01-25,1995.6081211233964,269.6767731247833,0,False,0,18118.55,18000.0,108.0,18.8,0,38.63443818627871,-3446.191886216061,No SL Hit
HINDUNILVR.EQ-NSE,2023-02-20,2511.75,2500.0,13.3,18.0,2023-02-23,-1309.843734448094,278.69015626555193,0,False,0,17844.6,17750.0,239.15,40.0,0,39.22755343353172,-7812.167266287842,No SL Hit
HINDUNILVR.EQ-NSE,2023-03-27,2490.8,2480.0,6.4,0.05,2023-03-29,1784.5672073229482,281.03420587762963,0,False,0,16985.7,16900.0,0.05,35.45,0,41.21113642652349,1458.8742294989318,No SL Hit
HINDUNILVR.EQ-NSE,2023-04-24,2500.6001,2480.0,8.0,24.0,2023-04-27,-4478.924878872075,279.9328049295047,0,False,0,17743.4,17650.0,4.05,24.3,0,39.45128892996832,798.8886008318585,Intraday SL Hit
HINDUNILVR.EQ-NSE,2023-05-22,2637.0,2620.0,8.75,26.25,2023-05-25,-4645.430413348502,265.45316647705727,0,False,0,18314.4,18250.0,55.0,42.15,0,38.22129035076224,-491.1435810072948,Intraday SL Hit
HINDUNILVR.EQ-NSE,2023-06-26,2653.7,2640.0,11.2,0.2,2023-06-28,2901.609074122923,263.7826431020839,0,False,0,18691.2,18650.0,0.05,38.6,0,37.450778976202706,1443.7275295326144,No SL Hit
HINDUNILVR.EQ-NSE,2023-07-24,2580.0,2560.0,7.5,0.2,2023-07-27,1980.6201550387595,271.3178294573643,0,False,0,19672.35,19600.0,0.05,51.7,0,35.58293747315395,1837.8587204884016,No SL Hit
HINDUNILVR.EQ-NSE,2023-08-28,2552.0,2540.0,8.85,26.549999999999997,2023-08-29,-4855.01567398119,274.294670846395,0,False,0,19306.05,19250.0,36.6,42.3,0,36.25806418195333,206.67096583713382,Intraday SL Hit
HINDUNILVR.EQ-NSE,2023-09-25,2479.2,2460.0,6.35,19.049999999999997,2023-09-28,-3585.8341400451754,282.34914488544695,0,False,0,19674.55,19600.0,96.5,35.55,0,35.57895860388167,-2168.5375269065876,Intraday SL Hit
HINDUNILVR.EQ-NSE,2023-10-23,2485.5,2480.0,5.5,16.5,2023-10-25,-3097.9682156507747,281.6334741500704,0,False,0,19281.75,19250.0,200.25,81.0,0,36.30375873559195,-4329.22322921934,Intraday SL Hit
HINDUNILVR.EQ-NSE,2023-11-28,2500.0,2480.0,0.85,0.1,2023-11-30,210.0,280.0,0,False,0,19889.7,19850.0,0.05,23.6,0,35.19409543633137,828.8209475256037,No SL Hit
HINDUNILVR.EQ-NSE,2023-12-26,2590.5,2580.0,8.1,0.15,2023-12-28,2148.233931673422,270.2181046130091,0,False,0,21441.35,21400.0,0.2,49.55,0,32.647198054227,1611.1392239761021,No SL Hit
HINDUNILVR.EQ-NSE,2024-01-23,2373.8,2360.0,12.3,0.05,2024-01-25,3612.3515039177687,294.88583705451174,0,False,0,21238.8,21200.0,0.05,111.0,0,32.9585475638925,3656.7508522138733,No SL Hit
HINDUNILVR.EQ-NSE,2024-02-26,2401.95,2400.0,14.0,0.1,2024-02-29,4050.8753304606676,291.42987988925665,0,False,0,22122.05,22050.0,67.1,91.35,0,31.642637097375697,767.3339496113607,No SL Hit
HINDUNILVR.EQ-NSE,2024-03-26,2245.0,2240.0,9.0,0.1,2024-03-28,2775.055679287305,311.80400890868594,0,False,0,22004.7,21950.0,0.05,42.55,0,31.81138574940808,1351.9838943498432,No SL Hit
HINDUNILVR.EQ-NSE,2024-04-22,2245.95,2240.0,15.6,11.9,2024-04-25,1153.1868474364967,311.67212092878293,0,False,0,22336.4,22250.0,0.15,56.75,0,31.338980319120356,1773.7862860622122,No SL Hit
HINDUNILVR.EQ-NSE,2024-05-27,2382.25,2380.0,10.05,30.150000000000002,2024-05-30,-5906.181131283451,293.8398572777836,0,False,0,22932.45,22850.0,436.8,71.05,0,30.524431536970535,-11164.310834646973,Intraday SL Hit
HINDUNILVR.EQ-NSE,2024-06-24,2438.55,2420.0,9.45,0.05,2024-06-27,2698.324824178302,287.0558323593939,0,False,0,23537.85,23450.0,0.1,73.5,0,29.739334731082067,2182.867169261424,No SL Hit
KOTAKBANK.EQ-NSE,2019-01-28,1259.95,1240.0,7.25,21.75,2019-01-30,-8055.875233144173,555.577602285805,0,False,0,10661.55,10600.0,45.1,42.0,0,65.65649459975333,-203.5351332592354,Intraday SL Hit
KOTAKBANK.EQ-NSE,2019-02-25,1238.6,1220.0,6.15,5.1,2019-02-28,593.4119166801231,565.1542063620217,0,False,0,10880.1,10850.0,47.0,36.5,0,64.33764395547834,-675.5452615325225,No SL Hit
KOTAKBANK.EQ-NSE,2019-03-25,1308.0,1300.0,5.7,0.1,2019-03-28,2996.941896024465,535.1681957186545,0,False,0,11354.25,11300.0,0.1,30.35,0,61.650923662945594,1864.9404408041041,No SL Hit
KOTAKBANK.EQ-NSE,2019-04-22,1350.55,1340.0,7.85,0.05,2019-04-25,4042.797378845655,518.3073562622635,0,False,0,11594.45,11550.0,0.05,32.05,0,60.3737132852356,1931.958825127539,No SL Hit
KOTAKBANK.EQ-NSE,2019-05-27,1530.1,1520.0,11.95,0.1,2019-05-30,5421.214299718972,457.48643879485,0,False,0,11924.75,11900.0,0.05,60.65,0,58.701440281766914,3557.307281075075,No SL Hit
KOTAKBANK.EQ-NSE,2019-06-24,1473.1,1460.0,7.55,0.05,2019-06-27,3563.9128368746183,475.1883782499491,0,False,0,11699.65,11650.0,0.05,36.0,0,59.83084964080122,2150.919044586804,No SL Hit
KOTAKBANK.EQ-NSE,2019-07-22,1444.9,1440.0,30.0,0.05,2019-07-25,14509.654647380441,484.46259256695964,0,False,0,11346.2,11300.0,40.0,36.5,0,61.694664292891005,-215.93132502511853,No SL Hit
KOTAKBANK.EQ-NSE,2019-08-26,1515.0,1500.0,13.8,41.400000000000006,2019-08-29,-12752.475247524755,462.04620462046205,0,False,0,11057.85,11000.0,85.4,56.3,0,63.30344506391387,-1842.1302513598941,Intraday SL Hit
KOTAKBANK.EQ-NSE,2019-09-23,1635.0,1620.0,24.5,0.05,2019-09-26,10467.88990825688,428.1345565749235,0,False,0,11600.2,11550.0,0.05,72.0,0,60.34378717608317,4341.735487319184,No SL Hit
KOTAKBANK.EQ-NSE,2019-10-29,1573.8,1560.0,7.5,0.05,2019-10-31,3313.6357859956797,444.78332697928585,0,False,0,11786.85,11750.0,0.05,32.75,0,59.388216529437464,1941.9946805126053,No SL Hit
KOTAKBANK.EQ-NSE,2019-11-25,1600.05,1580.0,6.7,0.1,2019-11-28,2887.4097684447365,437.48632855223275,0,False,0,12073.75,12000.0,0.05,25.75,0,57.97701625427063,1490.009317734755,No SL Hit
KOTAKBANK.EQ-NSE,2019-12-23,1702.4,1680.0,4.9,0.05,2019-12-26,1994.2434210526317,411.1842105263158,0,False,0,12262.75,12200.0,73.35,15.6,0,57.08344376261442,-3296.5688772909825,No SL Hit
KOTAKBANK.EQ-NSE,2020-01-27,1617.0,1600.0,5.5,0.1,2020-01-30,2337.662337662338,432.9004329004329,0,False,0,12119.0,12050.0,14.3,38.0,0,57.760541298787025,1368.9248287812525,No SL Hit
KOTAKBANK.EQ-NSE,2020-02-24,1679.4,1660.0,7.05,0.05,2020-02-27,2917.7087054900558,416.8155293557223,0,False,0,11829.4,11800.0,166.75,76.0,0,59.17459888075473,-5370.094848428492,No SL Hit
KOTAKBANK.EQ-NSE,2020-03-23,1119.0,1100.0,60.0,0.05,2020-03-26,37502.23413762288,625.5585344057193,0,False,0,7610.25,7550.0,0.05,336.5,0,91.98120955290563,30947.077954075095,No SL Hit
KOTAKBANK.EQ-NSE,2020-04-27,1308.05,1300.0,29.6,0.05,2020-04-30,15813.61568747372,535.1477390008027,0,False,0,9282.3,9200.0,0.05,80.0,0,75.41234392338106,6029.216896674316,No SL Hit
KOTAKBANK.EQ-NSE,2020-05-26,1154.0,1140.0,9.95,0.05,2020-05-28,6005.199306759097,606.5857885615251,0,False,0,9029.05,8950.0,0.05,41.55,0,77.52753611952532,3217.392748960301,No SL Hit
KOTAKBANK.EQ-NSE,2020-06-22,1358.0,1340.0,17.0,0.05,2020-06-25,8737.113402061856,515.4639175257732,0,False,0,10311.2,10200.0,0.05,65.85,0,67.88734579874311,4466.987353557297,No SL Hit
KOTAKBANK.EQ-NSE,2020-07-27,1321.5,1300.0,14.5,0.05,2020-07-30,7654.180855088914,529.7010972379871,0,False,0,11131.8,11000.0,0.05,49.0,0,62.88291201782282,3078.118543272427,No SL Hit
KOTAKBANK.EQ-NSE,2020-08-24,1386.1,1360.0,7.9,0.05,2020-08-27,3964.3604357549966,505.0140682490441,0,False,0,11466.45,11350.0,0.05,32.05,0,61.047665144835584,1953.5252846347385,No SL Hit
KOTAKBANK.EQ-NSE,2020-09-21,1281.85,1260.0,12.45,22.0,2020-09-24,-5215.118773647463,546.0857354604673,0,False,0,11250.55,11150.0,344.05,75.1,0,62.21918039562511,-16733.848567403376,No SL Hit
KOTAKBANK.EQ-NSE,2020-10-26,1411.0,1400.0,17.6,0.05,2020-10-29,8706.591070163005,496.10205527994333,0,False,0,11767.75,11650.0,0.05,46.05,0,59.484608357587476,2736.291984449024,No SL Hit
KOTAKBANK.EQ-NSE,2020-11-23,1895.0,1860.0,15.85,0.05,2020-11-26,5836.41160949868,369.39313984168865,0,False,0,12926.45,12800.0,0.05,40.3,0,54.152532211086566,2179.6394214962343,No SL Hit
KOTAKBANK.EQ-NSE,2020-12-28,1992.8,1960.0,10.0,0.05,2020-12-31,3495.0822962665598,351.264552388599,0,False,0,13873.2,13750.0,0.05,39.0,0,50.45699622293342,1965.3000028832569,No SL Hit
KOTAKBANK.EQ-NSE,2021-01-25,1793.0,1760.0,13.0,39.0,2021-01-28,-10150.585610708311,390.40713887339655,0,False,0,14238.9,14100.0,397.2,41.95,0,49.16110092774021,-17464.48110457971,Intraday SL Hit
KOTAKBANK.EQ-NSE,2021-02-22,1939.25,1920.0,18.5,55.5,2021-02-23,-13355.678741781616,360.96429031842206,0,False,0,14675.7,14550.0,77.35,87.5,0,47.697895160026434,484.1336358742686,Intraday SL Hit
KOTAKBANK.EQ-NSE,2021-03-22,1825.0,1800.0,14.2,42.599999999999994,2021-03-25,-10893.150684931505,383.56164383561645,0,False,0,14736.4,14600.0,341.55,73.45,0,47.501425042751286,-12735.13205396162,Intraday SL Hit
KOTAKBANK.EQ-NSE,2021-04-26,1761.85,1740.0,14.5,0.05,2021-04-29,5741.124386298493,397.3096461106224,0,False,0,14485.0,14400.0,0.05,97.65,0,48.32585433206766,4716.603382809803,No SL Hit
KOTAKBANK.EQ-NSE,2021-05-24,1748.1,1720.0,6.3,0.1,2021-05-27,2482.6954979692237,400.43475773697156,0,False,0,15197.7,15100.0,0.1,55.0,0,46.059601123854264,2528.672101699599,No SL Hit
KOTAKBANK.EQ-NSE,2021-06-21,1776.85,1760.0,10.3,30.900000000000002,2021-06-23,-8115.485268874694,393.95559557644145,0,False,0,15746.5,15650.0,46.55,48.3,0,44.45432318292954,77.7950655701267,Intraday SL Hit
KOTAKBANK.EQ-NSE,2021-07-26,1739.65,1720.0,8.1,24.299999999999997,2021-07-27,-6518.552582416001,402.37978903802485,0,False,0,15824.45,15750.0,98.75,41.0,0,44.23534467232668,-2554.591154826866,Intraday SL Hit
KOTAKBANK.EQ-NSE,2021-08-23,1715.1,1700.0,7.4,2.9,2021-08-26,1836.6276018891028,408.1394670864673,0,False,0,16496.45,16400.0,0.05,45.2,0,42.43337202852735,1915.8667470880102,No SL Hit
KOTAKBANK.EQ-NSE,2021-09-27,2034.85,2020.0,21.6,20.0,2021-09-30,550.4091210654353,344.00570066589677,0,False,0,17855.1,17750.0,132.75,54.6,0,39.20448499308321,-3063.8305022094532,No SL Hit
KOTAKBANK.EQ-NSE,2021-10-25,2151.0,2140.0,43.2,40.25,2021-10-28,960.0185960018606,325.4300325430033,0,False,0,18125.4,18050.0,191.0,79.0,0,38.619837355313535,-4325.421783795116,No SL Hit
KOTAKBANK.EQ-NSE,2021-11-22,1962.0,1940.0,12.5,0.05,2021-11-25,4441.8960244648315,356.7787971457696,0,False,0,17416.55,17350.0,0.05,71.15,0,40.191656786217706,2857.626797500079,No SL Hit
KOTAKBANK.EQ-NSE,2021-12-27,1773.5,1760.0,14.0,0.05,2021-12-30,5506.061460389061,394.69974626444883,0,False,0,17086.25,17000.0,0.05,70.25,0,40.96861511449265,2875.996781037384,No SL Hit
KOTAKBANK.EQ-NSE,2022-01-24,1824.5,1800.0,9.5,0.05,2022-01-27,3625.650863250205,383.66675801589474,0,False,0,17149.1,17050.0,0.05,123.5,0,40.81846860768204,5039.039949618348,No SL Hit
KOTAKBANK.EQ-NSE,2022-02-21,1831.8,1820.0,16.85,42.0,2022-02-24,-9610.765367398188,382.1377879681188,0,False,0,17206.65,17100.0,852.0,101.0,0,40.68194564310891,-30552.14117797479,No SL Hit
KOTAKBANK.EQ-NSE,2022-03-28,1727.0,1720.0,15.7,0.6,2022-03-31,6120.440069484655,405.3271569195136,0,False,0,17222.0,17150.0,0.05,79.0,0,40.64568575078388,3208.9768900243876,No SL Hit
KOTAKBANK.EQ-NSE,2022-04-25,1728.55,1720.0,14.5,0.1,2022-04-28,5831.477249717972,404.9636978970814,0,False,0,16953.95,16850.0,0.05,85.3,0,41.28831334290829,3519.8287124829317,No SL Hit
KOTAKBANK.EQ-NSE,2022-05-23,1844.8,1820.0,11.05,0.05,2022-05-26,4173.894189071986,379.4449262792715,0,False,0,16214.7,16150.0,0.05,151.35,0,43.17070312740908,6531.727383176993,No SL Hit
KOTAKBANK.EQ-NSE,2022-06-27,1693.5,1680.0,16.15,15.45,2022-06-30,289.34160023619694,413.34514319456747,0,False,0,15832.05,15750.0,0.05,87.0,0,44.21410998575674,3844.4168632615488,No SL Hit
KOTAKBANK.EQ-NSE,2022-07-25,1795.8,1780.0,13.0,39.0,2022-07-27,-10134.758881835394,389.79841853213054,0,False,0,16631.0,16550.0,146.9,72.55,0,42.09007275569719,-3129.3969093860865,Intraday SL Hit
KOTAKBANK.EQ-NSE,2022-08-22,1835.75,1820.0,15.5,0.05,2022-08-25,5891.3250714966625,381.31553860819827,0,False,0,17490.7,17400.0,0.05,67.4,0,40.02126844551676,2695.432429805554,No SL Hit
KOTAKBANK.EQ-NSE,2022-09-26,1830.45,1820.0,17.55,52.650000000000006,2022-09-29,-13422.928788002951,382.4196235898276,0,False,0,17016.3,16900.0,120.25,85.0,0,41.137027438397304,-1450.080217203505,Intraday SL Hit
KOTAKBANK.EQ-NSE,2022-10-25,1844.05,1820.0,2.8,0.05,2022-10-27,1043.8979420297715,379.59925164718965,0,False,0,17656.35,17550.0,0.05,32.0,0,39.64579315656974,1266.6830913524032,No SL Hit
KOTAKBANK.EQ-NSE,2022-11-21,1944.25,1920.0,5.0,0.05,2022-11-24,1782.1782178217823,360.03600360036006,0,False,0,18159.95,18050.0,0.05,30.0,0,38.54636163645825,1154.4635310119245,No SL Hit
KOTAKBANK.EQ-NSE,2022-12-26,1810.85,1800.0,9.4,0.05,2022-12-29,3614.324764613303,386.558798354364,0,False,0,18014.6,17900.0,0.05,56.0,0,38.85737124332486,2174.0699210640264,No SL Hit
KOTAKBANK.EQ-NSE,2023-01-23,1781.5,1760.0,2.6,7.800000000000001,2023-01-24,-2043.2220039292736,392.92730844793715,0,False,0,18118.55,18000.0,18.2,18.8,0,38.63443818627871,23.18066291176728,Intraday SL Hit
KOTAKBANK.EQ-NSE,2023-02-20,1737.0,1720.0,6.25,18.75,2023-02-22,-5037.420840529649,402.9936672423719,0,False,0,17844.6,17750.0,226.9,40.0,0,39.22755343353172,-7331.629736727078,Intraday SL Hit
KOTAKBANK.EQ-NSE,2023-03-27,1700.0,1680.0,2.6,0.05,2023-03-29,1050.0,411.7647058823529,0,False,0,16985.7,16900.0,0.05,35.45,0,41.21113642652349,1458.8742294989318,No SL Hit
KOTAKBANK.EQ-NSE,2023-04-24,1896.95,1880.0,5.0,15.0,2023-04-26,-3690.1341627349166,369.01341627349166,0,False,0,17743.4,17650.0,22.0,24.3,0,39.45128892996832,90.73796453892717,Intraday SL Hit
KOTAKBANK.EQ-NSE,2023-05-22,1937.5,1920.0,6.8,20.4,2023-05-24,-4913.548387096774,361.2903225806452,0,False,0,18314.4,18250.0,40.45,42.15,0,38.22129035076224,64.97619359629564,Intraday SL Hit
KOTAKBANK.EQ-NSE,2023-06-26,1823.45,1820.0,9.2,0.05,2023-06-28,3512.57232169788,383.88768543146233,0,False,0,18691.2,18650.0,0.05,38.6,0,37.450778976202706,1443.7275295326144,No SL Hit
KOTAKBANK.EQ-NSE,2023-07-24,1894.8,1880.0,10.05,0.05,2023-07-27,3694.3213004010977,369.43213004010977,0,False,0,19672.35,19600.0,0.05,51.7,0,35.58293747315395,1837.8587204884016,No SL Hit
KOTAKBANK.EQ-NSE,2023-08-28,1792.0,1780.0,7.8,23.4,2023-08-31,-6093.749999999999,390.625,0,False,0,19306.05,19250.0,15.0,42.3,0,36.25806418195333,989.8451521673258,Intraday SL Hit
KOTAKBANK.EQ-NSE,2023-09-25,1786.0,1780.0,8.85,26.549999999999997,2023-09-26,-6937.290033594623,391.93729003359465,0,False,0,19674.55,19600.0,50.0,35.55,0,35.57895860388167,-514.1159518260902,Intraday SL Hit
KOTAKBANK.EQ-NSE,2023-10-23,1740.0,1730.0,8.5,25.5,2023-10-26,-6839.080459770114,402.2988505747126,0,False,0,19281.75,19250.0,411.25,81.0,0,36.30375873559195,-11989.31632242924,Intraday SL Hit
KOTAKBANK.EQ-NSE,2023-11-28,1741.0,1730.0,3.9,0.05,2023-11-30,1547.9609419873636,402.06777713957496,0,False,0,19889.7,19850.0,0.05,23.6,0,35.19409543633137,828.8209475256037,No SL Hit
KOTAKBANK.EQ-NSE,2023-12-26,1887.45,1880.0,8.0,0.05,2023-12-28,2948.4224747675435,370.87075154308724,0,False,0,21441.35,21400.0,0.2,49.55,0,32.647198054227,1611.1392239761021,No SL Hit
KOTAKBANK.EQ-NSE,2024-01-23,1783.85,1780.0,13.8,6.0,2024-01-25,3060.7954704711724,392.4096757014323,0,False,0,21238.8,21200.0,0.05,111.0,0,32.9585475638925,3656.7508522138733,No SL Hit
KOTAKBANK.EQ-NSE,2024-02-26,1707.0,1700.0,11.6,10.0,2024-02-29,656.1218512009372,410.0761570005858,0,False,0,22122.05,22050.0,67.1,91.35,0,31.642637097375697,767.3339496113607,No SL Hit
KOTAKBANK.EQ-NSE,2024-03-26,1757.0,1750.0,5.65,0.05,2024-03-28,2231.075697211156,398.40637450199205,0,False,0,22004.7,21950.0,0.05,42.55,0,31.81138574940808,1351.9838943498432,No SL Hit
KOTAKBANK.EQ-NSE,2024-04-22,1811.0,1800.0,7.65,130.0,2024-04-25,-47291.551628934285,386.5267807840972,0,False,0,22336.4,22250.0,21.15,56.75,0,31.338980319120356,1115.6676993606848,Overnight SL Hit
KOTAKBANK.EQ-NSE,2024-05-27,1710.0,1700.0,5.95,17.85,2024-05-29,-4871.3450292397665,409.3567251461988,0,False,0,22932.45,22850.0,182.6,71.05,0,30.524431536970535,-3405.000337949063,Intraday SL Hit
KOTAKBANK.EQ-NSE,2024-06-24,1770.3,1760.0,9.7,0.1,2024-06-27,3795.9667852906286,395.41320680110715,0,False,0,23537.85,23450.0,0.1,73.5,0,29.739334731082067,2182.867169261424,No SL Hit
SBIN.EQ-NSE,2019-01-28,282.3,280.0,2.25,0.05,2019-01-31,5455.189514700673,2479.631597591215,0,False,0,10661.55,10600.0,0.05,42.0,0,65.65649459975333,2754.2899484596524,No SL Hit
SBIN.EQ-NSE,2019-02-25,270.0,265.0,1.05,3.1500000000000004,2019-02-26,-5444.444444444446,2592.5925925925926,0,False,0,10880.1,10850.0,146.0,36.5,0,64.33764395547834,-7044.972013124879,Intraday SL Hit
SBIN.EQ-NSE,2019-03-25,293.95,290.0,1.65,0.05,2019-03-28,3810.1717979248174,2381.357373703011,0,False,0,11354.25,11300.0,0.1,30.35,0,61.650923662945594,1864.9404408041041,No SL Hit
SBIN.EQ-NSE,2019-04-22,309.9,305.0,2.0,0.05,2019-04-25,4404.646660212972,2258.7931590835756,0,False,0,11594.45,11550.0,0.05,32.05,0,60.3737132852356,1931.958825127539,No SL Hit
SBIN.EQ-NSE,2019-05-27,360.45,355.0,2.35,7.050000000000001,2019-05-29,-9127.47953946456,1942.0169232903315,0,False,0,11924.75,11900.0,73.0,60.65,0,58.701440281766914,-724.9627874798215,Intraday SL Hit
SBIN.EQ-NSE,2019-06-24,353.1,350.0,2.4,0.05,2019-06-27,4658.736901727556,1982.4412347776833,0,False,0,11699.65,11650.0,0.05,36.0,0,59.83084964080122,2150.919044586804,No SL Hit
SBIN.EQ-NSE,2019-07-22,351.1,350.0,2.85,8.55,2019-07-24,-11364.283679863289,1993.7339789233836,0,False,0,11346.2,11300.0,84.9,36.5,0,61.694664292891005,-2986.021751775925,Intraday SL Hit
SBIN.EQ-NSE,2019-08-26,279.55,275.0,3.4,0.3,2019-08-29,7762.475406903954,2504.0243248077268,0,False,0,11057.85,11000.0,50.1,56.3,0,63.30344506391387,392.4813593962657,No SL Hit
SBIN.EQ-NSE,2019-09-23,313.9,310.0,5.1,16.6,2019-09-25,-25645.109907613893,2230.0095571838165,0,False,0,11600.2,11550.0,38.35,72.0,0,60.34378717608317,2030.5684384751985,Overnight SL Hit
SBIN.EQ-NSE,2019-10-29,280.9,280.0,3.5,0.05,2019-10-31,8597.36561053756,2491.990032039872,0,False,0,11786.85,11750.0,0.05,32.75,0,59.388216529437464,1941.9946805126053,No SL Hit
SBIN.EQ-NSE,2019-11-25,336.1,335.0,3.7,0.05,2019-11-28,7601.904195180006,2082.7134781315085,0,False,0,12073.75,12000.0,0.05,25.75,0,57.97701625427063,1490.009317734755,No SL Hit
SBIN.EQ-NSE,2019-12-23,332.4,330.0,2.0,1.8,2019-12-26,421.1793020457279,2105.89651022864,0,False,0,12262.75,12200.0,73.35,15.6,0,57.08344376261442,-3296.5688772909825,No SL Hit
SBIN.EQ-NSE,2020-01-27,316.55,315.0,3.05,9.149999999999999,2020-01-30,-13489.180224293159,2211.341020375928,0,False,0,12119.0,12050.0,45.5,38.0,0,57.760541298787025,-433.20405974090266,Intraday SL Hit
SBIN.EQ-NSE,2020-02-24,322.8,320.0,4.05,0.05,2020-02-27,8674.101610904585,2168.5254027261462,0,False,0,11829.4,11800.0,166.75,76.0,0,59.17459888075473,-5370.094848428492,No SL Hit
SBIN.EQ-NSE,2020-03-23,182.0,180.0,12.05,0.05,2020-03-26,46153.846153846156,3846.153846153846,0,False,0,7610.25,7550.0,0.05,336.5,0,91.98120955290563,30947.077954075095,No SL Hit
SBIN.EQ-NSE,2020-04-27,181.0,180.0,3.75,0.05,2020-04-30,14309.39226519337,3867.403314917127,0,False,0,9282.3,9200.0,0.05,80.0,0,75.41234392338106,6029.216896674316,No SL Hit
SBIN.EQ-NSE,2020-05-26,151.55,150.0,1.65,0.05,2020-05-28,7390.300230946882,4618.937644341801,0,False,0,9029.05,8950.0,0.05,41.55,0,77.52753611952532,3217.392748960301,No SL Hit
SBIN.EQ-NSE,2020-06-22,187.9,185.0,2.45,0.05,2020-06-25,8940.926024481108,3725.3858435337943,0,False,0,10311.2,10200.0,0.05,65.85,0,67.88734579874311,4466.987353557297,No SL Hit
SBIN.EQ-NSE,2020-07-27,187.45,185.0,2.8,0.05,2020-07-30,10269.405174713258,3734.3291544411845,0,False,0,11131.8,11000.0,0.05,49.0,0,62.88291201782282,3078.118543272427,No SL Hit
SBIN.EQ-NSE,2020-08-24,201.0,197.5,1.8,0.05,2020-08-27,6094.52736318408,3482.587064676617,0,False,0,11466.45,11350.0,0.05,32.05,0,61.047665144835584,1953.5252846347385,No SL Hit
SBIN.EQ-NSE,2020-09-21,185.3,180.0,1.8,2.0,2020-09-24,-755.5315704263355,3777.6578521316783,0,False,0,11250.55,11150.0,344.05,75.1,0,62.21918039562511,-16733.848567403376,No SL Hit
SBIN.EQ-NSE,2020-10-26,197.05,195.0,2.3,6.8999999999999995,2020-10-28,-16341.030195381882,3552.3978685612788,0,False,0,11767.75,11650.0,56.5,46.05,0,59.484608357587476,-621.6141573367893,Intraday SL Hit
SBIN.EQ-NSE,2020-11-23,238.65,235.0,2.9,0.05,2020-11-26,8359.522313010686,2933.1657238633984,0,False,0,12926.45,12800.0,0.05,40.3,0,54.152532211086566,2179.6394214962343,No SL Hit
SBIN.EQ-NSE,2020-12-28,275.6,270.0,1.4,0.05,2020-12-31,3428.8824383163997,2539.9129172714074,0,False,0,13873.2,13750.0,0.05,39.0,0,50.45699622293342,1965.3000028832569,No SL Hit
SBIN.EQ-NSE,2021-01-25,281.0,275.0,1.6,4.800000000000001,2021-01-28,-7971.530249110321,2491.103202846975,0,False,0,14238.9,14100.0,397.2,41.95,0,49.16110092774021,-17464.48110457971,Intraday SL Hit
SBIN.EQ-NSE,2021-02-22,388.0,380.0,3.05,0.05,2021-02-25,5412.371134020619,1804.1237113402062,0,False,0,14675.7,14550.0,0.05,87.5,0,47.697895160026434,4171.180931744312,No SL Hit
SBIN.EQ-NSE,2021-03-22,367.6,360.0,2.5,7.5,2021-03-25,-9521.218715995647,1904.2437431991293,0,False,0,14736.4,14600.0,341.55,73.45,0,47.501425042751286,-12735.13205396162,Intraday SL Hit
SBIN.EQ-NSE,2021-04-26,344.85,340.0,3.0,0.05,2021-04-29,5988.110772799768,2029.8680585761924,0,False,0,14485.0,14400.0,0.05,97.65,0,48.32585433206766,4716.603382809803,No SL Hit
SBIN.EQ-NSE,2021-05-24,411.0,405.0,3.65,0.05,2021-05-27,6131.386861313869,1703.1630170316303,0,False,0,15197.7,15100.0,0.1,55.0,0,46.059601123854264,2528.672101699599,No SL Hit
SBIN.EQ-NSE,2021-06-21,419.15,415.0,4.0,0.05,2021-06-24,6596.68376476202,1670.0465227245618,0,False,0,15746.5,15650.0,0.05,48.3,0,44.45432318292954,2144.9210935763504,No SL Hit
SBIN.EQ-NSE,2021-07-26,422.85,420.0,2.65,0.05,2021-07-29,4304.1267588979545,1655.4333688069055,0,False,0,15824.45,15750.0,0.05,41.0,0,44.23534467232668,1811.4373643317779,No SL Hit
SBIN.EQ-NSE,2021-08-23,408.7,405.0,2.95,0.05,2021-08-26,4966.968436505996,1712.7477367262052,0,False,0,16496.45,16400.0,0.05,45.2,0,42.43337202852735,1915.8667470880102,No SL Hit
SBIN.EQ-NSE,2021-09-27,446.0,440.0,1.95,0.05,2021-09-30,2982.062780269058,1569.506726457399,0,False,0,17855.1,17750.0,132.75,54.6,0,39.20448499308321,-3063.8305022094532,No SL Hit
SBIN.EQ-NSE,2021-10-25,507.1,500.0,3.85,0.05,2021-10-28,5245.513705383553,1380.3983435219877,0,False,0,18125.4,18050.0,191.0,79.0,0,38.619837355313535,-4325.421783795116,No SL Hit
SBIN.EQ-NSE,2021-11-22,487.0,480.0,4.65,0.05,2021-11-25,6611.909650924025,1437.3716632443532,0,False,0,17416.55,17350.0,0.05,71.15,0,40.191656786217706,2857.626797500079,No SL Hit
SBIN.EQ-NSE,2021-12-27,459.4,455.0,3.2,2.2,2021-12-30,1523.72659991293,1523.72659991293,0,False,0,17086.25,17000.0,0.05,70.25,0,40.96861511449265,2875.996781037384,No SL Hit
SBIN.EQ-NSE,2022-01-24,493.7,490.0,5.35,0.05,2022-01-27,7514.685031395584,1417.8651002633178,0,False,0,17149.1,17050.0,0.05,123.5,0,40.81846860768204,5039.039949618348,No SL Hit
SBIN.EQ-NSE,2022-02-21,511.35,505.0,4.25,21.9,2022-02-24,-24161.533196440792,1368.9253935660506,0,False,0,17206.65,17100.0,350.0,101.0,0,40.68194564310891,-10129.804465134119,Overnight SL Hit
SBIN.EQ-NSE,2022-03-28,497.75,495.0,4.2,1.25,2022-03-31,4148.669010547464,1406.3284781516825,0,False,0,17222.0,17150.0,0.05,79.0,0,40.64568575078388,3208.9768900243876,No SL Hit
SBIN.EQ-NSE,2022-04-25,495.0,490.0,4.85,0.05,2022-04-28,6787.878787878787,1414.141414141414,0,False,0,16953.95,16850.0,0.05,85.3,0,41.28831334290829,3519.8287124829317,No SL Hit
SBIN.EQ-NSE,2022-05-23,461.0,455.0,6.7,0.05,2022-05-26,10097.613882863341,1518.4381778741865,0,False,0,16214.7,16150.0,0.05,151.35,0,43.17070312740908,6531.727383176993,No SL Hit
SBIN.EQ-NSE,2022-06-27,461.7,460.0,3.75,0.05,2022-06-30,5609.703270521984,1516.1360190599958,0,False,0,15832.05,15750.0,0.05,87.0,0,44.21410998575674,3844.4168632615488,No SL Hit
SBIN.EQ-NSE,2022-07-25,516.8,510.0,2.65,0.05,2022-07-28,3521.6718266253874,1354.4891640866874,0,False,0,16631.0,16550.0,0.05,72.55,0,42.09007275569719,3051.5302747880464,No SL Hit
SBIN.EQ-NSE,2022-08-22,511.1,505.0,3.0,0.05,2022-08-25,4040.3052240266097,1369.5949911954608,0,False,0,17490.7,17400.0,0.05,67.4,0,40.02126844551676,2695.432429805554,No SL Hit
SBIN.EQ-NSE,2022-09-26,544.5,540.0,4.1,12.299999999999999,2022-09-28,-10541.78145087236,1285.583103764922,0,False,0,17016.3,16900.0,141.2,85.0,0,41.137027438397304,-2311.900942037928,Intraday SL Hit
SBIN.EQ-NSE,2022-10-25,576.95,575.0,2.2,0.05,2022-10-27,2608.54493456972,1213.276713753358,0,False,0,17656.35,17550.0,0.05,32.0,0,39.64579315656974,1266.6830913524032,No SL Hit
SBIN.EQ-NSE,2022-11-21,598.0,595.0,3.6,0.05,2022-11-24,4155.51839464883,1170.5685618729096,0,False,0,18159.95,18050.0,0.05,30.0,0,38.54636163645825,1154.4635310119245,No SL Hit
SBIN.EQ-NSE,2022-12-26,596.6,590.0,3.3,0.05,2022-12-29,3813.2752262822655,1173.3154542406971,0,False,0,18014.6,17900.0,0.05,56.0,0,38.85737124332486,2174.0699210640264,No SL Hit
SBIN.EQ-NSE,2023-01-23,601.0,595.0,1.5,4.5,2023-01-25,-3494.176372712146,1164.7254575707154,0,False,0,18118.55,18000.0,160.8,18.8,0,38.63443818627871,-5486.090222451577,Intraday SL Hit
SBIN.EQ-NSE,2023-02-20,525.2,520.0,3.05,9.149999999999999,2023-02-23,-8130.236100533128,1332.8255902513326,0,False,0,17844.6,17750.0,290.05,40.0,0,39.22755343353172,-9808.849736054606,Intraday SL Hit
SBIN.EQ-NSE,2023-03-27,508.95,505.0,2.4,0.05,2023-03-29,3232.1446114549562,1375.3806857255133,0,False,0,16985.7,16900.0,0.05,35.45,0,41.21113642652349,1458.8742294989318,No SL Hit
SBIN.EQ-NSE,2023-04-24,553.8,550.0,1.3,0.05,2023-04-27,1579.992777175876,1263.9942217407008,0,False,0,17743.4,17650.0,0.05,24.3,0,39.45128892996832,956.6937565517318,No SL Hit
SBIN.EQ-NSE,2023-05-22,576.6,570.0,2.35,0.05,2023-05-25,2792.2303156434273,1214.0131807145335,0,False,0,18314.4,18250.0,0.05,42.15,0,38.22129035076224,1609.1163237670903,No SL Hit
SBIN.EQ-NSE,2023-06-26,557.3,555.0,2.5,0.05,2023-06-28,3077.337161313476,1256.055984209582,0,False,0,18691.2,18650.0,0.05,38.6,0,37.450778976202706,1443.7275295326144,No SL Hit
SBIN.EQ-NSE,2023-07-24,617.9,615.0,3.4,10.2,2023-07-25,-7703.51189512866,1132.8693963424503,0,False,0,19672.35,19600.0,61.45,51.7,0,35.58293747315395,-346.933640363251,Intraday SL Hit
SBIN.EQ-NSE,2023-08-28,573.15,570.0,3.35,10.05,2023-08-31,-8182.849166884761,1221.3207711768298,0,False,0,19306.05,19250.0,15.0,42.3,0,36.25806418195333,989.8451521673258,Intraday SL Hit
SBIN.EQ-NSE,2023-09-25,594.15,590.0,1.6,0.05,2023-09-28,1826.1381805941264,1178.1536648994363,0,False,0,19674.55,19600.0,75.0,35.55,0,35.57895860388167,-1403.5899169231318,No SL Hit
SBIN.EQ-NSE,2023-10-23,552.4,550.0,3.1,4.15,2023-10-26,-1330.5575669804493,1267.197682838523,0,False,0,19281.75,19250.0,395.25,81.0,0,36.30375873559195,-11408.45618265977,No SL Hit
SBIN.EQ-NSE,2023-11-28,564.7,560.0,0.95,0.05,2023-11-30,1115.636621214804,1239.596245794227,0,False,0,19889.7,19850.0,0.05,23.6,0,35.19409543633137,828.8209475256037,No SL Hit
SBIN.EQ-NSE,2023-12-26,638.5,635.0,3.25,0.05,2023-12-28,3508.2223962411904,1096.319498825372,0,False,0,21441.35,21400.0,0.2,49.55,0,32.647198054227,1611.1392239761021,No SL Hit
SBIN.EQ-NSE,2024-01-23,606.0,600.0,4.2,0.05,2024-01-25,4793.729372937294,1155.1155115511551,0,False,0,21238.8,21200.0,0.05,111.0,0,32.9585475638925,3656.7508522138733,No SL Hit
SBIN.EQ-NSE,2024-02-26,758.4,755.0,6.05,4.5,2024-02-29,1430.6434599156116,922.9957805907173,0,False,0,22122.05,22050.0,67.1,91.35,0,31.642637097375697,767.3339496113607,No SL Hit
SBIN.EQ-NSE,2024-03-26,741.7,740.0,3.65,0.05,2024-03-28,3397.6001078603203,943.7778077389779,0,False,0,22004.7,21950.0,0.05,42.55,0,31.81138574940808,1351.9838943498432,No SL Hit
SBIN.EQ-NSE,2024-04-22,768.15,765.0,5.05,0.05,2024-04-25,4556.401744450954,911.2803488901908,0,False,0,22336.4,22250.0,0.15,56.75,0,31.338980319120356,1773.7862860622122,No SL Hit
SBIN.EQ-NSE,2024-05-27,833.5,830.0,5.95,1.0,2024-05-30,4157.168566286743,839.8320335932814,0,False,0,22932.45,22850.0,361.15,71.05,0,30.524431536970535,-8855.137588875152,No SL Hit
SBIN.EQ-NSE,2024-06-24,833.5,825.0,4.65,0.05,2024-06-27,3863.227354529095,839.8320335932814,0,False,0,23537.85,23450.0,0.1,73.5,0,29.739334731082067,2182.867169261424,No SL Hit
BHARTIARTL.EQ-NSE,2019-01-28,306.5,306.45,31.814380186747464,28.389602716219407,2019-01-31,7821.677746719868,2283.8499184339316,0,False,0,10661.55,10600.0,0.05,42.0,0,65.65649459975333,2754.2899484596524,No SL Hit
BHARTIARTL.EQ-NSE,2019-02-25,317.9,315.45,31.0933744034784,24.559259492602504,2019-02-28,14387.796280632678,2201.9502988361123,0,False,0,10880.1,10850.0,47.0,36.5,0,64.33764395547834,-675.5452615325225,No SL Hit
BHARTIARTL.EQ-NSE,2019-03-25,327.15,324.45,28.93035705367121,1.9631412857271664,2019-04-25,57701.51623891435,2139.6912731163075,0,False,0,11354.25,11300.0,0.05,30.35,0,61.650923662945594,1868.0229869872514,No SL Hit
BHARTIARTL.EQ-NSE,2019-05-27,349.0,343.55,4.6624605536020205,2.748397800018033,2019-05-30,3839.0943481627255,2005.7306590257879,0,False,0,11924.75,11900.0,0.05,60.65,0,58.701440281766914,3557.307281075075,No SL Hit
BHARTIARTL.EQ-NSE,2019-06-24,345.5,342.45,6.085737985754216,0.1963141285727166,2019-06-27,11932.262518168016,2026.0492040520985,0,False,0,11699.65,11650.0,0.05,36.0,0,59.83084964080122,2150.919044586804,No SL Hit
BHARTIARTL.EQ-NSE,2019-07-22,339.95,333.75,2.8956333964475705,0.7361779821476874,2019-07-25,4446.591528195083,2059.126342109134,0,False,0,11346.2,11300.0,40.0,36.5,0,61.694664292891005,-215.93132502511853,No SL Hit
BHARTIARTL.EQ-NSE,2019-08-26,359.9,353.35,3.680889910738437,11.042669732215312,2019-08-27,-14318.54924988556,1944.984717977216,0,False,0,11057.85,11000.0,63.1,56.3,0,63.30344506391387,-430.4634264346146,Intraday SL Hit
BHARTIARTL.EQ-NSE,2019-09-23,347.5,343.55,7.5580939500495905,5.938502389324678,2019-09-26,3262.4865971437084,2014.388489208633,0,False,0,11600.2,11550.0,0.05,72.0,0,60.34378717608317,4341.735487319184,No SL Hit
BHARTIARTL.EQ-NSE,2019-10-29,360.8,358.25,9.521235235776755,0.0490785321431791,2019-10-31,18377.24415893432,1940.1330376940132,0,False,0,11786.85,11750.0,0.05,32.75,0,59.388216529437464,1941.9946805126053,No SL Hit
BHARTIARTL.EQ-NSE,2019-11-25,454.4,451.5,11.877004778649356,21.59455414299883,2019-11-28,-14969.816362334139,1540.4929577464789,0,False,0,12073.75,12000.0,0.05,25.75,0,57.97701625427063,1490.009317734755,No SL Hit
BHARTIARTL.EQ-NSE,2019-12-23,454.5,451.5,8.539664592913173,13.741989000090165,2019-12-26,-8012.380825135081,1540.1540154015402,0,False,0,12262.75,12200.0,73.35,15.6,0,57.08344376261442,-3296.5688772909825,No SL Hit
BHARTIARTL.EQ-NSE,2020-01-27,512.5,510.4,10.306491750067623,30.919475250202872,2020-01-28,-28154.318927014,1365.8536585365853,0,False,0,12119.0,12050.0,61.55,38.0,0,57.760541298787025,-1360.2607475864343,Intraday SL Hit
BHARTIARTL.EQ-NSE,2020-02-24,529.95,520.25,6.134816517897395,0.0490785321431791,2020-02-27,8038.5255024586295,1320.879328238513,0,False,0,11829.4,11800.0,166.75,76.0,0,59.17459888075473,-5370.094848428492,No SL Hit
BHARTIARTL.EQ-NSE,2020-03-23,417.9,412.25,26.796878550175823,0.1472355964295374,2020-03-26,44639.26792922326,1675.0418760469013,0,False,0,7610.25,7550.0,0.05,336.5,0,91.98120955290563,30947.077954075095,No SL Hit
BHARTIARTL.EQ-NSE,2020-04-27,492.4,480.95,7.067308628617799,0.0490785321431791,2020-04-30,9977.175198075212,1421.608448415922,0,False,0,9282.3,9200.0,0.05,80.0,0,75.41234392338106,6029.216896674316,No SL Hit
BHARTIARTL.EQ-NSE,2020-05-26,557.95,549.7,7.656251014335949,0.0490785321431791,2020-05-28,9543.903105179565,1254.5927054395554,0,False,0,9029.05,8950.0,0.05,41.55,0,77.52753611952532,3217.392748960301,No SL Hit
BHARTIARTL.EQ-NSE,2020-06-22,580.0,569.3,9.815706428635831,29.447119285907494,2020-06-25,-23693.084482914077,1206.896551724138,0,False,0,10311.2,10200.0,63.95,65.85,0,67.88734579874311,128.98595701761133,Intraday SL Hit
BHARTIARTL.EQ-NSE,2020-07-27,558.8,549.7,11.04266973221531,9.864784960779012,2020-07-30,1475.5177881270743,1252.6843235504655,0,False,0,11131.8,11000.0,0.05,49.0,0,62.88291201782282,3078.118543272427,No SL Hit
BHARTIARTL.EQ-NSE,2020-08-24,531.0,520.25,6.772837435758724,20.956533225137505,2020-08-27,-18697.904053795002,1318.2674199623352,0,False,0,11466.45,11350.0,2.85,32.05,0,61.047665144835584,1782.591822229199,Overnight SL Hit
BHARTIARTL.EQ-NSE,2020-09-21,467.55,461.35,9.27584257506086,27.82752772518258,2020-09-23,-27774.953705668282,1497.1660784942787,0,False,0,11250.55,11150.0,138.25,75.1,0,62.21918039562511,-3929.141241983726,Intraday SL Hit
BHARTIARTL.EQ-NSE,2020-10-26,433.9,431.9,11.926083310792537,0.0490785321431791,2020-10-29,19160.874268390296,1613.2749481447338,0,False,0,11767.75,11650.0,0.05,46.05,0,59.484608357587476,2736.291984449024,No SL Hit
BHARTIARTL.EQ-NSE,2020-11-23,476.75,471.15,8.588743125056354,12.80949688936976,2020-11-26,-6197.226292646847,1468.2747771368643,0,False,0,12926.45,12800.0,0.05,40.3,0,54.152532211086566,2179.6394214962343,No SL Hit
BHARTIARTL.EQ-NSE,2020-12-28,521.5,510.4,5.889423857181499,12.760418357226582,2020-12-31,-9222.811409456488,1342.2818791946308,0,False,0,13873.2,13750.0,0.05,39.0,0,50.45699622293342,1965.3000028832569,No SL Hit
BHARTIARTL.EQ-NSE,2021-01-25,579.35,569.3,5.447717067892887,16.34315120367866,2021-01-28,-13164.415111849556,1208.250625701217,0,False,0,14238.9,14100.0,397.2,41.95,0,49.16110092774021,-17464.48110457971,Intraday SL Hit
BHARTIARTL.EQ-NSE,2021-02-22,569.0,559.5,8.785057253629068,0.0490785321431791,2021-02-25,10747.249745237474,1230.2284710017575,0,False,0,14675.7,14550.0,0.05,87.5,0,47.697895160026434,4171.180931744312,No SL Hit
BHARTIARTL.EQ-NSE,2021-03-22,527.1,520.25,7.410858353620052,22.232575060860157,2021-03-25,-19683.554724090445,1328.0212483399735,0,False,0,14736.4,14600.0,341.55,73.45,0,47.501425042751286,-12735.13205396162,Intraday SL Hit
BHARTIARTL.EQ-NSE,2021-04-26,527.25,520.25,5.84034532503832,0.0490785321431791,2021-04-29,7688.737325797247,1327.6434329065908,0,False,0,14485.0,14400.0,0.05,97.65,0,48.32585433206766,4716.603382809803,No SL Hit
BHARTIARTL.EQ-NSE,2021-05-24,526.9,520.25,6.821915967901903,9.766627896492652,2021-05-27,-3912.124406933999,1328.5253368760675,0,False,0,15197.7,15100.0,0.1,55.0,0,46.059601123854264,2528.672101699599,No SL Hit
BHARTIARTL.EQ-NSE,2021-06-21,539.25,530.05,6.527444775042828,10.895434135785774,2021-06-24,-5670.083546629693,1298.0992118683357,0,False,0,15746.5,15650.0,0.05,48.3,0,44.45432318292954,2144.9210935763504,No SL Hit
BHARTIARTL.EQ-NSE,2021-07-26,543.0,539.85,8.73597872148589,0.0490785321431791,2021-07-29,11198.582196206073,1289.134438305709,0,False,0,15824.45,15750.0,0.05,41.0,0,44.23534467232668,1811.4373643317779,No SL Hit
BHARTIARTL.EQ-NSE,2021-08-23,622.45,618.4,12.662261292940224,37.986783878820674,2021-08-26,-28479.66231844536,1124.5883203470157,0,False,0,16496.45,16400.0,3.7,45.2,0,42.43337202852735,1760.984939183885,Intraday SL Hit
BHARTIARTL.EQ-NSE,2021-09-27,720.8,711.65,4.05,12.149999999999999,2021-09-28,-7866.2597114317405,971.1431742508324,0,False,0,17855.1,17750.0,198.0,54.6,0,39.20448499308321,-5621.923148008133,Intraday SL Hit
BHARTIARTL.EQ-NSE,2021-10-25,690.5,685.0,5.75,0.05,2021-10-28,5778.421433743664,1013.7581462708182,0,False,0,18125.4,18050.0,191.0,79.0,0,38.619837355313535,-4325.421783795116,No SL Hit
BHARTIARTL.EQ-NSE,2021-11-22,741.25,735.0,4.0,0.05,2021-11-25,3730.185497470489,944.3507588532883,0,False,0,17416.55,17350.0,0.05,71.15,0,40.191656786217706,2857.626797500079,No SL Hit
BHARTIARTL.EQ-NSE,2021-12-27,676.55,670.0,3.5,0.05,2021-12-30,3569.5809622348684,1034.6611484738748,0,False,0,17086.25,17000.0,0.05,70.25,0,40.96861511449265,2875.996781037384,No SL Hit
BHARTIARTL.EQ-NSE,2022-01-24,687.7,680.0,7.95,0.05,2022-01-27,8041.2970772139015,1017.8857059764432,0,False,0,17149.1,17050.0,0.05,123.5,0,40.81846860768204,5039.039949618348,No SL Hit
BHARTIARTL.EQ-NSE,2022-02-21,710.25,700.0,3.2,9.600000000000001,2022-02-22,-6307.638155579022,985.5684618092221,0,False,0,17206.65,17100.0,316.55,101.0,0,40.68194564310891,-8768.993383372126,Intraday SL Hit
BHARTIARTL.EQ-NSE,2022-03-28,737.0,730.0,4.2,0.05,2022-03-31,3941.655359565808,949.7964721845319,0,False,0,17222.0,17150.0,0.05,79.0,0,40.64568575078388,3208.9768900243876,No SL Hit
BHARTIARTL.EQ-NSE,2022-04-25,739.5,730.0,5.15,0.05,2022-04-28,4827.5862068965525,946.5855307640297,0,False,0,16953.95,16850.0,0.05,85.3,0,41.28831334290829,3519.8287124829317,No SL Hit
BHARTIARTL.EQ-NSE,2022-05-23,686.4,680.0,6.45,0.05,2022-05-26,6526.8065268065275,1019.8135198135199,0,False,0,16214.7,16150.0,0.05,151.35,0,43.17070312740908,6531.727383176993,No SL Hit
BHARTIARTL.EQ-NSE,2022-06-27,686.3,680.0,4.05,0.05,2022-06-30,4079.848462771383,1019.9621156928457,0,False,0,15832.05,15750.0,0.05,87.0,0,44.21410998575674,3844.4168632615488,No SL Hit
BHARTIARTL.EQ-NSE,2022-07-25,677.5,670.0,2.1,0.25,2022-07-28,1911.439114391144,1033.210332103321,0,False,0,16631.0,16550.0,0.05,72.55,0,42.09007275569719,3051.5302747880464,No SL Hit
BHARTIARTL.EQ-NSE,2022-08-22,729.45,720.0,2.65,0.05,2022-08-25,2495.03050243334,959.6271163205154,0,False,0,17490.7,17400.0,0.05,67.4,0,40.02126844551676,2695.432429805554,No SL Hit
BHARTIARTL.EQ-NSE,2022-09-26,755.0,750.0,3.85,0.05,2022-09-29,3523.1788079470202,927.1523178807947,0,False,0,17016.3,16900.0,81.45,85.0,0,41.137027438397304,146.03644740631032,No SL Hit
BHARTIARTL.EQ-NSE,2022-10-25,800.5,790.0,0.55,0.05,2022-10-27,437.2267332916927,874.4534665833854,0,False,0,17656.35,17550.0,0.05,32.0,0,39.64579315656974,1266.6830913524032,No SL Hit
BHARTIARTL.EQ-NSE,2022-11-21,851.0,840.0,1.45,0.05,2022-11-24,1151.5863689776731,822.5616921269095,0,False,0,18159.95,18050.0,0.05,30.0,0,38.54636163645825,1154.4635310119245,No SL Hit
BHARTIARTL.EQ-NSE,2022-12-26,809.25,800.0,4.0,0.05,2022-12-29,3416.7438986716097,864.9984553599012,0,False,0,18014.6,17900.0,0.05,56.0,0,38.85737124332486,2174.0699210640264,No SL Hit
BHARTIARTL.EQ-NSE,2023-01-23,771.75,770.0,3.2,0.1,2023-01-25,2811.7913832199547,907.0294784580499,0,False,0,18118.55,18000.0,108.0,18.8,0,38.63443818627871,-3446.191886216061,No SL Hit
BHARTIARTL.EQ-NSE,2023-02-20,780.5,770.0,2.3,6.8999999999999995,2023-02-23,-4125.5605381165915,896.8609865470852,0,False,0,17844.6,17750.0,290.05,40.0,0,39.22755343353172,-9808.849736054606,Intraday SL Hit
BHARTIARTL.EQ-NSE,2023-03-27,759.35,750.0,2.3,6.8999999999999995,2023-03-28,-4240.468822018832,921.8410482649634,0,False,0,16985.7,16900.0,52.7,35.45,0,41.21113642652349,-710.8921033575301,Intraday SL Hit
BHARTIARTL.EQ-NSE,2023-04-24,760.0,750.0,1.25,0.05,2023-04-27,1105.2631578947369,921.0526315789474,0,False,0,17743.4,17650.0,0.05,24.3,0,39.45128892996832,956.6937565517318,No SL Hit
BHARTIARTL.EQ-NSE,2023-05-22,801.0,800.0,3.0,0.05,2023-05-25,2578.0274656679153,873.9076154806492,0,False,0,18314.4,18250.0,0.05,42.15,0,38.22129035076224,1609.1163237670903,No SL Hit
BHARTIARTL.EQ-NSE,2023-06-26,853.4,850.0,3.15,0.05,2023-06-28,2542.7700960862435,820.2484180923366,0,False,0,18691.2,18650.0,0.05,38.6,0,37.450778976202706,1443.7275295326144,No SL Hit
BHARTIARTL.EQ-NSE,2023-07-24,886.9,880.0,2.65,0.05,2023-07-27,2052.0915548539856,789.2659826361484,0,False,0,19672.35,19600.0,0.05,51.7,0,35.58293747315395,1837.8587204884016,No SL Hit
BHARTIARTL.EQ-NSE,2023-08-28,870.25,870.0,6.6,19.799999999999997,2023-08-29,-10617.638609594942,804.3665613329503,0,False,0,19306.05,19250.0,36.6,42.3,0,36.25806418195333,206.67096583713382,Intraday SL Hit
BHARTIARTL.EQ-NSE,2023-09-25,908.95,900.0,1.5,0.05,2023-09-28,1116.673084328071,770.1193685021178,0,False,0,19674.55,19600.0,75.0,35.55,0,35.57895860388167,-1403.5899169231318,No SL Hit
BHARTIARTL.EQ-NSE,2023-10-23,940.45,940.0,2.4,7.199999999999999,2023-10-25,-3572.757722366951,744.324525493115,0,False,0,19281.75,19250.0,200.25,81.0,0,36.30375873559195,-4329.22322921934,Intraday SL Hit
BHARTIARTL.EQ-NSE,2023-11-28,987.5,980.0,2.0,0.05,2023-11-30,1382.2784810126582,708.8607594936709,0,False,0,19889.7,19850.0,0.05,23.6,0,35.19409543633137,828.8209475256037,No SL Hit
BHARTIARTL.EQ-NSE,2023-12-26,1000.0,1000.0,6.55,0.05,2023-12-28,4550.0,700.0,0,False,0,21441.35,21400.0,0.2,49.55,0,32.647198054227,1611.1392239761021,No SL Hit
BHARTIARTL.EQ-NSE,2024-01-23,1159.0,1150.0,6.7,0.05,2024-01-25,4016.3934426229507,603.9689387402933,0,False,0,21238.8,21200.0,0.05,111.0,0,32.9585475638925,3656.7508522138733,No SL Hit
BHARTIARTL.EQ-NSE,2024-02-26,1110.75,1100.0,5.6,0.05,2024-02-29,3497.63673193788,630.2048165653838,0,False,0,22122.05,22050.0,67.1,91.35,0,31.642637097375697,767.3339496113607,No SL Hit
BHARTIARTL.EQ-NSE,2024-03-26,1211.95,1210.0,2.5,0.05,2024-03-28,1415.074879326705,577.5815833986551,0,False,0,22004.7,21950.0,0.05,42.55,0,31.81138574940808,1351.9838943498432,No SL Hit
BHARTIARTL.EQ-NSE,2024-04-22,1302.95,1300.0,8.55,0.05,2024-04-25,4566.560497332975,537.2424114509382,0,False,0,22336.4,22250.0,0.15,56.75,0,31.338980319120356,1773.7862860622122,No SL Hit
BHARTIARTL.EQ-NSE,2024-05-27,1380.5,1370.0,3.25,9.75,2024-05-29,-3295.907279971025,507.0626584570808,0,False,0,22932.45,22850.0,182.6,71.05,0,30.524431536970535,-3405.000337949063,Intraday SL Hit
BHARTIARTL.EQ-NSE,2024-06-24,1418.8,1410.0,6.05,0.05,2024-06-27,2960.248096983366,493.374682830561,0,False,0,23537.85,23450.0,0.1,73.5,0,29.739334731082067,2182.867169261424,No SL Hit
ITC.EQ-NSE,2019-01-28,275.2,270.0,0.6,0.05,2019-01-31,1398.9825581395348,2543.604651162791,0,False,0,10661.55,10600.0,0.05,42.0,0,65.65649459975333,2754.2899484596524,No SL Hit
ITC.EQ-NSE,2019-02-25,276.5,275.0,1.0,0.05,2019-02-28,2405.0632911392404,2531.6455696202534,0,False,0,10880.1,10850.0,47.0,36.5,0,64.33764395547834,-675.5452615325225,No SL Hit
ITC.EQ-NSE,2019-03-25,294.25,290.0,0.85,0.05,2019-03-28,1903.143585386576,2378.92948173322,0,False,0,11354.25,11300.0,0.1,30.35,0,61.650923662945594,1864.9404408041041,No SL Hit
ITC.EQ-NSE,2019-04-22,302.75,300.0,1.35,0.05,2019-04-25,3005.7803468208094,2312.1387283236995,0,False,0,11594.45,11550.0,0.05,32.05,0,60.3737132852356,1931.958825127539,No SL Hit
ITC.EQ-NSE,2019-05-27,290.9,287.5,1.2,0.05,2019-05-30,2767.273977311791,2406.325197662427,0,False,0,11924.75,11900.0,0.05,60.65,0,58.701440281766914,3557.307281075075,No SL Hit
ITC.EQ-NSE,2019-06-24,276.0,272.5,0.8,0.05,2019-06-27,1902.1739130434783,2536.231884057971,0,False,0,11699.65,11650.0,0.05,36.0,0,59.83084964080122,2150.919044586804,No SL Hit
ITC.EQ-NSE,2019-07-22,264.3,262.5,0.7,0.05,2019-07-25,1721.5285660234579,2648.5054861899357,0,False,0,11346.2,11300.0,40.0,36.5,0,61.694664292891005,-215.93132502511853,No SL Hit
ITC.EQ-NSE,2019-08-26,242.0,240.0,1.95,0.05,2019-08-29,5495.867768595041,2892.561983471074,0,False,0,11057.85,11000.0,50.1,56.3,0,63.30344506391387,392.4813593962657,No SL Hit
ITC.EQ-NSE,2019-09-23,255.0,252.5,3.7,1.55,2019-09-26,5901.960784313726,2745.098039215686,0,False,0,11600.2,11550.0,0.05,72.0,0,60.34378717608317,4341.735487319184,No SL Hit
ITC.EQ-NSE,2019-10-29,253.1,250.0,0.7,0.05,2019-10-31,1797.7084156459896,2765.7052548399843,0,False,0,11786.85,11750.0,0.05,32.75,0,59.388216529437464,1941.9946805126053,No SL Hit
ITC.EQ-NSE,2019-11-25,247.8,245.0,1.1,0.05,2019-11-28,2966.101694915254,2824.8587570621467,0,False,0,12073.75,12000.0,0.05,25.75,0,57.97701625427063,1490.009317734755,No SL Hit
ITC.EQ-NSE,2019-12-23,239.25,237.5,0.6,1.0,2019-12-26,-1170.3239289446187,2925.8098223615466,0,False,0,12262.75,12200.0,73.35,15.6,0,57.08344376261442,-3296.5688772909825,No SL Hit
ITC.EQ-NSE,2020-01-27,234.7,232.5,0.75,2.25,2020-01-28,-4473.796335747764,2982.530890498509,0,False,0,12119.0,12050.0,61.55,38.0,0,57.760541298787025,-1360.2607475864343,Intraday SL Hit
ITC.EQ-NSE,2020-02-24,203.15,200.0,1.25,3.75,2020-02-27,-8614.324390844204,3445.7297563376815,0,False,0,11829.4,11800.0,260.55,76.0,0,59.17459888075473,-10920.672223443285,Intraday SL Hit
ITC.EQ-NSE,2020-03-23,154.75,155.0,6.95,0.1,2020-03-26,30985.46042003231,4523.424878836833,0,False,0,7610.25,7550.0,0.05,336.5,0,91.98120955290563,30947.077954075095,No SL Hit
ITC.EQ-NSE,2020-04-27,180.0,180.0,2.8,0.05,2020-04-30,10694.444444444443,3888.8888888888887,0,False,0,9282.3,9200.0,0.05,80.0,0,75.41234392338106,6029.216896674316,No SL Hit
ITC.EQ-NSE,2020-05-26,191.85,190.0,2.35,0.05,2020-05-28,8391.97289549127,3648.6838676048997,0,False,0,9029.05,8950.0,0.05,41.55,0,77.52753611952532,3217.392748960301,No SL Hit
ITC.EQ-NSE,2020-06-22,185.0,182.5,1.9,0.1,2020-06-25,6810.81081081081,3783.7837837837837,0,False,0,10311.2,10200.0,0.05,65.85,0,67.88734579874311,4466.987353557297,No SL Hit
ITC.EQ-NSE,2020-07-27,195.8,192.5,1.0,0.05,2020-07-30,3396.32277834525,3575.0766087844736,0,False,0,11131.8,11000.0,0.05,49.0,0,62.88291201782282,3078.118543272427,No SL Hit
ITC.EQ-NSE,2020-08-24,197.15,194.85,1.05,3.1500000000000004,2020-08-27,-7456.251585087498,3550.5959928988077,0,False,0,11466.45,11350.0,2.85,32.05,0,61.047665144835584,1782.591822229199,Intraday SL Hit
ITC.EQ-NSE,2020-09-21,175.25,172.5,0.9,2.7,2020-09-24,-7189.728958630529,3994.2938659058486,0,False,0,11250.55,11150.0,351.05,75.1,0,62.21918039562511,-17169.38283017275,Intraday SL Hit
ITC.EQ-NSE,2020-10-26,168.5,167.5,1.0,3.0,2020-10-28,-8308.605341246292,4154.302670623146,0,False,0,11767.75,11650.0,56.5,46.05,0,59.484608357587476,-621.6141573367893,Intraday SL Hit
ITC.EQ-NSE,2020-11-23,190.85,187.5,0.9,0.05,2020-11-26,3117.631647891014,3667.8019386953106,0,False,0,12926.45,12800.0,0.05,40.3,0,54.152532211086566,2179.6394214962343,No SL Hit
ITC.EQ-NSE,2020-12-28,209.6,207.5,1.3,0.05,2020-12-31,4174.618320610687,3339.6946564885498,0,False,0,13873.2,13750.0,0.05,39.0,0,50.45699622293342,1965.3000028832569,No SL Hit
ITC.EQ-NSE,2021-01-25,208.15,205.0,0.75,0.05,2021-01-28,2354.0715829930336,3362.9594042757626,0,False,0,14238.9,14100.0,282.5,41.95,0,49.16110092774021,-11825.702828167907,No SL Hit
ITC.EQ-NSE,2021-02-22,206.95,205.0,1.55,0.05,2021-02-25,5073.689296931627,3382.459531287751,0,False,0,14675.7,14550.0,0.05,87.5,0,47.697895160026434,4171.180931744312,No SL Hit
ITC.EQ-NSE,2021-03-22,226.0,222.5,1.3,3.9000000000000004,2021-03-24,-8053.0973451327445,3097.3451327433627,0,False,0,14736.4,14600.0,114.9,73.45,0,47.501425042751286,-1968.934068022041,Intraday SL Hit
ITC.EQ-NSE,2021-04-26,205.5,202.5,0.9,0.05,2021-04-29,2895.3771289537713,3406.3260340632605,0,False,0,14485.0,14400.0,0.05,97.65,0,48.32585433206766,4716.603382809803,No SL Hit
ITC.EQ-NSE,2021-05-24,211.4,210.0,1.1,0.05,2021-05-27,3476.82119205298,3311.2582781456954,0,False,0,15197.7,15100.0,0.1,55.0,0,46.059601123854264,2528.672101699599,No SL Hit
ITC.EQ-NSE,2021-06-21,204.5,202.5,1.0,0.05,2021-06-24,3251.833740831296,3422.9828850855747,0,False,0,15746.5,15650.0,0.05,48.3,0,44.45432318292954,2144.9210935763504,No SL Hit
ITC.EQ-NSE,2021-07-26,211.05,210.0,0.8,2.4000000000000004,2021-07-28,-5306.799336650084,3316.749585406302,0,False,0,15824.45,15750.0,257.0,41.0,0,44.23534467232668,-9554.834449222564,Intraday SL Hit
ITC.EQ-NSE,2021-08-23,206.2,205.0,1.05,0.5,2021-08-26,1867.1193016488849,3394.7623666343356,0,False,0,16496.45,16400.0,0.05,45.2,0,42.43337202852735,1915.8667470880102,No SL Hit
ITC.EQ-NSE,2021-09-27,238.5,237.5,2.5,2.5,2021-09-30,0.0,2935.0104821802934,0,False,0,17855.1,17750.0,132.75,54.6,0,39.20448499308321,-3063.8305022094532,No SL Hit
ITC.EQ-NSE,2021-10-25,233.05,231.0,2.2,5.3,2021-10-28,-9311.306586569404,3003.6472859901305,0,False,0,18125.4,18050.0,191.0,79.0,0,38.619837355313535,-4325.421783795116,No SL Hit
ITC.EQ-NSE,2021-11-22,230.7,229.0,1.25,0.05,2021-11-25,3641.0923276983094,3034.243606415258,0,False,0,17416.55,17350.0,0.05,71.15,0,40.191656786217706,2857.626797500079,No SL Hit
ITC.EQ-NSE,2021-12-27,217.7,216.0,1.05,0.05,2021-12-30,3215.434083601286,3215.434083601286,0,False,0,17086.25,17000.0,0.05,70.25,0,40.96861511449265,2875.996781037384,No SL Hit
ITC.EQ-NSE,2022-01-24,211.7,210.0,0.85,0.05,2022-01-27,2645.2527161076996,3306.5658951346245,0,False,0,17149.1,17050.0,0.05,123.5,0,40.81846860768204,5039.039949618348,No SL Hit
ITC.EQ-NSE,2022-02-21,218.05,216.0,1.05,3.1500000000000004,2022-02-22,-6741.573033707866,3210.272873194221,0,False,0,17206.65,17100.0,316.55,101.0,0,40.68194564310891,-8768.993383372126,Intraday SL Hit
ITC.EQ-NSE,2022-03-28,256.1,255.0,2.1,4.25,2022-03-31,-5876.610698945723,2733.30730183522,0,False,0,17222.0,17150.0,0.05,79.0,0,40.64568575078388,3208.9768900243876,No SL Hit
ITC.EQ-NSE,2022-04-25,255.5,252.5,1.35,0.05,2022-04-28,3561.6438356164385,2739.72602739726,0,False,0,16953.95,16850.0,0.05,85.3,0,41.28831334290829,3519.8287124829317,No SL Hit
ITC.EQ-NSE,2022-05-23,274.1,272.5,5.9,6.5,2022-05-26,-1532.2874863188608,2553.812477198103,0,False,0,16214.7,16150.0,0.05,151.35,0,43.17070312740908,6531.727383176993,No SL Hit
ITC.EQ-NSE,2022-06-27,270.05,267.5,1.3,0.05,2022-06-30,3240.140714682466,2592.1125717459727,0,False,0,15832.05,15750.0,0.05,87.0,0,44.21410998575674,3844.4168632615488,No SL Hit
ITC.EQ-NSE,2022-07-25,301.0,297.5,0.5,0.05,2022-07-28,1046.5116279069769,2325.5813953488373,0,False,0,16631.0,16550.0,0.05,72.55,0,42.09007275569719,3051.5302747880464,No SL Hit
ITC.EQ-NSE,2022-08-22,314.0,312.5,1.65,0.85,2022-08-25,1783.4394904458595,2229.2993630573246,0,False,0,17490.7,17400.0,0.05,67.4,0,40.02126844551676,2695.432429805554,No SL Hit
ITC.EQ-NSE,2022-09-26,332.55,330.0,1.95,0.05,2022-09-29,3999.3985866786943,2104.946624567734,0,False,0,17016.3,16900.0,81.45,85.0,0,41.137027438397304,146.03644740631032,No SL Hit
ITC.EQ-NSE,2022-10-25,346.1,342.5,0.5,0.05,2022-10-27,910.1415775787344,2022.5368390638541,0,False,0,17656.35,17550.0,0.05,32.0,0,39.64579315656974,1266.6830913524032,No SL Hit
ITC.EQ-NSE,2022-11-21,337.2,335.0,1.25,0.05,2022-11-24,2491.103202846975,2075.9193357058125,0,False,0,18159.95,18050.0,0.05,30.0,0,38.54636163645825,1154.4635310119245,No SL Hit
ITC.EQ-NSE,2022-12-26,334.6,332.5,1.6,0.05,2022-12-29,3242.677824267782,2092.0502092050206,0,False,0,18014.6,17900.0,0.05,56.0,0,38.85737124332486,2174.0699210640264,No SL Hit
ITC.EQ-NSE,2023-01-23,337.45,335.0,0.9,0.05,2023-01-25,1763.2241813602013,2074.381389835531,0,False,0,18118.55,18000.0,108.0,18.8,0,38.63443818627871,-3446.191886216061,No SL Hit
ITC.EQ-NSE,2023-02-20,384.15,382.5,2.85,0.05,2023-02-23,5102.173630092412,1822.2048678901472,0,False,0,17844.6,17750.0,239.15,40.0,0,39.22755343353172,-7812.167266287842,No SL Hit
ITC.EQ-NSE,2023-03-27,380.0,377.5,1.1,0.05,2023-03-29,1934.2105263157896,1842.1052631578948,0,False,0,16985.7,16900.0,0.05,35.45,0,41.21113642652349,1458.8742294989318,No SL Hit
ITC.EQ-NSE,2023-04-24,408.0,405.0,1.1,0.05,2023-04-27,1801.4705882352941,1715.686274509804,0,False,0,17743.4,17650.0,0.05,24.3,0,39.45128892996832,956.6937565517318,No SL Hit
ITC.EQ-NSE,2023-05-22,425.1,422.5,1.6,0.05,2023-05-25,2552.340625735121,1646.6713714420137,0,False,0,18314.4,18250.0,0.05,42.15,0,38.22129035076224,1609.1163237670903,No SL Hit
ITC.EQ-NSE,2023-06-26,445.3,443.0,1.3,0.15,2023-06-28,1807.7700426678646,1571.973950145969,0,False,0,18691.2,18650.0,0.05,38.6,0,37.450778976202706,1443.7275295326144,No SL Hit
ITC.EQ-NSE,2023-07-24,469.35,467.5,6.5,2.5,2023-07-27,5965.697240865025,1491.4243102162563,0,False,0,19672.35,19600.0,0.05,51.7,0,35.58293747315395,1837.8587204884016,No SL Hit
ITC.EQ-NSE,2023-08-28,441.2,438.0,1.05,0.1,2023-08-31,1507.2529465095195,1586.582048957389,0,False,0,19306.05,19250.0,0.05,42.3,0,36.25806418195333,1531.9032116875283,No SL Hit
ITC.EQ-NSE,2023-09-25,443.1,440.0,1.2,0.05,2023-09-28,1816.7456556082147,1579.778830963665,0,False,0,19674.55,19600.0,75.0,35.55,0,35.57895860388167,-1403.5899169231318,No SL Hit
ITC.EQ-NSE,2023-10-23,434.6,432.5,2.15,0.1,2023-10-26,3301.8867924528295,1610.6764841233316,0,False,0,19281.75,19250.0,395.25,81.0,0,36.30375873559195,-11408.45618265977,No SL Hit
ITC.EQ-NSE,2023-11-28,435.9,435.0,1.25,0.1,2023-11-30,1846.753842624455,1605.872906629961,0,False,0,19889.7,19850.0,0.05,23.6,0,35.19409543633137,828.8209475256037,No SL Hit
ITC.EQ-NSE,2023-12-26,457.35,455.0,1.55,0.05,2023-12-28,2295.834699901607,1530.5564666010714,0,False,0,21441.35,21400.0,0.2,49.55,0,32.647198054227,1611.1392239761021,No SL Hit
ITC.EQ-NSE,2024-01-23,459.85,457.5,2.55,3.15,2024-01-25,-913.3413069479179,1522.235511579863,0,False,0,21238.8,21200.0,0.05,111.0,0,32.9585475638925,3656.7508522138733,No SL Hit
ITC.EQ-NSE,2024-02-26,409.4,407.5,2.65,0.8,2024-02-29,3163.165608207132,1709.8192476795311,0,False,0,22122.05,22050.0,67.1,91.35,0,31.642637097375697,767.3339496113607,No SL Hit
ITC.EQ-NSE,2024-03-26,428.0,425.0,0.45,0.05,2024-03-28,654.2056074766356,1635.5140186915887,0,False,0,22004.7,21950.0,0.05,42.55,0,31.81138574940808,1351.9838943498432,No SL Hit
ITC.EQ-NSE,2024-04-22,425.8,422.5,1.35,0.05,2024-04-25,2137.1535932362613,1643.9643024894317,0,False,0,22336.4,22250.0,0.15,56.75,0,31.338980319120356,1773.7862860622122,No SL Hit
ITC.EQ-NSE,2024-05-27,432.35,430.0,2.25,6.75,2024-05-30,-7285.763848733664,1619.0586330519254,0,False,0,22932.45,22850.0,436.8,71.05,0,30.524431536970535,-11164.310834646973,Intraday SL Hit
ITC.EQ-NSE,2024-06-24,423.65,420.0,1.45,0.05,2024-06-27,2313.230260828514,1652.3073291632245,0,False,0,23537.85,23450.0,0.1,73.5,0,29.739334731082067,2182.867169261424,No SL Hit
ASIANPAINT.EQ-NSE,2019-01-28,1377.9,1360.0,7.0,0.05,2019-01-31,3530.7351767181945,508.01944988750995,0,False,0,10661.55,10600.0,0.05,42.0,0,65.65649459975333,2754.2899484596524,No SL Hit
ASIANPAINT.EQ-NSE,2019-02-25,1398.25,1380.0,5.0,0.05,2019-02-28,2478.0976220275343,500.6257822277847,0,False,0,10880.1,10850.0,47.0,36.5,0,64.33764395547834,-675.5452615325225,No SL Hit
ASIANPAINT.EQ-NSE,2019-03-25,1460.0,1440.0,5.5,0.05,2019-03-28,2613.0136986301372,479.45205479452056,0,False,0,11354.25,11300.0,0.1,30.35,0,61.650923662945594,1864.9404408041041,No SL Hit
ASIANPAINT.EQ-NSE,2019-04-22,1444.35,1440.0,9.05,0.05,2019-04-25,4361.823657700696,484.6470730778551,0,False,0,11594.45,11550.0,0.05,32.05,0,60.3737132852356,1931.958825127539,No SL Hit
ASIANPAINT.EQ-NSE,2019-05-27,1369.9,1360.0,7.2,0.05,2019-05-30,3653.5513541134387,510.9862033725089,0,False,0,11924.75,11900.0,0.05,60.65,0,58.701440281766914,3557.307281075075,No SL Hit
ASIANPAINT.EQ-NSE,2019-06-24,1374.5,1360.0,5.7,0.05,2019-06-27,2877.409967260822,509.2761004001455,0,False,0,11699.65,11650.0,0.05,36.0,0,59.83084964080122,2150.919044586804,No SL Hit
ASIANPAINT.EQ-NSE,2019-07-22,1401.0,1380.0,10.85,0.05,2019-07-25,5396.145610278372,499.6431120628123,0,False,0,11346.2,11300.0,40.0,36.5,0,61.694664292891005,-215.93132502511853,No SL Hit
ASIANPAINT.EQ-NSE,2019-08-26,1591.7,1580.0,6.7,0.05,2019-08-29,2924.5460828045484,439.78136583527044,0,False,0,11057.85,11000.0,50.1,56.3,0,63.30344506391387,392.4813593962657,No SL Hit
ASIANPAINT.EQ-NSE,2019-09-23,1809.95,1800.0,34.0,30.1,2019-09-26,1508.3289593635177,386.75101522141495,0,False,0,11600.2,11550.0,0.05,72.0,0,60.34378717608317,4341.735487319184,No SL Hit
ASIANPAINT.EQ-NSE,2019-10-29,1817.05,1800.0,11.7,0.05,2019-10-31,4488.043807270025,385.2398117828348,0,False,0,11786.85,11750.0,0.05,32.75,0,59.388216529437464,1941.9946805126053,No SL Hit
ASIANPAINT.EQ-NSE,2019-11-25,1717.0,1700.0,8.4,25.200000000000003,2019-11-28,-6849.155503785675,407.68782760629006,0,False,0,12073.75,12000.0,3.4,25.75,0,57.97701625427063,1295.7863132829486,Intraday SL Hit
ASIANPAINT.EQ-NSE,2019-12-23,1814.0,1800.0,6.05,0.35,2019-12-26,2199.5589856670344,385.8875413450937,0,False,0,12262.75,12200.0,73.35,15.6,0,57.08344376261442,-3296.5688772909825,No SL Hit
ASIANPAINT.EQ-NSE,2020-01-27,1790.0,1780.0,10.95,0.05,2020-01-30,4262.569832402234,391.06145251396646,0,False,0,12119.0,12050.0,14.3,38.0,0,57.760541298787025,1368.9248287812525,No SL Hit
ASIANPAINT.EQ-NSE,2020-02-24,1821.0,1800.0,8.55,0.1,2020-02-27,3248.215266337178,384.4041735310269,0,False,0,11829.4,11800.0,166.75,76.0,0,59.17459888075473,-5370.094848428492,No SL Hit
ASIANPAINT.EQ-NSE,2020-03-23,1500.0,1500.0,64.0,0.2,2020-03-26,29773.333333333332,466.6666666666667,0,False,0,7610.25,7550.0,0.05,336.5,0,91.98120955290563,30947.077954075095,No SL Hit
ASIANPAINT.EQ-NSE,2020-04-27,1856.0,1840.0,23.95,71.85,2020-04-30,-18065.732758620685,377.1551724137931,0,False,0,9282.3,9200.0,1.2,80.0,0,75.41234392338106,5942.492701162427,Intraday SL Hit
ASIANPAINT.EQ-NSE,2020-05-26,1630.0,1620.0,20.05,0.05,2020-05-28,8588.957055214723,429.44785276073617,0,False,0,9029.05,8950.0,0.05,41.55,0,77.52753611952532,3217.392748960301,No SL Hit
ASIANPAINT.EQ-NSE,2020-06-22,1652.0,1640.0,25.0,0.05,2020-06-25,10572.033898305084,423.728813559322,0,False,0,10311.2,10200.0,0.05,65.85,0,67.88734579874311,4466.987353557297,No SL Hit
ASIANPAINT.EQ-NSE,2020-07-27,1770.15,1760.0,20.5,20.0,2020-07-30,197.7233567776742,395.4467135553484,0,False,0,11131.8,11000.0,0.05,49.0,0,62.88291201782282,3078.118543272427,No SL Hit
ASIANPAINT.EQ-NSE,2020-08-24,1962.4,1940.0,12.0,0.2,2020-08-27,4209.131675499389,356.7060741948634,0,False,0,11466.45,11350.0,0.05,32.05,0,61.047665144835584,1953.5252846347385,No SL Hit
ASIANPAINT.EQ-NSE,2020-09-21,1973.0,1960.0,20.0,23.0,2020-09-24,-1064.3689812468322,354.78966041561074,0,False,0,11250.55,11150.0,344.05,75.1,0,62.21918039562511,-16733.848567403376,No SL Hit
ASIANPAINT.EQ-NSE,2020-10-26,2080.0,2060.0,11.0,0.05,2020-10-29,3685.096153846154,336.53846153846155,0,False,0,11767.75,11650.0,0.05,46.05,0,59.484608357587476,2736.291984449024,No SL Hit
ASIANPAINT.EQ-NSE,2020-11-23,2188.0,2160.0,12.95,38.849999999999994,2020-11-26,-8286.106032906762,319.926873857404,0,False,0,12926.45,12800.0,47.95,40.3,0,54.152532211086566,-414.26687141481256,Intraday SL Hit
ASIANPAINT.EQ-NSE,2020-12-28,2684.0,2660.0,18.3,0.05,2020-12-31,4759.687034277198,260.8047690014903,0,False,0,13873.2,13750.0,0.05,39.0,0,50.45699622293342,1965.3000028832569,No SL Hit
ASIANPAINT.EQ-NSE,2021-01-25,2519.05,2500.0,16.2,48.599999999999994,2021-01-27,-9003.394136678506,277.88253508267,0,False,0,14238.9,14100.0,184.0,41.95,0,49.16110092774021,-6983.334386785497,Intraday SL Hit
ASIANPAINT.EQ-NSE,2021-02-22,2387.3,2360.0,21.9,2.0,2021-02-25,5835.04377330038,293.21828006534577,0,False,0,14675.7,14550.0,0.05,87.5,0,47.697895160026434,4171.180931744312,No SL Hit
ASIANPAINT.EQ-NSE,2021-03-22,2427.95,2400.0,15.2,0.05,2021-03-25,4367.882369900533,288.30906732016723,0,False,0,14736.4,14600.0,275.05,73.45,0,47.501425042751286,-9576.28728861866,No SL Hit
ASIANPAINT.EQ-NSE,2021-04-26,2558.0,2540.0,22.0,0.05,2021-04-29,6006.645817044566,273.65129007036745,0,False,0,14485.0,14400.0,0.05,97.65,0,48.32585433206766,4716.603382809803,No SL Hit
ASIANPAINT.EQ-NSE,2021-05-24,2820.0,2800.0,18.95,0.1,2021-05-27,4679.078014184396,248.22695035460993,0,False,0,15197.7,15100.0,0.1,55.0,0,46.059601123854264,2528.672101699599,No SL Hit
ASIANPAINT.EQ-NSE,2021-06-21,3071.2,3040.0,20.95,2.0,2021-06-24,4319.158635061214,227.92393852565775,0,False,0,15746.5,15650.0,0.05,48.3,0,44.45432318292954,2144.9210935763504,No SL Hit
ASIANPAINT.EQ-NSE,2021-07-26,3059.55,3040.0,12.6,37.8,2021-07-28,-5765.553757905573,228.79181578990372,0,False,0,15824.45,15750.0,257.0,41.0,0,44.23534467232668,-9554.834449222564,Intraday SL Hit
ASIANPAINT.EQ-NSE,2021-08-23,3077.0,3050.0,10.75,32.25,2021-08-25,-4891.127721806955,227.49431264218396,0,False,0,16496.45,16400.0,10.4,45.2,0,42.43337202852735,1476.681346592752,Intraday SL Hit
ASIANPAINT.EQ-NSE,2021-09-27,3423.6001,3400.0,19.95,59.849999999999994,2021-09-29,-8158.078976572057,204.46313224491377,0,False,0,17855.1,17750.0,173.0,54.6,0,39.20448499308321,-4641.811023181052,Intraday SL Hit
ASIANPAINT.EQ-NSE,2021-10-25,2923.0,2900.0,28.2,0.05,2021-10-28,6741.361614779336,239.47998631542936,0,False,0,18125.4,18050.0,191.0,79.0,0,38.619837355313535,-4325.421783795116,No SL Hit
ASIANPAINT.EQ-NSE,2021-11-22,3263.3501,3240.0,23.05,69.15,2021-11-23,-9888.611093244333,214.50349443046272,0,False,0,17416.55,17350.0,176.2,71.15,0,40.191656786217706,-4222.133545392169,Intraday SL Hit
ASIANPAINT.EQ-NSE,2021-12-27,3270.7,3240.0,12.5,0.1,2021-12-30,2653.8661448619564,214.02146329531905,0,False,0,17086.25,17000.0,0.05,70.25,0,40.96861511449265,2875.996781037384,No SL Hit
ASIANPAINT.EQ-NSE,2022-01-24,3148.7,3120.0,23.25,69.75,2022-01-25,-10337.599644297648,222.3139708451107,0,False,0,17149.1,17050.0,289.15,123.5,0,40.81846860768204,-6761.57932486253,Intraday SL Hit
ASIANPAINT.EQ-NSE,2022-02-21,3258.0,3240.0,26.45,79.35,2022-02-22,-11365.868631062,214.85573971761818,0,False,0,17206.65,17100.0,316.55,101.0,0,40.68194564310891,-8768.993383372126,Intraday SL Hit
ASIANPAINT.EQ-NSE,2022-03-28,3024.25,3000.0,24.8,0.05,2022-03-31,5728.693064396131,231.46234603620732,0,False,0,17222.0,17150.0,0.05,79.0,0,40.64568575078388,3208.9768900243876,No SL Hit
ASIANPAINT.EQ-NSE,2022-04-25,3128.55,3100.0,15.0,45.0,2022-04-26,-6712.374742292755,223.74582474309184,0,False,0,16953.95,16850.0,54.8,85.3,0,41.28831334290829,1259.2935569587028,Overnight SL Hit
ASIANPAINT.EQ-NSE,2022-05-23,3160.0,3140.0,27.0,150.0,2022-05-25,-27246.835443037973,221.51898734177215,0,False,0,16214.7,16150.0,137.0,151.35,0,43.17070312740908,619.49958987832,Overnight SL Hit
ASIANPAINT.EQ-NSE,2022-06-27,2820.0,2800.0,18.7,56.099999999999994,2022-06-28,-9283.687943262408,248.22695035460993,0,False,0,15832.05,15750.0,135.0,87.0,0,44.21410998575674,-2122.2772793163235,Intraday SL Hit
ASIANPAINT.EQ-NSE,2022-07-25,3108.0,3100.0,45.0,0.15,2022-07-28,10101.351351351352,225.22522522522522,0,False,0,16631.0,16550.0,0.05,72.55,0,42.09007275569719,3051.5302747880464,No SL Hit
ASIANPAINT.EQ-NSE,2022-08-22,3358.95,3350.0,32.55,1.5,2022-08-25,6470.772116286339,208.3984578514119,0,False,0,17490.7,17400.0,0.05,67.4,0,40.02126844551676,2695.432429805554,No SL Hit
ASIANPAINT.EQ-NSE,2022-09-26,3434.05,3400.0,27.0,0.05,2022-09-29,5493.513489902593,203.8409458219886,0,False,0,17016.3,16900.0,81.45,85.0,0,41.137027438397304,146.03644740631032,No SL Hit
ASIANPAINT.EQ-NSE,2022-10-25,3082.5,3050.0,10.0,30.0,2022-10-27,-4541.768045417681,227.08840227088402,0,False,0,17656.35,17550.0,8.8,32.0,0,39.64579315656974,919.7824012324179,Intraday SL Hit
ASIANPAINT.EQ-NSE,2022-11-21,3092.0,3050.0,11.0,0.05,2022-11-24,2478.978007761966,226.39068564036222,0,False,0,18159.95,18050.0,0.05,30.0,0,38.54636163645825,1154.4635310119245,No SL Hit
ASIANPAINT.EQ-NSE,2022-12-26,3060.0,3050.0,22.35,0.15,2022-12-29,5078.43137254902,228.75816993464053,0,False,0,18014.6,17900.0,0.05,56.0,0,38.85737124332486,2174.0699210640264,No SL Hit
ASIANPAINT.EQ-NSE,2023-01-23,2786.55,2760.0,5.0,0.2,2023-01-25,1205.7921085212895,251.20668927526867,0,False,0,18118.55,18000.0,108.0,18.8,0,38.63443818627871,-3446.191886216061,No SL Hit
ASIANPAINT.EQ-NSE,2023-02-20,2829.8,2800.0,12.15,36.45,2023-02-23,-6011.025514170613,247.36730510990174,0,False,0,17844.6,17750.0,290.05,40.0,0,39.22755343353172,-9808.849736054606,Intraday SL Hit
ASIANPAINT.EQ-NSE,2023-03-27,2802.1001,2780.0,9.15,27.450000000000003,2023-03-29,-4571.571158360832,249.81263160441696,0,False,0,16985.7,16900.0,24.9,35.45,0,41.21113642652349,434.777489299823,Intraday SL Hit
ASIANPAINT.EQ-NSE,2023-04-24,2898.0,2880.0,12.35,0.9,2023-04-27,2765.700483091787,241.54589371980677,0,False,0,17743.4,17650.0,0.05,24.3,0,39.45128892996832,956.6937565517318,No SL Hit
ASIANPAINT.EQ-NSE,2023-05-22,3087.0,3060.0,9.65,0.1,2023-05-25,2165.532879818594,226.75736961451247,0,False,0,18314.4,18250.0,0.05,42.15,0,38.22129035076224,1609.1163237670903,No SL Hit
ASIANPAINT.EQ-NSE,2023-06-26,3305.75,3280.0,12.0,0.45,2023-06-28,2445.738485971414,211.75224986765485,0,False,0,18691.2,18650.0,0.05,38.6,0,37.450778976202706,1443.7275295326144,No SL Hit
ASIANPAINT.EQ-NSE,2023-07-24,3545.0,3520.0,42.15,126.44999999999999,2023-07-25,-16645.9802538787,197.46121297602258,0,False,0,19672.35,19600.0,61.45,51.7,0,35.58293747315395,-346.933640363251,Intraday SL Hit
ASIANPAINT.EQ-NSE,2023-08-28,3264.45,3240.0,14.65,4.0,2023-08-31,2283.69250562882,214.43122118580467,0,False,0,19306.05,19250.0,0.05,42.3,0,36.25806418195333,1531.9032116875283,No SL Hit
ASIANPAINT.EQ-NSE,2023-09-25,3321.15,3300.0,15.05,45.150000000000006,2023-09-26,-6344.1880071661935,210.77036568658446,0,False,0,19674.55,19600.0,50.0,35.55,0,35.57895860388167,-514.1159518260902,Intraday SL Hit
ASIANPAINT.EQ-NSE,2023-10-23,3068.0,3060.0,22.65,67.94999999999999,2023-10-26,-10335.72359843546,228.16166883963493,0,False,0,19281.75,19250.0,411.25,81.0,0,36.30375873559195,-11989.31632242924,Intraday SL Hit
ASIANPAINT.EQ-NSE,2023-11-28,3145.4,3140.0,11.9,4.9,2023-11-30,1557.830482609525,222.5472118013607,0,False,0,19889.7,19850.0,0.05,23.6,0,35.19409543633137,828.8209475256037,No SL Hit
ASIANPAINT.EQ-NSE,2023-12-26,3383.0,3360.0,9.1,0.05,2023-12-28,1872.5982855453738,206.9169376293231,0,False,0,21441.35,21400.0,0.2,49.55,0,32.647198054227,1611.1392239761021,No SL Hit
ASIANPAINT.EQ-NSE,2024-01-23,3073.95,3060.0,32.45,97.35000000000001,2024-01-25,-14779.030237967438,227.72003448331952,0,False,0,21238.8,21200.0,49.0,111.0,0,32.9585475638925,2043.4299489613352,Intraday SL Hit
ASIANPAINT.EQ-NSE,2024-02-26,2869.0,2860.0,33.9,30.0,2024-02-29,951.5510630881837,243.98745207389334,0,False,0,22122.05,22050.0,67.1,91.35,0,31.642637097375697,767.3339496113607,No SL Hit
ASIANPAINT.EQ-NSE,2024-03-26,2817.5,2800.0,9.3,0.8,2024-03-28,2111.801242236025,248.4472049689441,0,False,0,22004.7,21950.0,0.05,42.55,0,31.81138574940808,1351.9838943498432,No SL Hit
ASIANPAINT.EQ-NSE,2024-04-22,2844.0,2820.0,9.9,0.05,2024-04-25,2424.4022503516176,246.13220815752462,0,False,0,22336.4,22250.0,0.15,56.75,0,31.338980319120356,1773.7862860622122,No SL Hit
ASIANPAINT.EQ-NSE,2024-05-27,2875.85,2860.0,11.5,0.1,2024-05-30,2774.8317888624238,243.40629726863364,0,False,0,22932.45,22850.0,361.15,71.05,0,30.524431536970535,-8855.137588875152,No SL Hit
ASIANPAINT.EQ-NSE,2024-06-24,2896.0,2880.0,16.05,5.0,2024-06-27,2670.925414364641,241.71270718232043,0,False,0,23537.85,23450.0,0.1,73.5,0,29.739334731082067,2182.867169261424,No SL Hit
BAJFINANCE.EQ-NSE,2019-01-28,2458.0,2450.0,71.05,0.05,2019-01-31,20219.690805532955,284.78437754271766,0,False,0,10661.55,10600.0,0.05,42.0,0,65.65649459975333,2754.2899484596524,No SL Hit
BAJFINANCE.EQ-NSE,2019-02-25,2667.8999,2650.0,24.0,0.05,2019-02-28,6283.968900032568,262.3786597090843,0,False,0,10880.1,10850.0,47.0,36.5,0,64.33764395547834,-675.5452615325225,No SL Hit
BAJFINANCE.EQ-NSE,2019-03-25,2851.0,2800.0,11.0,0.05,2019-03-28,2688.5303402314976,245.5278849526482,0,False,0,11354.25,11300.0,0.1,30.35,0,61.650923662945594,1864.9404408041041,No SL Hit
BAJFINANCE.EQ-NSE,2019-04-22,2986.0,2950.0,15.75,0.05,2019-04-25,3680.509042196919,234.42732752846618,0,False,0,11594.45,11550.0,0.05,32.05,0,60.3737132852356,1931.958825127539,No SL Hit
BAJFINANCE.EQ-NSE,2019-05-27,3455.0,3400.0,20.6,0.05,2019-05-30,4163.531114327062,202.60492040520984,0,False,0,11924.75,11900.0,0.05,60.65,0,58.701440281766914,3557.307281075075,No SL Hit
BAJFINANCE.EQ-NSE,2019-06-24,3546.05,3500.0,14.7,0.2,2019-06-27,2862.3397865230327,197.4027438981402,0,False,0,11699.65,11650.0,0.05,36.0,0,59.83084964080122,2150.919044586804,No SL Hit
BAJFINANCE.EQ-NSE,2019-07-22,3257.0,3200.0,38.0,114.0,2019-07-25,-16334.049739023641,214.92170709241634,0,False,0,11346.2,11300.0,63.9,36.5,0,61.694664292891005,-1690.4338016252134,Intraday SL Hit
BAJFINANCE.EQ-NSE,2019-08-26,3335.0,3300.0,43.9,0.05,2019-08-29,9203.898050974512,209.89505247376312,0,False,0,11057.85,11000.0,50.1,56.3,0,63.30344506391387,392.4813593962657,No SL Hit
BAJFINANCE.EQ-NSE,2019-09-23,4050.0,4000.0,80.0,0.1,2019-09-26,13809.876543209877,172.8395061728395,0,False,0,11600.2,11550.0,0.05,72.0,0,60.34378717608317,4341.735487319184,No SL Hit
BAJFINANCE.EQ-NSE,2019-10-29,4041.0,4000.0,19.7,0.05,2019-10-31,3403.8604305864883,173.22444939371442,0,False,0,11786.85,11750.0,0.05,32.75,0,59.388216529437464,1941.9946805126053,No SL Hit
BAJFINANCE.EQ-NSE,2019-11-25,4140.8999,4100.0,17.85,1.6,2019-11-28,2746.9874362333653,169.045380691284,0,False,0,12073.75,12000.0,0.05,25.75,0,57.97701625427063,1490.009317734755,No SL Hit
BAJFINANCE.EQ-NSE,2019-12-23,4158.0,4100.0,7.0,0.05,2019-12-26,1170.0336700336702,168.35016835016836,0,False,0,12262.75,12200.0,73.35,15.6,0,57.08344376261442,-3296.5688772909825,No SL Hit
BAJFINANCE.EQ-NSE,2020-01-27,4163.0498,4100.0,40.0,0.05,2020-01-30,6717.431052590339,168.1459587632125,0,False,0,12119.0,12050.0,14.3,38.0,0,57.760541298787025,1368.9248287812525,No SL Hit
BAJFINANCE.EQ-NSE,2020-02-24,4816.0,4800.0,39.0,30.0,2020-02-27,1308.139534883721,145.34883720930233,0,False,0,11829.4,11800.0,166.75,76.0,0,59.17459888075473,-5370.094848428492,No SL Hit
BAJFINANCE.EQ-NSE,2020-03-23,2281.95,2300.0,260.0,0.05,2020-03-26,79741.01097745351,306.75518744933066,0,False,0,7610.25,7550.0,0.05,336.5,0,91.98120955290563,30947.077954075095,No SL Hit
BAJFINANCE.EQ-NSE,2020-04-27,2048.0,2000.0,56.0,0.05,2020-04-30,19123.53515625,341.796875,0,False,0,9282.3,9200.0,0.05,80.0,0,75.41234392338106,6029.216896674316,No SL Hit
BAJFINANCE.EQ-NSE,2020-05-26,1836.0,1800.0,17.75,0.05,2020-05-28,6748.366013071895,381.2636165577342,0,False,0,9029.05,8950.0,0.05,41.55,0,77.52753611952532,3217.392748960301,No SL Hit
BAJFINANCE.EQ-NSE,2020-06-22,2857.95,2800.0,48.0,0.05,2020-06-25,11744.432197904094,244.93080704700924,0,False,0,10311.2,10200.0,0.05,65.85,0,67.88734579874311,4466.987353557297,No SL Hit
BAJFINANCE.EQ-NSE,2020-07-27,3177.1001,3100.0,42.0,0.1,2020-07-30,9231.688985814453,220.3267061053569,0,False,0,11131.8,11000.0,0.05,49.0,0,62.88291201782282,3078.118543272427,No SL Hit
BAJFINANCE.EQ-NSE,2020-08-24,3493.0,3450.0,29.0,0.1,2020-08-27,5791.583166332665,200.40080160320642,0,False,0,11466.45,11350.0,0.05,32.05,0,61.047665144835584,1953.5252846347385,No SL Hit
BAJFINANCE.EQ-NSE,2020-09-21,3321.8999,3250.0,35.95,107.85000000000001,2020-09-24,-15150.968275714751,210.72278547586578,0,False,0,11250.55,11150.0,351.05,75.1,0,62.21918039562511,-17169.38283017275,Intraday SL Hit
BAJFINANCE.EQ-NSE,2020-10-26,3289.3,3250.0,44.2,0.05,2020-10-29,9395.616088529474,212.81123643328365,0,False,0,11767.75,11650.0,0.05,46.05,0,59.484608357587476,2736.291984449024,No SL Hit
BAJFINANCE.EQ-NSE,2020-11-23,4794.8999,4700.0,61.0,0.1,2020-11-26,8890.696550307546,145.98844910193014,0,False,0,12926.45,12800.0,0.05,40.3,0,54.152532211086566,2179.6394214962343,No SL Hit
BAJFINANCE.EQ-NSE,2020-12-28,5198.0,5100.0,32.2,0.1,2020-12-31,4322.816467872259,134.66717968449404,0,False,0,13873.2,13750.0,0.05,39.0,0,50.45699622293342,1965.3000028832569,No SL Hit
BAJFINANCE.EQ-NSE,2021-01-25,4903.9502,4800.0,20.3,60.900000000000006,2021-01-28,-5795.32801944033,142.74206944434306,0,False,0,14238.9,14100.0,397.2,41.95,0,49.16110092774021,-17464.48110457971,Intraday SL Hit
BAJFINANCE.EQ-NSE,2021-02-22,5352.9502,5200.0,22.6,0.05,2021-02-25,2948.841182942445,130.7690103300419,0,False,0,14675.7,14550.0,0.05,87.5,0,47.697895160026434,4171.180931744312,No SL Hit
BAJFINANCE.EQ-NSE,2021-03-22,5384.1001,5300.0,41.75,125.25,2021-03-25,-10856.03887639459,130.01244163346814,0,False,0,14736.4,14600.0,341.55,73.45,0,47.501425042751286,-12735.13205396162,Intraday SL Hit
BAJFINANCE.EQ-NSE,2021-04-26,4744.0,4700.0,72.4,0.05,2021-04-29,10675.590219224285,147.55480607082632,0,False,0,14485.0,14400.0,0.05,97.65,0,48.32585433206766,4716.603382809803,No SL Hit
BAJFINANCE.EQ-NSE,2021-05-24,5593.0,5500.0,31.0,0.05,2021-05-27,3873.5919899874843,125.15644555694618,0,False,0,15197.7,15100.0,0.1,55.0,0,46.059601123854264,2528.672101699599,No SL Hit
BAJFINANCE.EQ-NSE,2021-06-21,6119.9502,6000.0,41.1,0.05,2021-06-24,4695.299644758547,114.38001570666376,0,False,0,15746.5,15650.0,0.05,48.3,0,44.45432318292954,2144.9210935763504,No SL Hit
BAJFINANCE.EQ-NSE,2021-07-26,6159.1499,6100.0,30.2,0.05,2021-07-29,3426.6092468377815,113.65204798798612,0,False,0,15824.45,15750.0,0.05,41.0,0,44.23534467232668,1811.4373643317779,No SL Hit
BAJFINANCE.EQ-NSE,2021-08-23,6735.6001,6700.0,72.0,0.2,2021-08-26,7461.844416802595,103.92540970477152,0,False,0,16496.45,16400.0,0.05,45.2,0,42.43337202852735,1915.8667470880102,No SL Hit
BAJFINANCE.EQ-NSE,2021-09-27,7794.0,7700.0,60.5,181.5,2021-09-28,-10867.333846548627,89.81267641775725,0,False,0,17855.1,17750.0,198.0,54.6,0,39.20448499308321,-5621.923148008133,Intraday SL Hit
BAJFINANCE.EQ-NSE,2021-10-25,7625.0,7500.0,180.0,35.0,2021-10-28,13311.475409836065,91.80327868852459,0,False,0,18125.4,18050.0,191.0,79.0,0,38.619837355313535,-4325.421783795116,No SL Hit
BAJFINANCE.EQ-NSE,2021-11-22,7065.0,7000.0,79.0,0.55,2021-11-25,7772.823779193206,99.07997169143665,0,False,0,17416.55,17350.0,0.05,71.15,0,40.191656786217706,2857.626797500079,No SL Hit
BAJFINANCE.EQ-NSE,2021-12-27,6895.0498,6800.0,50.6,0.05,2021-12-30,5131.942629333874,101.52210938345942,0,False,0,17086.25,17000.0,0.05,70.25,0,40.96861511449265,2875.996781037384,No SL Hit
BAJFINANCE.EQ-NSE,2022-01-24,6910.0,6800.0,68.0,0.1,2022-01-27,6878.437047756875,101.30246020260492,0,False,0,17149.1,17050.0,0.05,123.5,0,40.81846860768204,5039.039949618348,No SL Hit
BAJFINANCE.EQ-NSE,2022-02-21,7010.0,6900.0,54.85,164.55,2022-02-24,-10954.350927246793,99.85734664764622,0,False,0,17206.65,17100.0,869.8,101.0,0,40.68194564310891,-31276.27981042213,Intraday SL Hit
BAJFINANCE.EQ-NSE,2022-03-28,6995.0,6900.0,48.0,0.05,2022-03-31,4798.42744817727,100.07147962830594,0,False,0,17222.0,17150.0,0.05,79.0,0,40.64568575078388,3208.9768900243876,No SL Hit
BAJFINANCE.EQ-NSE,2022-04-25,7050.0498,7000.0,107.65,322.95000000000005,2022-04-28,-21377.153959962103,99.29007877362795,0,False,0,16953.95,16850.0,8.9,85.3,0,41.28831334290829,3154.427139398193,Intraday SL Hit
BAJFINANCE.EQ-NSE,2022-05-23,5783.0,5700.0,59.0,0.05,2022-05-26,7135.569773473976,121.0444406017638,0,False,0,16214.7,16150.0,0.05,151.35,0,43.17070312740908,6531.727383176993,No SL Hit
BAJFINANCE.EQ-NSE,2022-06-27,5615.25,5600.0,80.0,240.0,2022-06-30,-19945.683629402076,124.66052268376296,0,False,0,15832.05,15750.0,76.5,87.0,0,44.21410998575674,464.2481548504458,Intraday SL Hit
BAJFINANCE.EQ-NSE,2022-07-25,6221.0,6200.0,70.0,0.05,2022-07-28,7870.9210737823505,112.52210255585919,0,False,0,16631.0,16550.0,0.05,72.55,0,42.09007275569719,3051.5302747880464,No SL Hit
BAJFINANCE.EQ-NSE,2022-08-22,7103.0,7000.0,53.9,0.05,2022-08-25,5306.912572152612,98.5499084893707,0,False,0,17490.7,17400.0,0.05,67.4,0,40.02126844551676,2695.432429805554,No SL Hit
BAJFINANCE.EQ-NSE,2022-09-26,7251.0,7200.0,75.15,82.15,2022-09-29,-675.7688594676597,96.53840849537995,0,False,0,17016.3,16900.0,81.45,85.0,0,41.137027438397304,146.03644740631032,No SL Hit
BAJFINANCE.EQ-NSE,2022-10-25,7097.0,7000.0,25.0,18.0,2022-10-27,690.4325771452727,98.63322530646752,0,False,0,17656.35,17550.0,0.05,32.0,0,39.64579315656974,1266.6830913524032,No SL Hit
BAJFINANCE.EQ-NSE,2022-11-21,6675.0,6600.0,35.4,0.05,2022-11-24,3707.1161048689137,104.8689138576779,0,False,0,18159.95,18050.0,0.05,30.0,0,38.54636163645825,1154.4635310119245,No SL Hit
BAJFINANCE.EQ-NSE,2022-12-26,6422.0,6400.0,44.0,0.8,2022-12-29,4708.813453752725,109.00031142946122,0,False,0,18014.6,17900.0,0.05,56.0,0,38.85737124332486,2174.0699210640264,No SL Hit
BAJFINANCE.EQ-NSE,2023-01-23,5864.9502,5800.0,16.5,18.1,2023-01-25,-190.96496335126614,119.35310209454123,0,False,0,18118.55,18000.0,108.0,18.8,0,38.63443818627871,-3446.191886216061,No SL Hit
BAJFINANCE.EQ-NSE,2023-02-20,6356.0,6300.0,30.8,92.4,2023-02-22,-6784.140969162996,110.13215859030836,0,False,0,17844.6,17750.0,226.9,40.0,0,39.22755343353172,-7331.629736727078,Intraday SL Hit
BAJFINANCE.EQ-NSE,2023-03-27,5600.0,5500.0,14.6,0.05,2023-03-29,1818.7499999999998,125.0,0,False,0,16985.7,16900.0,0.05,35.45,0,41.21113642652349,1458.8742294989318,No SL Hit
BAJFINANCE.EQ-NSE,2023-04-24,5933.0,5900.0,54.85,0.05,2023-04-27,6465.531771447834,117.98415641328164,0,False,0,17743.4,17650.0,0.05,24.3,0,39.45128892996832,956.6937565517318,No SL Hit
BAJFINANCE.EQ-NSE,2023-05-22,6797.0,6750.0,42.0,0.3,2023-05-25,4294.541709577755,102.98661174047373,0,False,0,18314.4,18250.0,0.05,42.15,0,38.22129035076224,1609.1163237670903,No SL Hit
BAJFINANCE.EQ-NSE,2023-06-26,7000.0498,6950.0,19.5,0.05,2023-06-28,1944.9861628127273,99.99928857648985,0,False,0,18691.2,18650.0,0.05,38.6,0,37.450778976202706,1443.7275295326144,No SL Hit
BAJFINANCE.EQ-NSE,2023-07-24,7580.0,7500.0,62.0,186.0,2023-07-26,-11451.187335092349,92.34828496042216,0,False,0,19672.35,19600.0,28.5,51.7,0,35.58293747315395,825.5241493771716,Intraday SL Hit
BAJFINANCE.EQ-NSE,2023-08-28,7220.0,7150.0,29.7,0.45,2023-08-31,2835.8725761772857,96.95290858725762,0,False,0,19306.05,19250.0,0.05,42.3,0,36.25806418195333,1531.9032116875283,No SL Hit
BAJFINANCE.EQ-NSE,2023-09-25,7807.0,7750.0,42.95,14.05,2023-09-28,2591.2642500320226,89.66312283847829,0,False,0,19674.55,19600.0,75.0,35.55,0,35.57895860388167,-1403.5899169231318,No SL Hit
BAJFINANCE.EQ-NSE,2023-10-23,7775.0,7700.0,30.25,90.75,2023-10-26,-5446.945337620579,90.03215434083602,0,False,0,19281.75,19250.0,411.25,81.0,0,36.30375873559195,-11989.31632242924,Intraday SL Hit
BAJFINANCE.EQ-NSE,2023-11-28,7130.0,7100.0,23.3,0.05,2023-11-30,2282.608695652174,98.17671809256662,0,False,0,19889.7,19850.0,0.05,23.6,0,35.19409543633137,828.8209475256037,No SL Hit
BAJFINANCE.EQ-NSE,2023-12-26,7175.05,7150.0,74.25,0.15,2023-12-28,7229.217914857736,97.56029574706797,0,False,0,21441.35,21400.0,0.2,49.55,0,32.647198054227,1611.1392239761021,No SL Hit
BAJFINANCE.EQ-NSE,2024-01-23,7083.0,7050.0,57.35,1.75,2024-01-25,5494.846816320768,98.8281801496541,0,False,0,21238.8,21200.0,0.05,111.0,0,32.9585475638925,3656.7508522138733,No SL Hit
BAJFINANCE.EQ-NSE,2024-02-26,6635.8,6600.0,55.0,165.0,2024-02-29,-11603.725247897766,105.48841134452515,0,False,0,22122.05,22050.0,230.75,91.35,0,31.642637097375697,-4410.983611374172,Intraday SL Hit
BAJFINANCE.EQ-NSE,2024-03-26,6925.0,6900.0,36.0,0.25,2024-03-28,3613.7184115523464,101.08303249097473,0,False,0,22004.7,21950.0,0.05,42.55,0,31.81138574940808,1351.9838943498432,No SL Hit
BAJFINANCE.EQ-NSE,2024-04-22,7296.55,7250.0,59.85,0.1,2024-04-25,5732.161089830125,95.93575045740795,0,False,0,22336.4,22250.0,0.15,56.75,0,31.338980319120356,1773.7862860622122,No SL Hit
BAJFINANCE.EQ-NSE,2024-05-27,6895.0,6850.0,39.25,117.75,2024-05-30,-7969.543147208122,101.5228426395939,0,False,0,22932.45,22850.0,436.8,71.05,0,30.524431536970535,-11164.310834646973,Intraday SL Hit
BAJFINANCE.EQ-NSE,2024-06-24,7084.8,7050.0,49.65,0.1,2024-06-27,4895.692186088527,98.80307136404697,0,False,0,23537.85,23450.0,0.1,73.5,0,29.739334731082067,2182.867169261424,No SL Hit
MARUTI.EQ-NSE,2019-01-28,6515.0,6500.0,85.3,0.2,2019-01-31,9143.514965464312,107.44435917114352,0,False,0,10661.55,10600.0,0.05,42.0,0,65.65649459975333,2754.2899484596524,No SL Hit
MARUTI.EQ-NSE,2019-02-25,6930.2002,6900.0,46.05,62.05,2019-02-28,-1616.114928397018,101.00718302481363,0,False,0,10880.1,10850.0,47.0,36.5,0,64.33764395547834,-675.5452615325225,No SL Hit
MARUTI.EQ-NSE,2019-03-25,6515.0,6500.0,69.0,0.3,2019-03-28,7381.42747505756,107.44435917114352,0,False,0,11354.25,11300.0,0.1,30.35,0,61.650923662945594,1864.9404408041041,No SL Hit
MARUTI.EQ-NSE,2019-04-22,7325.0,7300.0,70.95,212.85000000000002,2019-04-23,-13560.409556313996,95.56313993174061,0,False,0,11594.45,11550.0,39.9,32.05,0,60.3737132852356,-473.93364928909955,Intraday SL Hit
MARUTI.EQ-NSE,2019-05-27,7036.6499,7000.0,72.05,124.65,2019-05-30,-5232.603657032873,99.47915697781127,0,False,0,11924.75,11900.0,0.05,60.65,0,58.701440281766914,3557.307281075075,No SL Hit
MARUTI.EQ-NSE,2019-06-24,6456.3999,6400.0,64.0,0.1,2019-06-27,6928.0095243171045,108.41955437115969,0,False,0,11699.65,11650.0,0.05,36.0,0,59.83084964080122,2150.919044586804,No SL Hit
MARUTI.EQ-NSE,2019-07-22,5910.0,5900.0,61.0,183.0,2019-07-25,-14450.084602368866,118.44331641285956,0,False,0,11346.2,11300.0,63.9,36.5,0,61.694664292891005,-1690.4338016252134,Intraday SL Hit
MARUTI.EQ-NSE,2019-08-26,6234.1499,6200.0,76.8,82.0,2019-08-29,-583.8807308755925,112.28475593761388,0,False,0,11057.85,11000.0,50.1,56.3,0,63.30344506391387,392.4813593962657,No SL Hit
MARUTI.EQ-NSE,2019-09-23,6885.1001,6800.0,89.0,0.05,2019-09-26,9043.441503486638,101.66881960074916,0,False,0,11600.2,11550.0,0.05,72.0,0,60.34378717608317,4341.735487319184,No SL Hit
MARUTI.EQ-NSE,2019-10-29,7750.0,7700.0,60.0,129.0,2019-10-31,-6232.25806451613,90.3225806451613,0,False,0,11786.85,11750.0,0.05,32.75,0,59.388216529437464,1941.9946805126053,No SL Hit
MARUTI.EQ-NSE,2019-11-25,7238.0,7200.0,57.95,0.35,2019-11-28,5570.5996131528045,96.71179883945841,0,False,0,12073.75,12000.0,0.05,25.75,0,57.97701625427063,1490.009317734755,No SL Hit
MARUTI.EQ-NSE,2019-12-23,7368.0,7300.0,34.0,44.0,2019-12-26,-950.0542888165037,95.00542888165037,0,False,0,12262.75,12200.0,73.35,15.6,0,57.08344376261442,-3296.5688772909825,No SL Hit
MARUTI.EQ-NSE,2020-01-27,7125.0,7100.0,97.05,91.0,2020-01-30,594.3859649122804,98.24561403508773,0,False,0,12119.0,12050.0,14.3,38.0,0,57.760541298787025,1368.9248287812525,No SL Hit
MARUTI.EQ-NSE,2020-02-24,6475.0,6400.0,48.0,144.0,2020-02-26,-10378.378378378378,108.10810810810811,0,False,0,11829.4,11800.0,172.6,76.0,0,59.17459888075473,-5716.266251880907,Intraday SL Hit
MARUTI.EQ-NSE,2020-03-23,4177.0,4400.0,364.0,2.0,2020-03-26,60665.54943739526,167.58439071103663,0,False,0,7610.25,7550.0,0.05,336.5,0,91.98120955290563,30947.077954075095,No SL Hit
MARUTI.EQ-NSE,2020-04-27,5055.0,5000.0,87.95,0.05,2020-04-30,12172.106824925817,138.47675568743819,0,False,0,9282.3,9200.0,0.05,80.0,0,75.41234392338106,6029.216896674316,No SL Hit
MARUTI.EQ-NSE,2020-05-26,5276.25,5200.0,55.0,0.05,2020-05-28,7290.215588723052,132.66998341625208,0,False,0,9029.05,8950.0,0.05,41.55,0,77.52753611952532,3217.392748960301,No SL Hit
MARUTI.EQ-NSE,2020-06-22,5897.0,5800.0,59.0,27.0,2020-06-25,3798.5416313379683,118.70442597931151,0,False,0,10311.2,10200.0,0.05,65.85,0,67.88734579874311,4466.987353557297,No SL Hit
MARUTI.EQ-NSE,2020-07-27,6056.0,6000.0,109.0,0.05,2020-07-30,12593.295904887715,115.58784676354028,0,False,0,11131.8,11000.0,0.05,49.0,0,62.88291201782282,3078.118543272427,No SL Hit
MARUTI.EQ-NSE,2020-08-24,7092.0,7000.0,41.0,0.45,2020-08-27,4002.3970671178786,98.70276367738296,0,False,0,11466.45,11350.0,0.05,32.05,0,61.047665144835584,1953.5252846347385,No SL Hit
MARUTI.EQ-NSE,2020-09-21,6639.0,6500.0,60.0,180.0,2020-09-22,-12652.507907817442,105.43756589847868,0,False,0,11250.55,11150.0,130.85,75.1,0,62.21918039562511,-3468.7193070560998,Intraday SL Hit
MARUTI.EQ-NSE,2020-10-26,7056.5,6900.0,49.0,0.05,2020-10-29,4855.806703039751,99.19931977609296,0,False,0,11767.75,11650.0,0.05,46.05,0,59.484608357587476,2736.291984449024,No SL Hit
MARUTI.EQ-NSE,2020-11-23,6986.5,6900.0,55.0,0.05,2020-11-26,5505.61797752809,100.1932298003292,0,False,0,12926.45,12800.0,0.05,40.3,0,54.152532211086566,2179.6394214962343,No SL Hit
MARUTI.EQ-NSE,2020-12-28,7484.0,7400.0,43.0,0.05,2020-12-31,4017.236771779797,93.53287012292891,0,False,0,13873.2,13750.0,0.05,39.0,0,50.45699622293342,1965.3000028832569,No SL Hit
MARUTI.EQ-NSE,2021-01-25,8010.0,7900.0,57.05,171.14999999999998,2021-01-28,-9971.285892634205,87.39076154806492,0,False,0,14238.9,14100.0,397.2,41.95,0,49.16110092774021,-17464.48110457971,Intraday SL Hit
MARUTI.EQ-NSE,2021-02-22,7060.0,7000.0,63.0,86.0,2021-02-25,-2280.4532577903683,99.15014164305948,0,False,0,14675.7,14550.0,0.05,87.5,0,47.697895160026434,4171.180931744312,No SL Hit
MARUTI.EQ-NSE,2021-03-22,7110.0,7000.0,37.75,113.25,2021-03-25,-7433.1926863572435,98.45288326300985,0,False,0,14736.4,14600.0,341.55,73.45,0,47.501425042751286,-12735.13205396162,Intraday SL Hit
MARUTI.EQ-NSE,2021-04-26,6644.6499,6600.0,95.0,15.0,2021-04-29,8427.83304504877,105.34791306310962,0,False,0,14485.0,14400.0,0.05,97.65,0,48.32585433206766,4716.603382809803,No SL Hit
MARUTI.EQ-NSE,2021-05-24,6879.0,6800.0,31.0,1.0,2021-05-27,3052.7692978630616,101.75897659543539,0,False,0,15197.7,15100.0,0.1,55.0,0,46.059601123854264,2528.672101699599,No SL Hit
MARUTI.EQ-NSE,2021-06-21,6892.0,6800.0,25.0,0.05,2021-06-24,2534.097504352873,101.56703424260012,0,False,0,15746.5,15650.0,0.05,48.3,0,44.45432318292954,2144.9210935763504,No SL Hit
MARUTI.EQ-NSE,2021-07-26,7236.0,7200.0,64.0,192.0,2021-07-29,-12382.53178551686,96.73852957435047,0,False,0,15824.45,15750.0,47.4,41.0,0,44.23534467232668,-283.1062059028907,Intraday SL Hit
MARUTI.EQ-NSE,2021-08-23,6835.0,6800.0,59.0,177.0,2021-08-26,-12084.857351865398,102.41404535479151,0,False,0,16496.45,16400.0,3.7,45.2,0,42.43337202852735,1760.984939183885,Intraday SL Hit
MARUTI.EQ-NSE,2021-09-27,7402.0,7300.0,65.0,0.75,2021-09-30,6076.060524182653,94.56903539583897,0,False,0,17855.1,17750.0,132.75,54.6,0,39.20448499308321,-3063.8305022094532,No SL Hit
MARUTI.EQ-NSE,2021-10-25,7255.3999,7200.0,79.75,0.1,2021-10-28,7684.621215709971,96.47986460401721,0,False,0,18125.4,18050.0,191.0,79.0,0,38.619837355313535,-4325.421783795116,No SL Hit
MARUTI.EQ-NSE,2021-11-22,7880.0,7800.0,47.0,141.0,2021-11-24,-8350.2538071066,88.83248730964468,0,False,0,17416.55,17350.0,57.0,71.15,0,40.191656786217706,568.7119435249808,Intraday SL Hit
MARUTI.EQ-NSE,2021-12-27,7290.0,7250.0,55.0,0.05,2021-12-30,5276.406035665295,96.02194787379973,0,False,0,17086.25,17000.0,0.05,70.25,0,40.96861511449265,2875.996781037384,No SL Hit
MARUTI.EQ-NSE,2022-01-24,8038.4502,7950.0,55.0,0.05,2022-01-27,4785.126366771546,87.0814625436132,0,False,0,17149.1,17050.0,0.05,123.5,0,40.81846860768204,5039.039949618348,No SL Hit
MARUTI.EQ-NSE,2022-02-21,8606.0,8550.0,68.0,204.0,2022-02-24,-11062.049732744596,81.3386009760632,0,False,0,17206.65,17100.0,869.8,101.0,0,40.68194564310891,-31276.27981042213,Intraday SL Hit
MARUTI.EQ-NSE,2022-03-28,7482.6499,7400.0,52.8,0.05,2022-03-31,4934.749118758048,93.54974632716679,0,False,0,17222.0,17150.0,0.05,79.0,0,40.64568575078388,3208.9768900243876,No SL Hit
MARUTI.EQ-NSE,2022-04-25,7901.0,7800.0,57.0,0.1,2022-04-28,5041.134033666624,88.59638020503733,0,False,0,16953.95,16850.0,0.05,85.3,0,41.28831334290829,3519.8287124829317,No SL Hit
MARUTI.EQ-NSE,2022-05-23,7891.1499,7800.0,72.0,5.0,2022-05-26,5943.3670116949625,88.70697032380541,0,False,0,16214.7,16150.0,0.05,151.35,0,43.17070312740908,6531.727383176993,No SL Hit
MARUTI.EQ-NSE,2022-06-27,8421.5996,8300.0,44.6,0.05,2022-06-30,3702.978232306367,83.11960117410474,0,False,0,15832.05,15750.0,0.05,87.0,0,44.21410998575674,3844.4168632615488,No SL Hit
MARUTI.EQ-NSE,2022-07-25,8610.0,8500.0,86.1,0.15,2022-07-28,6987.804878048779,81.30081300813008,0,False,0,16631.0,16550.0,0.05,72.55,0,42.09007275569719,3051.5302747880464,No SL Hit
MARUTI.EQ-NSE,2022-08-22,8626.0498,8500.0,46.0,0.05,2022-08-25,3728.8215052966652,81.14954309677182,0,False,0,17490.7,17400.0,0.05,67.4,0,40.02126844551676,2695.432429805554,No SL Hit
MARUTI.EQ-NSE,2022-09-26,8801.0,8700.0,70.0,112.0,2022-09-29,-3340.529485285763,79.53641631632769,0,False,0,17016.3,16900.0,81.45,85.0,0,41.137027438397304,146.03644740631032,No SL Hit
MARUTI.EQ-NSE,2022-10-25,9010.0996,8900.0,15.0,0.05,2022-10-27,1161.474397019984,77.69059511839359,0,False,0,17656.35,17550.0,0.05,32.0,0,39.64579315656974,1266.6830913524032,No SL Hit
MARUTI.EQ-NSE,2022-11-21,8856.9502,8800.0,35.2,0.05,2022-11-24,2778.0442979119384,79.03397718099397,0,False,0,18159.95,18050.0,0.05,30.0,0,38.54636163645825,1154.4635310119245,No SL Hit
MARUTI.EQ-NSE,2022-12-26,8258.8496,8200.0,37.0,0.05,2022-12-29,3131.7921081890154,84.75756720403288,0,False,0,18014.6,17900.0,0.05,56.0,0,38.85737124332486,2174.0699210640264,No SL Hit
MARUTI.EQ-NSE,2023-01-23,8425.0,8300.0,27.8,0.1,2023-01-25,2301.483679525222,83.0860534124629,0,False,0,18118.55,18000.0,108.0,18.8,0,38.63443818627871,-3446.191886216061,No SL Hit
MARUTI.EQ-NSE,2023-02-20,8683.0,8600.0,36.55,0.1,2023-02-23,2938.5005182540594,80.61729816883566,0,False,0,17844.6,17750.0,239.15,40.0,0,39.22755343353172,-7812.167266287842,No SL Hit
MARUTI.EQ-NSE,2023-03-27,8315.0,8300.0,48.0,144.0,2023-03-28,-8081.779915814792,84.18520745640409,0,False,0,16985.7,16900.0,52.7,35.45,0,41.21113642652349,-710.8921033575301,Intraday SL Hit
MARUTI.EQ-NSE,2023-04-24,8472.0,8400.0,53.45,0.15,2023-04-27,4403.918791312559,82.6251180358829,0,False,0,17743.4,17650.0,0.05,24.3,0,39.45128892996832,956.6937565517318,No SL Hit
MARUTI.EQ-NSE,2023-05-22,9150.0,9100.0,31.5,0.15,2023-05-25,2398.3606557377047,76.50273224043715,0,False,0,18314.4,18250.0,0.05,42.15,0,38.22129035076224,1609.1163237670903,No SL Hit
MARUTI.EQ-NSE,2023-06-26,9470.0,9400.0,32.65,0.05,2023-06-28,2409.714889123548,73.91763463569166,0,False,0,18691.2,18650.0,0.05,38.6,0,37.450778976202706,1443.7275295326144,No SL Hit
MARUTI.EQ-NSE,2023-07-24,9697.0,9600.0,35.0,0.05,2023-07-27,2522.945240796123,72.18727441476746,0,False,0,19672.35,19600.0,0.05,51.7,0,35.58293747315395,1837.8587204884016,No SL Hit
MARUTI.EQ-NSE,2023-08-28,9600.0,9500.0,19.05,0.05,2023-08-31,1385.4166666666667,72.91666666666667,0,False,0,19306.05,19250.0,0.05,42.3,0,36.25806418195333,1531.9032116875283,No SL Hit
MARUTI.EQ-NSE,2023-09-25,10588.2,10500.0,23.55,0.05,2023-09-28,1553.616289832077,66.11133148221604,0,False,0,19674.55,19600.0,75.0,35.55,0,35.57895860388167,-1403.5899169231318,No SL Hit
MARUTI.EQ-NSE,2023-10-23,10587.5,10500.0,26.95,50.0,2023-10-26,-1523.9669421487602,66.11570247933884,0,False,0,19281.75,19250.0,395.25,81.0,0,36.30375873559195,-11408.45618265977,No SL Hit
MARUTI.EQ-NSE,2023-11-28,10535.0,10500.0,22.0,0.4,2023-11-30,1435.2159468438538,66.44518272425249,0,False,0,19889.7,19850.0,0.05,23.6,0,35.19409543633137,828.8209475256037,No SL Hit
MARUTI.EQ-NSE,2023-12-26,10266.0,10200.0,45.05,0.05,2023-12-28,3068.3810637054357,68.18624586012079,0,False,0,21441.35,21400.0,0.2,49.55,0,32.647198054227,1611.1392239761021,No SL Hit
MARUTI.EQ-NSE,2024-01-23,9860.0,9800.0,68.7,0.05,2024-01-25,4873.732251521299,70.99391480730223,0,False,0,21238.8,21200.0,0.05,111.0,0,32.9585475638925,3656.7508522138733,No SL Hit
MARUTI.EQ-NSE,2024-02-26,11473.05,11400.0,80.3,240.89999999999998,2024-02-28,-9798.615015187765,61.012546794444376,0,False,0,22122.05,22050.0,197.0,91.35,0,31.642637097375697,-3343.0446093377427,Intraday SL Hit
MARUTI.EQ-NSE,2024-03-26,12285.7,12200.0,43.0,0.5,2024-03-28,2421.514443621446,56.97681043815167,0,False,0,22004.7,21950.0,0.05,42.55,0,31.81138574940808,1351.9838943498432,No SL Hit
MARUTI.EQ-NSE,2024-04-22,12798.95,12700.0,80.2,0.05,2024-04-25,4383.562714128893,54.69198645201364,0,False,0,22336.4,22250.0,0.15,56.75,0,31.338980319120356,1773.7862860622122,No SL Hit
MARUTI.EQ-NSE,2024-05-27,12900.0,12800.0,47.95,143.85000000000002,2024-05-30,-5203.875968992249,54.263565891472865,0,False,0,22932.45,22850.0,436.8,71.05,0,30.524431536970535,-11164.310834646973,Intraday SL Hit
MARUTI.EQ-NSE,2024-06-24,12188.0,12100.0,80.0,0.05,2024-06-27,4591.811617984903,57.43354118805382,0,False,0,23537.85,23450.0,0.1,73.5,0,29.739334731082067,2182.867169261424,No SL Hit
AXISBANK.EQ-NSE,2019-01-28,658.5,650.0,11.1,0.05,2019-01-31,11746.393318147304,1063.0220197418375,0,False,0,10661.55,10600.0,0.05,42.0,0,65.65649459975333,2754.2899484596524,No SL Hit
AXISBANK.EQ-NSE,2019-02-25,704.5,700.0,4.75,0.05,2019-02-28,4669.978708303762,993.6124911284599,0,False,0,10880.1,10850.0,47.0,36.5,0,64.33764395547834,-675.5452615325225,No SL Hit
AXISBANK.EQ-NSE,2019-03-25,745.35,740.0,5.3,0.05,2019-03-28,4930.569531092775,939.1561011605286,0,False,0,11354.25,11300.0,0.1,30.35,0,61.650923662945594,1864.9404408041041,No SL Hit
AXISBANK.EQ-NSE,2019-04-22,755.05,750.0,5.2,8.5,2019-04-25,-3059.400039732468,927.090921131051,0,False,0,11594.45,11550.0,0.05,32.05,0,60.3737132852356,1931.958825127539,No SL Hit
AXISBANK.EQ-NSE,2019-05-27,814.0,810.0,8.35,1.3,2019-05-30,6062.653562653562,859.9508599508599,0,False,0,11924.75,11900.0,0.05,60.65,0,58.701440281766914,3557.307281075075,No SL Hit
AXISBANK.EQ-NSE,2019-06-24,762.6,760.0,6.35,0.05,2019-06-27,5782.848151062155,917.9124049305009,0,False,0,11699.65,11650.0,0.05,36.0,0,59.83084964080122,2150.919044586804,No SL Hit
AXISBANK.EQ-NSE,2019-07-22,727.15,720.0,3.85,11.55,2019-07-25,-7412.500859520045,962.6624492883175,0,False,0,11346.2,11300.0,63.9,36.5,0,61.694664292891005,-1690.4338016252134,Intraday SL Hit
AXISBANK.EQ-NSE,2019-08-26,683.55,680.0,6.95,18.45,2019-08-29,-11776.753712237585,1024.0655401945726,0,False,0,11057.85,11000.0,50.1,56.3,0,63.30344506391387,392.4813593962657,No SL Hit
AXISBANK.EQ-NSE,2019-09-23,730.1,720.0,13.0,20.25,2019-09-26,-6951.102588686481,958.7727708533077,0,False,0,11600.2,11550.0,0.05,72.0,0,60.34378717608317,4341.735487319184,No SL Hit
AXISBANK.EQ-NSE,2019-10-29,740.0,730.0,4.0,0.05,2019-10-31,3736.4864864864867,945.9459459459459,0,False,0,11786.85,11750.0,0.05,32.75,0,59.388216529437464,1941.9946805126053,No SL Hit
AXISBANK.EQ-NSE,2019-11-25,755.0,750.0,6.2,0.1,2019-11-28,5655.629139072848,927.1523178807947,0,False,0,12073.75,12000.0,0.05,25.75,0,57.97701625427063,1490.009317734755,No SL Hit
AXISBANK.EQ-NSE,2019-12-23,744.8,740.0,3.5,10.5,2019-12-26,-6578.9473684210525,939.8496240601504,0,False,0,12262.75,12200.0,73.35,15.6,0,57.08344376261442,-3296.5688772909825,Intraday SL Hit
AXISBANK.EQ-NSE,2020-01-27,738.7,730.0,3.45,0.05,2020-01-30,3221.8762691214297,947.6106673886557,0,False,0,12119.0,12050.0,14.3,38.0,0,57.760541298787025,1368.9248287812525,No SL Hit
AXISBANK.EQ-NSE,2020-02-24,725.5,720.0,6.1,0.05,2020-02-27,5837.353549276361,964.8518263266712,0,False,0,11829.4,11800.0,166.75,76.0,0,59.17459888075473,-5370.094848428492,No SL Hit
AXISBANK.EQ-NSE,2020-03-23,310.0,300.0,34.95,0.05,2020-03-26,78806.45161290324,2258.064516129032,0,False,0,7610.25,7550.0,0.05,336.5,0,91.98120955290563,30947.077954075095,No SL Hit
AXISBANK.EQ-NSE,2020-04-27,426.15,420.0,14.3,0.05,2020-04-30,23407.250967969027,1642.6141030153703,0,False,0,9282.3,9200.0,0.05,80.0,0,75.41234392338106,6029.216896674316,No SL Hit
AXISBANK.EQ-NSE,2020-05-26,341.9,340.0,6.25,0.05,2020-05-28,12693.770108218778,2047.3822755191577,0,False,0,9029.05,8950.0,0.05,41.55,0,77.52753611952532,3217.392748960301,No SL Hit
AXISBANK.EQ-NSE,2020-06-22,430.5,420.0,7.5,0.05,2020-06-25,12113.821138211382,1626.0162601626016,0,False,0,10311.2,10200.0,0.05,65.85,0,67.88734579874311,4466.987353557297,No SL Hit
AXISBANK.EQ-NSE,2020-07-27,431.9,420.0,4.3,0.05,2020-07-30,6888.168557536467,1620.745542949757,0,False,0,11131.8,11000.0,0.05,49.0,0,62.88291201782282,3078.118543272427,No SL Hit
AXISBANK.EQ-NSE,2020-08-24,446.4,440.0,3.95,0.05,2020-08-27,6115.591397849463,1568.100358422939,0,False,0,11466.45,11350.0,0.05,32.05,0,61.047665144835584,1953.5252846347385,No SL Hit
AXISBANK.EQ-NSE,2020-09-21,422.3,410.0,4.65,7.0,2020-09-24,-3895.335069855552,1657.5893914278947,0,False,0,11250.55,11150.0,344.05,75.1,0,62.21918039562511,-16733.848567403376,No SL Hit
AXISBANK.EQ-NSE,2020-10-26,493.0,480.0,4.8,0.05,2020-10-29,6744.421906693712,1419.8782961460447,0,False,0,11767.75,11650.0,0.05,46.05,0,59.484608357587476,2736.291984449024,No SL Hit
AXISBANK.EQ-NSE,2020-11-23,596.9,580.0,4.65,0.05,2020-11-26,5394.538448651366,1172.7257497068185,0,False,0,12926.45,12800.0,0.05,40.3,0,54.152532211086566,2179.6394214962343,No SL Hit
AXISBANK.EQ-NSE,2020-12-28,617.3,600.0,2.6,0.05,2020-12-31,2891.6248177547386,1133.970516766564,0,False,0,13873.2,13750.0,0.05,39.0,0,50.45699622293342,1965.3000028832569,No SL Hit
AXISBANK.EQ-NSE,2021-01-25,658.0,640.0,4.7,14.100000000000001,2021-01-27,-10000.000000000002,1063.8297872340424,0,False,0,14238.9,14100.0,184.0,41.95,0,49.16110092774021,-6983.334386785497,Intraday SL Hit
AXISBANK.EQ-NSE,2021-02-22,720.0,700.0,3.8,0.05,2021-02-25,3645.833333333333,972.2222222222222,0,False,0,14675.7,14550.0,0.05,87.5,0,47.697895160026434,4171.180931744312,No SL Hit
AXISBANK.EQ-NSE,2021-03-22,717.4,700.0,5.2,15.600000000000001,2021-03-25,-10147.755784778368,975.7457485363814,0,False,0,14736.4,14600.0,341.55,73.45,0,47.501425042751286,-12735.13205396162,Intraday SL Hit
AXISBANK.EQ-NSE,2021-04-26,699.0,690.0,10.0,0.05,2021-04-29,9964.23462088698,1001.4306151645208,0,False,0,14485.0,14400.0,0.05,97.65,0,48.32585433206766,4716.603382809803,No SL Hit
AXISBANK.EQ-NSE,2021-05-24,738.8,730.0,3.95,0.05,2021-05-27,3695.1813752030325,947.4824038982134,0,False,0,15197.7,15100.0,0.1,55.0,0,46.059601123854264,2528.672101699599,No SL Hit
AXISBANK.EQ-NSE,2021-06-21,737.55,730.0,3.8,0.05,2021-06-24,3559.0807402887945,949.0881974103452,0,False,0,15746.5,15650.0,0.05,48.3,0,44.45432318292954,2144.9210935763504,No SL Hit
AXISBANK.EQ-NSE,2021-07-26,754.95,750.0,8.3,24.900000000000002,2021-07-28,-15391.747797867409,927.2137227630968,0,False,0,15824.45,15750.0,257.0,41.0,0,44.23534467232668,-9554.834449222564,Intraday SL Hit
AXISBANK.EQ-NSE,2021-08-23,735.5,730.0,3.6,0.05,2021-08-26,3378.6539768864723,951.7335146159076,0,False,0,16496.45,16400.0,0.05,45.2,0,42.43337202852735,1915.8667470880102,No SL Hit
AXISBANK.EQ-NSE,2021-09-27,797.45,790.0,5.3,15.899999999999999,2021-09-30,-9304.65859928522,877.7979810646435,0,False,0,17855.1,17750.0,170.6,54.6,0,39.20448499308321,-4547.720259197653,Intraday SL Hit
AXISBANK.EQ-NSE,2021-10-25,845.0,840.0,21.95,65.85,2021-10-28,-36366.86390532544,828.4023668639053,0,False,0,18125.4,18050.0,200.0,79.0,0,38.619837355313535,-4673.000319992938,Intraday SL Hit
AXISBANK.EQ-NSE,2021-11-22,688.75,680.0,6.4,1.5,2021-11-25,4980.036297640653,1016.3339382940109,0,False,0,17416.55,17350.0,0.05,71.15,0,40.191656786217706,2857.626797500079,No SL Hit
AXISBANK.EQ-NSE,2021-12-27,673.2,670.0,5.05,0.1,2021-12-30,5147.058823529412,1039.8098633392751,0,False,0,17086.25,17000.0,0.05,70.25,0,40.96861511449265,2875.996781037384,No SL Hit
AXISBANK.EQ-NSE,2022-01-24,703.5,700.0,10.65,0.05,2022-01-27,10547.26368159204,995.0248756218906,0,False,0,17149.1,17050.0,0.05,123.5,0,40.81846860768204,5039.039949618348,No SL Hit
AXISBANK.EQ-NSE,2022-02-21,790.05,780.0,4.8,14.399999999999999,2022-02-22,-8505.790772735902,886.01987215999,0,False,0,17206.65,17100.0,316.55,101.0,0,40.68194564310891,-8768.993383372126,Intraday SL Hit
AXISBANK.EQ-NSE,2022-03-28,736.5,730.0,6.0,0.05,2022-03-31,5655.125594025798,950.4412763068567,0,False,0,17222.0,17150.0,0.05,79.0,0,40.64568575078388,3208.9768900243876,No SL Hit
AXISBANK.EQ-NSE,2022-04-25,783.55,780.0,8.0,24.0,2022-04-27,-14293.918703337376,893.369918958586,0,False,0,16953.95,16850.0,53.4,85.3,0,41.28831334290829,1317.0971956387743,Intraday SL Hit
AXISBANK.EQ-NSE,2022-05-23,671.65,670.0,6.65,0.05,2022-05-26,6878.582595101616,1042.2094841063054,0,False,0,16214.7,16150.0,0.05,151.35,0,43.17070312740908,6531.727383176993,No SL Hit
AXISBANK.EQ-NSE,2022-06-27,637.5,630.0,4.9,0.05,2022-06-30,5325.490196078432,1098.0392156862745,0,False,0,15832.05,15750.0,0.05,87.0,0,44.21410998575674,3844.4168632615488,No SL Hit
AXISBANK.EQ-NSE,2022-07-25,727.1,720.0,8.35,0.05,2022-07-28,7990.647778847476,962.7286480539128,0,False,0,16631.0,16550.0,0.05,72.55,0,42.09007275569719,3051.5302747880464,No SL Hit
AXISBANK.EQ-NSE,2022-08-22,744.65,740.0,6.75,0.75,2022-08-25,5640.23366682334,940.0389444705567,0,False,0,17490.7,17400.0,0.05,67.4,0,40.02126844551676,2695.432429805554,No SL Hit
AXISBANK.EQ-NSE,2022-09-26,744.05,740.0,8.15,24.450000000000003,2022-09-28,-15334.990928029034,940.7969894496338,0,False,0,17016.3,16900.0,141.2,85.0,0,41.137027438397304,-2311.900942037928,Intraday SL Hit
AXISBANK.EQ-NSE,2022-10-25,900.05,890.0,3.05,0.05,2022-10-27,2333.2037109049497,777.7345703016499,0,False,0,17656.35,17550.0,0.05,32.0,0,39.64579315656974,1266.6830913524032,No SL Hit
AXISBANK.EQ-NSE,2022-11-21,869.3,860.0,2.3,0.05,2022-11-24,1811.802599792937,805.245599907972,0,False,0,18159.95,18050.0,0.05,30.0,0,38.54636163645825,1154.4635310119245,No SL Hit
AXISBANK.EQ-NSE,2022-12-26,929.2,920.0,2.75,0.05,2022-12-29,2034.0077486009473,753.336203185536,0,False,0,18014.6,17900.0,0.05,56.0,0,38.85737124332486,2174.0699210640264,No SL Hit
AXISBANK.EQ-NSE,2023-01-23,930.0,920.0,6.8,20.4,2023-01-25,-10236.559139784946,752.6881720430108,0,False,0,18118.55,18000.0,160.8,18.8,0,38.63443818627871,-5486.090222451577,Intraday SL Hit
AXISBANK.EQ-NSE,2023-02-20,844.8,840.0,4.7,0.05,2023-02-23,3852.982954545455,828.5984848484849,0,False,0,17844.6,17750.0,239.15,40.0,0,39.22755343353172,-7812.167266287842,No SL Hit
AXISBANK.EQ-NSE,2023-03-27,832.0,830.0,4.8,0.05,2023-03-29,3996.3942307692305,841.3461538461538,0,False,0,16985.7,16900.0,0.05,35.45,0,41.21113642652349,1458.8742294989318,No SL Hit
AXISBANK.EQ-NSE,2023-04-24,884.25,880.0,5.4,0.05,2023-04-27,4235.22759400622,791.631325982471,0,False,0,17743.4,17650.0,0.05,24.3,0,39.45128892996832,956.6937565517318,No SL Hit
AXISBANK.EQ-NSE,2023-05-22,916.8,910.0,3.3,0.05,2023-05-25,2481.4572425828974,763.5253054101222,0,False,0,18314.4,18250.0,0.05,42.15,0,38.22129035076224,1609.1163237670903,No SL Hit
AXISBANK.EQ-NSE,2023-06-26,960.0,950.0,2.1,0.05,2023-06-28,1494.7916666666667,729.1666666666666,0,False,0,18691.2,18650.0,0.05,38.6,0,37.450778976202706,1443.7275295326144,No SL Hit
AXISBANK.EQ-NSE,2023-07-24,971.0,960.0,9.35,0.05,2023-07-27,6704.42842430484,720.9062821833162,0,False,0,19672.35,19600.0,0.05,51.7,0,35.58293747315395,1837.8587204884016,No SL Hit
AXISBANK.EQ-NSE,2023-08-28,986.5,980.0,3.3,9.899999999999999,2023-08-31,-4683.223517486061,709.5793208312215,0,False,0,19306.05,19250.0,15.0,42.3,0,36.25806418195333,989.8451521673258,Intraday SL Hit
AXISBANK.EQ-NSE,2023-09-25,1020.0,1010.0,2.9,0.05,2023-09-28,1955.8823529411766,686.2745098039215,0,False,0,19674.55,19600.0,75.0,35.55,0,35.57895860388167,-1403.5899169231318,No SL Hit
AXISBANK.EQ-NSE,2023-10-23,965.8,960.0,8.5,0.05,2023-10-26,6124.456409194449,724.787740733071,0,False,0,19281.75,19250.0,395.25,81.0,0,36.30375873559195,-11408.45618265977,No SL Hit
AXISBANK.EQ-NSE,2023-11-28,1020.45,1020.0,4.5,0.05,2023-11-30,3052.5748444313786,685.9718751531187,0,False,0,19889.7,19850.0,0.05,23.6,0,35.19409543633137,828.8209475256037,No SL Hit
AXISBANK.EQ-NSE,2023-12-26,1095.1,1090.0,6.15,0.05,2023-12-28,3899.187288832071,639.2110309560771,0,False,0,21441.35,21400.0,0.2,49.55,0,32.647198054227,1611.1392239761021,No SL Hit
AXISBANK.EQ-NSE,2024-01-23,1082.0,1080.0,24.2,32.9,2024-01-25,-5628.465804066544,646.9500924214418,0,False,0,21238.8,21200.0,0.05,111.0,0,32.9585475638925,3656.7508522138733,No SL Hit
AXISBANK.EQ-NSE,2024-02-26,1084.0,1080.0,9.0,0.05,2024-02-29,5779.520295202951,645.7564575645756,0,False,0,22122.05,22050.0,67.1,91.35,0,31.642637097375697,767.3339496113607,No SL Hit
AXISBANK.EQ-NSE,2024-03-26,1042.2,1040.0,7.8,0.1,2024-03-28,5171.752062943772,671.6561120706198,0,False,0,22004.7,21950.0,0.05,42.55,0,31.81138574940808,1351.9838943498432,No SL Hit
AXISBANK.EQ-NSE,2024-04-22,1053.1,1050.0,14.9,0.05,2024-04-25,9870.85746842655,664.7042066280505,0,False,0,22336.4,22250.0,0.15,56.75,0,31.338980319120356,1773.7862860622122,No SL Hit
AXISBANK.EQ-NSE,2024-05-27,1187.25,1180.0,6.75,20.25,2024-05-29,-7959.570435881238,589.5978100652769,0,False,0,22932.45,22850.0,182.6,71.05,0,30.524431536970535,-3405.000337949063,Intraday SL Hit
AXISBANK.EQ-NSE,2024-06-24,1229.5,1220.0,5.1,0.05,2024-06-27,2875.152501016674,569.3371289141928,0,False,0,23537.85,23450.0,0.1,73.5,0,29.739334731082067,2182.867169261424,No SL Hit
LT.EQ-NSE,2019-01-28,1300.6,1280.0,6.9,0.05,2019-01-31,3686.75995694295,538.2131324004306,0,False,0,10661.55,10600.0,0.05,42.0,0,65.65649459975333,2754.2899484596524,No SL Hit
LT.EQ-NSE,2019-02-25,1278.75,1260.0,5.7,17.1,2019-02-26,-6240.469208211144,547.4095796676442,0,False,0,10880.1,10850.0,146.0,36.5,0,64.33764395547834,-7044.972013124879,Intraday SL Hit
LT.EQ-NSE,2019-03-25,1376.0,1360.0,5.6,0.05,2019-03-28,2823.4011627906975,508.72093023255815,0,False,0,11354.25,11300.0,0.1,30.35,0,61.650923662945594,1864.9404408041041,No SL Hit
LT.EQ-NSE,2019-04-22,1357.0,1340.0,5.55,16.65,2019-04-23,-5725.8658806190115,515.8437730287399,0,False,0,11594.45,11550.0,39.9,32.05,0,60.3737132852356,-473.93364928909955,Intraday SL Hit
LT.EQ-NSE,2019-05-27,1593.25,1580.0,14.3,18.95,2019-05-30,-2042.9938804330764,439.35352267378,0,False,0,11924.75,11900.0,0.05,60.65,0,58.701440281766914,3557.307281075075,No SL Hit
LT.EQ-NSE,2019-06-24,1540.2,1520.0,6.4,0.05,2019-06-27,2885.9888326191403,454.48643033372286,0,False,0,11699.65,11650.0,0.05,36.0,0,59.83084964080122,2150.919044586804,No SL Hit
LT.EQ-NSE,2019-07-22,1401.65,1380.0,19.25,6.05,2019-07-25,6592.230585381514,499.41140798344804,0,False,0,11346.2,11300.0,40.0,36.5,0,61.694664292891005,-215.93132502511853,No SL Hit
LT.EQ-NSE,2019-08-26,1337.5,1320.0,8.7,0.05,2019-08-29,4527.102803738318,523.3644859813085,0,False,0,11057.85,11000.0,50.1,56.3,0,63.30344506391387,392.4813593962657,No SL Hit
LT.EQ-NSE,2019-09-23,1540.45,1520.0,29.55,28.95,2019-09-26,272.64760297315786,454.41267162192867,0,False,0,11600.2,11550.0,0.05,72.0,0,60.34378717608317,4341.735487319184,No SL Hit
LT.EQ-NSE,2019-10-29,1462.4,1460.0,10.0,0.35,2019-10-31,4619.119256017505,478.6652078774617,0,False,0,11786.85,11750.0,0.05,32.75,0,59.388216529437464,1941.9946805126053,No SL Hit
LT.EQ-NSE,2019-11-25,1385.0,1380.0,12.5,37.5,2019-11-27,-12635.379061371841,505.41516245487367,0,False,0,12073.75,12000.0,20.0,25.75,0,57.97701625427063,333.3678434620561,Intraday SL Hit
LT.EQ-NSE,2019-12-23,1312.0,1300.0,5.0,15.0,2019-12-26,-5335.365853658536,533.5365853658536,0,False,0,12262.75,12200.0,73.35,15.6,0,57.08344376261442,-3296.5688772909825,Intraday SL Hit
LT.EQ-NSE,2020-01-27,1347.0,1340.0,9.5,0.05,2020-01-30,4910.9131403118035,519.6733481811433,0,False,0,12119.0,12050.0,14.3,38.0,0,57.760541298787025,1368.9248287812525,No SL Hit
LT.EQ-NSE,2020-02-24,1259.5,1240.0,5.5,16.5,2020-02-26,-6113.53711790393,555.77610162763,0,False,0,11829.4,11800.0,172.6,76.0,0,59.17459888075473,-5716.266251880907,Intraday SL Hit
LT.EQ-NSE,2020-03-23,721.0,740.0,56.6,0.05,2020-03-26,54902.912621359224,970.8737864077669,0,False,0,7610.25,7550.0,0.05,336.5,0,91.98120955290563,30947.077954075095,No SL Hit
LT.EQ-NSE,2020-04-27,856.5,840.0,10.75,0.05,2020-04-30,8744.892002335084,817.2796263864565,0,False,0,9282.3,9200.0,0.05,80.0,0,75.41234392338106,6029.216896674316,No SL Hit
LT.EQ-NSE,2020-05-26,825.65,820.0,6.95,0.1,2020-05-28,5807.545570156847,847.816871555744,0,False,0,9029.05,8950.0,0.05,41.55,0,77.52753611952532,3217.392748960301,No SL Hit
LT.EQ-NSE,2020-06-22,908.45,900.0,13.7,0.05,2020-06-25,10517.915130166766,770.5432329792503,0,False,0,10311.2,10200.0,0.05,65.85,0,67.88734579874311,4466.987353557297,No SL Hit
LT.EQ-NSE,2020-07-27,903.0,890.0,7.4,0.25,2020-07-30,5542.635658914729,775.1937984496124,0,False,0,11131.8,11000.0,0.05,49.0,0,62.88291201782282,3078.118543272427,No SL Hit
LT.EQ-NSE,2020-08-24,992.5,980.0,5.95,5.5,2020-08-27,317.3803526448364,705.2896725440806,0,False,0,11466.45,11350.0,0.05,32.05,0,61.047665144835584,1953.5252846347385,No SL Hit
LT.EQ-NSE,2020-09-21,878.35,860.0,5.55,16.65,2020-09-24,-8846.131951955369,796.9488245004839,0,False,0,11250.55,11150.0,351.05,75.1,0,62.21918039562511,-17169.38283017275,Intraday SL Hit
LT.EQ-NSE,2020-10-26,952.5,940.0,9.1,5.0,2020-10-29,3013.1233595800522,734.9081364829397,0,False,0,11767.75,11650.0,0.05,46.05,0,59.484608357587476,2736.291984449024,No SL Hit
LT.EQ-NSE,2020-11-23,1125.1,1100.0,7.85,0.15,2020-11-26,4790.685272420229,622.1669184961337,0,False,0,12926.45,12800.0,0.05,40.3,0,54.152532211086566,2179.6394214962343,No SL Hit
LT.EQ-NSE,2020-12-28,1290.0,1280.0,11.4,0.15,2020-12-31,6104.6511627906975,542.6356589147287,0,False,0,13873.2,13750.0,0.05,39.0,0,50.45699622293342,1965.3000028832569,No SL Hit
LT.EQ-NSE,2021-01-25,1363.05,1340.0,14.9,0.1,2021-01-28,7600.6015920179025,513.5541616228312,0,False,0,14238.9,14100.0,282.5,41.95,0,49.16110092774021,-11825.702828167907,No SL Hit
LT.EQ-NSE,2021-02-22,1453.9,1440.0,10.75,0.05,2021-02-25,5151.661049590755,481.46364949446314,0,False,0,14675.7,14550.0,0.05,87.5,0,47.697895160026434,4171.180931744312,No SL Hit
LT.EQ-NSE,2021-03-22,1401.9,1380.0,9.0,7.0,2021-03-25,998.644696483344,499.322348241672,0,False,0,14736.4,14600.0,275.05,73.45,0,47.501425042751286,-9576.28728861866,No SL Hit
LT.EQ-NSE,2021-04-26,1339.0,1320.0,8.5,0.05,2021-04-29,4417.475728155339,522.7781926811053,0,False,0,14485.0,14400.0,0.05,97.65,0,48.32585433206766,4716.603382809803,No SL Hit
LT.EQ-NSE,2021-05-24,1443.0,1420.0,5.45,0.05,2021-05-27,2619.54261954262,485.1004851004851,0,False,0,15197.7,15100.0,0.1,55.0,0,46.059601123854264,2528.672101699599,No SL Hit
LT.EQ-NSE,2021-06-21,1467.8,1460.0,8.4,0.2,2021-06-24,3910.6145251396656,476.904210382886,0,False,0,15746.5,15650.0,0.05,48.3,0,44.45432318292954,2144.9210935763504,No SL Hit
LT.EQ-NSE,2021-07-26,1598.05,1580.0,18.25,0.25,2021-07-29,7884.609367666844,438.0338537592691,0,False,0,15824.45,15750.0,0.05,41.0,0,44.23534467232668,1811.4373643317779,No SL Hit
LT.EQ-NSE,2021-08-23,1578.95,1560.0,7.2,0.1,2021-08-26,3147.661420564299,443.3325944456759,0,False,0,16496.45,16400.0,0.05,45.2,0,42.43337202852735,1915.8667470880102,No SL Hit
LT.EQ-NSE,2021-09-27,1739.1,1720.0,6.4,19.200000000000003,2021-09-30,-5152.090161577828,402.5070438732678,0,False,0,17855.1,17750.0,170.6,54.6,0,39.20448499308321,-4547.720259197653,Intraday SL Hit
LT.EQ-NSE,2021-10-25,1783.0,1760.0,13.7,0.05,2021-10-28,5358.9455973079075,392.5967470555244,0,False,0,18125.4,18050.0,191.0,79.0,0,38.619837355313535,-4325.421783795116,No SL Hit
LT.EQ-NSE,2021-11-22,1865.0,1840.0,7.0,0.1,2021-11-25,2589.8123324396784,375.33512064343165,0,False,0,17416.55,17350.0,0.05,71.15,0,40.191656786217706,2857.626797500079,No SL Hit
LT.EQ-NSE,2021-12-27,1868.0,1860.0,10.3,0.05,2021-12-30,3841.0064239828694,374.7323340471092,0,False,0,17086.25,17000.0,0.05,70.25,0,40.96861511449265,2875.996781037384,No SL Hit
LT.EQ-NSE,2022-01-24,1900.1,1880.0,12.0,0.05,2022-01-27,4402.399873690859,368.40166307036475,0,False,0,17149.1,17050.0,0.05,123.5,0,40.81846860768204,5039.039949618348,No SL Hit
LT.EQ-NSE,2022-02-21,1861.0,1840.0,11.05,33.150000000000006,2022-02-22,-8312.735088662012,376.14185921547556,0,False,0,17206.65,17100.0,316.55,101.0,0,40.68194564310891,-8768.993383372126,Intraday SL Hit
LT.EQ-NSE,2022-03-28,1740.05,1720.0,6.85,0.05,2022-03-31,2735.553576046665,402.28729059509783,0,False,0,17222.0,17150.0,0.05,79.0,0,40.64568575078388,3208.9768900243876,No SL Hit
LT.EQ-NSE,2022-04-25,1660.0,1640.0,8.65,0.05,2022-04-28,3626.5060240963858,421.68674698795184,0,False,0,16953.95,16850.0,0.05,85.3,0,41.28831334290829,3519.8287124829317,No SL Hit
LT.EQ-NSE,2022-05-23,1641.0,1620.0,9.6,28.799999999999997,2022-05-25,-8190.1279707495405,426.56916514320534,0,False,0,16214.7,16150.0,195.35,151.35,0,43.17070312740908,-1899.5109376059993,Intraday SL Hit
LT.EQ-NSE,2022-06-27,1539.75,1520.0,6.8,0.05,2022-06-30,3068.6799805163178,454.6192563727878,0,False,0,15832.05,15750.0,0.05,87.0,0,44.21410998575674,3844.4168632615488,No SL Hit
LT.EQ-NSE,2022-07-25,1780.0,1760.0,15.2,0.05,2022-07-28,5957.865168539325,393.2584269662921,0,False,0,16631.0,16550.0,0.05,72.55,0,42.09007275569719,3051.5302747880464,No SL Hit
LT.EQ-NSE,2022-08-22,1877.0,1860.0,12.0,0.2,2022-08-25,4400.639318060736,372.9355354288759,0,False,0,17490.7,17400.0,0.05,67.4,0,40.02126844551676,2695.432429805554,No SL Hit
LT.EQ-NSE,2022-09-26,1855.8,1840.0,9.85,29.549999999999997,2022-09-29,-7430.757624744045,377.1958185149262,0,False,0,17016.3,16900.0,120.25,85.0,0,41.137027438397304,-1450.080217203505,Intraday SL Hit
LT.EQ-NSE,2022-10-25,1945.0,1940.0,5.0,0.05,2022-10-27,1781.4910025706943,359.8971722365039,0,False,0,17656.35,17550.0,0.05,32.0,0,39.64579315656974,1266.6830913524032,No SL Hit
LT.EQ-NSE,2022-11-21,2011.0,2000.0,8.4,0.05,2022-11-24,2906.5141720537044,348.08552958727,0,False,0,18159.95,18050.0,0.05,30.0,0,38.54636163645825,1154.4635310119245,No SL Hit
LT.EQ-NSE,2022-12-26,2088.1001,2080.0,12.15,0.05,2022-12-29,4056.318947544708,335.23297087146346,0,False,0,18014.6,17900.0,0.05,56.0,0,38.85737124332486,2174.0699210640264,No SL Hit
LT.EQ-NSE,2023-01-23,2235.0,2220.0,8.7,26.65,2023-01-25,-5621.923937360179,313.19910514541385,0,False,0,18118.55,18000.0,9.1,18.8,0,38.63443818627871,374.7540504069035,Overnight SL Hit
LT.EQ-NSE,2023-02-20,2220.5,2200.0,9.7,29.099999999999998,2023-02-23,-6115.739698266156,315.2443143436163,0,False,0,17844.6,17750.0,290.05,40.0,0,39.22755343353172,-9808.849736054606,Intraday SL Hit
LT.EQ-NSE,2023-03-27,2150.8999,2140.0,9.35,0.15,2023-03-29,2994.095634111099,325.4451776207717,0,False,0,16985.7,16900.0,0.05,35.45,0,41.21113642652349,1458.8742294989318,No SL Hit
LT.EQ-NSE,2023-04-24,2232.5,2220.0,10.3,0.05,2023-04-27,3213.8857782754762,313.5498320268757,0,False,0,17743.4,17650.0,0.05,24.3,0,39.45128892996832,956.6937565517318,No SL Hit
LT.EQ-NSE,2023-05-22,2218.3,2200.0,9.8,0.2,2023-05-25,3029.346797096876,315.55695803092453,0,False,0,18314.4,18250.0,0.05,42.15,0,38.22129035076224,1609.1163237670903,No SL Hit
LT.EQ-NSE,2023-06-26,2375.0,2360.0,8.6,0.05,2023-06-28,2520.0,294.7368421052632,0,False,0,18691.2,18650.0,0.05,38.6,0,37.450778976202706,1443.7275295326144,No SL Hit
LT.EQ-NSE,2023-07-24,2608.0,2600.0,27.2,0.05,2023-07-27,7287.193251533741,268.4049079754601,0,False,0,19672.35,19600.0,0.05,51.7,0,35.58293747315395,1837.8587204884016,No SL Hit
LT.EQ-NSE,2023-08-28,2694.0,2680.0,13.8,0.05,2023-08-31,3572.75426874536,259.83667409057165,0,False,0,19306.05,19250.0,0.05,42.3,0,36.25806418195333,1531.9032116875283,No SL Hit
LT.EQ-NSE,2023-09-25,2910.05,2900.0,16.75,0.05,2023-09-28,4017.1131080221985,240.5456950911496,0,False,0,19674.55,19600.0,75.0,35.55,0,35.57895860388167,-1403.5899169231318,No SL Hit
LT.EQ-NSE,2023-10-23,2961.5,2940.0,12.0,36.0,2023-10-26,-5672.8009454668245,236.36670606111767,0,False,0,19281.75,19250.0,411.25,81.0,0,36.30375873559195,-11989.31632242924,Intraday SL Hit
LT.EQ-NSE,2023-11-28,3053.0,3040.0,9.3,0.2,2023-11-30,2086.472322305929,229.28267278087128,0,False,0,19889.7,19850.0,0.05,23.6,0,35.19409543633137,828.8209475256037,No SL Hit
LT.EQ-NSE,2023-12-26,3491.0,3480.0,14.5,0.4,2023-12-28,2827.2701231738756,200.51561157261528,0,False,0,21441.35,21400.0,0.2,49.55,0,32.647198054227,1611.1392239761021,No SL Hit
LT.EQ-NSE,2024-01-23,3547.0,3520.0,15.35,0.05,2024-01-25,3019.4530589230335,197.34987313222442,0,False,0,21238.8,21200.0,0.05,111.0,0,32.9585475638925,3656.7508522138733,No SL Hit
LT.EQ-NSE,2024-02-26,3470.95,3440.0,15.0,0.75,2024-02-29,2873.8529797317738,201.67389331451045,0,False,0,22122.05,22050.0,67.1,91.35,0,31.642637097375697,767.3339496113607,No SL Hit
LT.EQ-NSE,2024-03-26,3669.65,3640.0,9.45,0.1,2024-03-28,1783.5488398076109,190.75388661043968,0,False,0,22004.7,21950.0,0.05,42.55,0,31.81138574940808,1351.9838943498432,No SL Hit
LT.EQ-NSE,2024-04-22,3620.0,3600.0,22.75,0.3,2024-04-25,4341.160220994475,193.37016574585635,0,False,0,22336.4,22250.0,0.15,56.75,0,31.338980319120356,1773.7862860622122,No SL Hit
LT.EQ-NSE,2024-05-27,3647.0,3620.0,17.5,0.35,2024-05-30,3291.7466410748557,191.93857965451056,0,False,0,22932.45,22850.0,361.15,71.05,0,30.524431536970535,-8855.137588875152,No SL Hit
LT.EQ-NSE,2024-06-24,3543.0,3520.0,23.45,0.05,2024-06-27,4623.20067739204,197.57267852102737,0,False,0,23537.85,23450.0,0.1,73.5,0,29.739334731082067,2182.867169261424,No SL Hit
HCLTECH.EQ-NSE,2019-01-28,487.8,485.0,9.9,0.025,2019-01-31,14170.766707667077,1435.0143501435014,0,False,0,10661.55,10600.0,0.05,42.0,0,65.65649459975333,2754.2899484596524,No SL Hit
HCLTECH.EQ-NSE,2019-02-25,541.75,535.0,2.925,10.9,2019-02-27,-10304.568527918782,1292.1089063221043,0,False,0,10880.1,10850.0,49.65,36.5,0,64.33764395547834,-846.0400180145401,Overnight SL Hit
HCLTECH.EQ-NSE,2019-03-25,508.85,500.0,2.075,0.025,2019-03-28,2820.0845042743445,1375.650977694802,0,False,0,11354.25,11300.0,0.1,30.35,0,61.650923662945594,1864.9404408041041,No SL Hit
HCLTECH.EQ-NSE,2019-04-22,549.525,540.0,2.775,0.05,2019-04-25,3471.1796551567268,1273.8273963877896,0,False,0,11594.45,11550.0,0.05,32.05,0,60.3737132852356,1931.958825127539,No SL Hit
HCLTECH.EQ-NSE,2019-05-27,533.0,530.0,4.5,0.025,2019-05-30,5877.110694183864,1313.3208255159475,0,False,0,11924.75,11900.0,0.05,60.65,0,58.701440281766914,3557.307281075075,No SL Hit
HCLTECH.EQ-NSE,2019-06-24,539.0,530.0,1.75,0.025,2019-06-27,2240.2597402597407,1298.7012987012988,0,False,0,11699.65,11650.0,0.05,36.0,0,59.83084964080122,2150.919044586804,No SL Hit
HCLTECH.EQ-NSE,2019-07-22,510.275,510.0,5.0,3.75,2019-07-25,1714.7616481309096,1371.8093185047278,0,False,0,11346.2,11300.0,40.0,36.5,0,61.694664292891005,-215.93132502511853,No SL Hit
HCLTECH.EQ-NSE,2019-08-26,546.125,540.0,3.25,9.75,2019-08-27,-8331.425955596245,1281.7578393224994,0,False,0,11057.85,11000.0,63.1,56.3,0,63.30344506391387,-430.4634264346146,Intraday SL Hit
HCLTECH.EQ-NSE,2019-09-23,513.1,510.0,4.85,0.025,2019-09-26,6582.537517053205,1364.256480218281,0,False,0,11600.2,11550.0,0.05,72.0,0,60.34378717608317,4341.735487319184,No SL Hit
HCLTECH.EQ-NSE,2019-10-29,570.0,570.0,4.5,0.025,2019-10-31,5495.614035087719,1228.0701754385964,0,False,0,11786.85,11750.0,0.05,32.75,0,59.388216529437464,1941.9946805126053,No SL Hit
HCLTECH.EQ-NSE,2019-11-25,562.75,560.0,4.0,0.025,2019-11-28,4944.4691248334075,1243.8916037316749,0,False,0,12073.75,12000.0,0.05,25.75,0,57.97701625427063,1490.009317734755,No SL Hit
HCLTECH.EQ-NSE,2019-12-23,570.0,560.0,0.85,2.55,2019-12-24,-2087.7192982456136,1228.0701754385964,0,False,0,12262.75,12200.0,19.0,15.6,0,57.08344376261442,-194.08370879288907,Intraday SL Hit
HCLTECH.EQ-NSE,2020-01-27,605.55,600.0,3.3,0.3,2020-01-30,3467.921724052514,1155.9739080175048,0,False,0,12119.0,12050.0,14.3,38.0,0,57.760541298787025,1368.9248287812525,No SL Hit
HCLTECH.EQ-NSE,2020-02-24,592.7,590.0,5.4,16.200000000000003,2020-02-27,-12755.18812215286,1181.0359372363757,0,False,0,11829.4,11800.0,260.55,76.0,0,59.17459888075473,-10920.672223443285,Intraday SL Hit
HCLTECH.EQ-NSE,2020-03-23,425.0,420.0,22.8,1.6,2020-03-26,34917.647058823524,1647.0588235294117,0,False,0,7610.25,7550.0,0.05,336.5,0,91.98120955290563,30947.077954075095,No SL Hit
HCLTECH.EQ-NSE,2020-04-27,484.0,480.0,8.1,0.05,2020-04-30,11642.561983471072,1446.280991735537,0,False,0,9282.3,9200.0,0.05,80.0,0,75.41234392338106,6029.216896674316,No SL Hit
HCLTECH.EQ-NSE,2020-05-26,527.5,520.0,3.3,0.1,2020-05-28,4246.445497630331,1327.0142180094788,0,False,0,9029.05,8950.0,0.05,41.55,0,77.52753611952532,3217.392748960301,No SL Hit
HCLTECH.EQ-NSE,2020-06-22,569.95,560.0,5.35,10.1,2020-06-25,-5833.845074129309,1228.1779103430124,0,False,0,10311.2,10200.0,0.05,65.85,0,67.88734579874311,4466.987353557297,No SL Hit
HCLTECH.EQ-NSE,2020-07-27,700.45,690.0,8.0,0.1,2020-07-30,7894.924691269898,999.357555856949,0,False,0,11131.8,11000.0,0.05,49.0,0,62.88291201782282,3078.118543272427,No SL Hit
HCLTECH.EQ-NSE,2020-08-24,707.9,700.0,4.75,0.05,2020-08-27,4647.549088854358,988.84023167114,0,False,0,11466.45,11350.0,0.05,32.05,0,61.047665144835584,1953.5252846347385,No SL Hit
HCLTECH.EQ-NSE,2020-09-21,801.15,790.0,9.25,0.1,2020-09-24,7994.75753604194,873.743993010048,0,False,0,11250.55,11150.0,344.05,75.1,0,62.21918039562511,-16733.848567403376,No SL Hit
HCLTECH.EQ-NSE,2020-10-26,847.45,840.0,6.3,21.15,2020-10-29,-12266.21039589356,826.0074340669065,0,False,0,11767.75,11650.0,61.75,46.05,0,59.484608357587476,-933.9083512141235,Overnight SL Hit
HCLTECH.EQ-NSE,2020-11-23,838.2,830.0,7.25,0.05,2020-11-26,6012.884753042233,835.1228823669768,0,False,0,12926.45,12800.0,0.05,40.3,0,54.152532211086566,2179.6394214962343,No SL Hit
HCLTECH.EQ-NSE,2020-12-28,922.7,910.0,5.7,0.05,2020-12-31,4286.333586214371,758.6431126043134,0,False,0,13873.2,13750.0,0.05,39.0,0,50.45699622293342,1965.3000028832569,No SL Hit
HCLTECH.EQ-NSE,2021-01-25,948.0,940.0,7.0,6.0,2021-01-28,738.3966244725739,738.3966244725739,0,False,0,14238.9,14100.0,282.5,41.95,0,49.16110092774021,-11825.702828167907,No SL Hit
HCLTECH.EQ-NSE,2021-02-22,918.5,910.0,7.6,0.05,2021-02-25,5753.9466521502445,762.1121393576483,0,False,0,14675.7,14550.0,0.05,87.5,0,47.697895160026434,4171.180931744312,No SL Hit
HCLTECH.EQ-NSE,2021-03-22,981.9,970.0,9.0,13.0,2021-03-25,-2851.6142173337407,712.9035543334352,0,False,0,14736.4,14600.0,275.05,73.45,0,47.501425042751286,-9576.28728861866,No SL Hit
HCLTECH.EQ-NSE,2021-04-26,929.8,920.0,13.5,12.0,2021-04-29,1129.2751129275114,752.8500752850076,0,False,0,14485.0,14400.0,0.05,97.65,0,48.32585433206766,4716.603382809803,No SL Hit
HCLTECH.EQ-NSE,2021-05-24,933.0,920.0,2.55,0.05,2021-05-27,1875.6698821007503,750.2679528403002,0,False,0,15197.7,15100.0,0.1,55.0,0,46.059601123854264,2528.672101699599,No SL Hit
HCLTECH.EQ-NSE,2021-06-21,981.5,970.0,3.0,0.05,2021-06-24,2103.9225674987265,713.1940906775344,0,False,0,15746.5,15650.0,0.05,48.3,0,44.45432318292954,2144.9210935763504,No SL Hit
HCLTECH.EQ-NSE,2021-07-26,1000.0,990.0,5.0,0.05,2021-07-29,3465.0,700.0,0,False,0,15824.45,15750.0,0.05,41.0,0,44.23534467232668,1811.4373643317779,No SL Hit
HCLTECH.EQ-NSE,2021-08-23,1165.0,1150.0,7.8,0.05,2021-08-26,4656.652360515021,600.8583690987125,0,False,0,16496.45,16400.0,0.05,45.2,0,42.43337202852735,1915.8667470880102,No SL Hit
HCLTECH.EQ-NSE,2021-09-27,1298.0,1290.0,12.55,37.650000000000006,2021-09-28,-13536.20955315871,539.291217257319,0,False,0,17855.1,17750.0,198.0,54.6,0,39.20448499308321,-5621.923148008133,Intraday SL Hit
HCLTECH.EQ-NSE,2021-10-25,1168.0,1160.0,6.95,1.05,2021-10-28,3535.958904109589,599.3150684931506,0,False,0,18125.4,18050.0,191.0,79.0,0,38.619837355313535,-4325.421783795116,No SL Hit
HCLTECH.EQ-NSE,2021-11-22,1113.3,1100.0,4.75,14.25,2021-11-23,-5973.232731518909,628.7613401598851,0,False,0,17416.55,17350.0,176.2,71.15,0,40.191656786217706,-4222.133545392169,Intraday SL Hit
HCLTECH.EQ-NSE,2021-12-27,1267.0,1260.0,9.15,0.05,2021-12-30,5027.624309392265,552.4861878453039,0,False,0,17086.25,17000.0,0.05,70.25,0,40.96861511449265,2875.996781037384,No SL Hit
HCLTECH.EQ-NSE,2022-01-24,1122.0,1110.0,11.45,34.349999999999994,2022-01-27,-14286.987522281637,623.885918003565,0,False,0,17149.1,17050.0,192.0,123.5,0,40.81846860768204,-2796.0650996262198,Intraday SL Hit
HCLTECH.EQ-NSE,2022-02-21,1164.0,1150.0,5.8,17.4,2022-02-22,-6975.94501718213,601.3745704467354,0,False,0,17206.65,17100.0,316.55,101.0,0,40.68194564310891,-8768.993383372126,Intraday SL Hit
HCLTECH.EQ-NSE,2022-03-28,1162.5,1150.0,4.5,0.1,2022-03-31,2649.462365591398,602.1505376344086,0,False,0,17222.0,17150.0,0.05,79.0,0,40.64568575078388,3208.9768900243876,No SL Hit
HCLTECH.EQ-NSE,2022-04-25,1092.0,1080.0,15.4,0.3,2022-04-28,9679.48717948718,641.025641025641,0,False,0,16953.95,16850.0,0.05,85.3,0,41.28831334290829,3519.8287124829317,No SL Hit
HCLTECH.EQ-NSE,2022-05-23,1016.45,1010.0,6.75,20.25,2022-05-24,-9297.063308573957,688.6713561906636,0,False,0,16214.7,16150.0,192.2,151.35,0,43.17070312740908,-1763.5232227546605,Intraday SL Hit
HCLTECH.EQ-NSE,2022-06-27,992.8,980.0,7.45,2.65,2022-06-30,3384.367445608381,705.0765511684126,0,False,0,15832.05,15750.0,0.05,87.0,0,44.21410998575674,3844.4168632615488,No SL Hit
HCLTECH.EQ-NSE,2022-07-25,929.95,920.0,4.15,0.05,2022-07-28,3086.1874294316904,752.7286413248024,0,False,0,16631.0,16550.0,0.05,72.55,0,42.09007275569719,3051.5302747880464,No SL Hit
HCLTECH.EQ-NSE,2022-08-22,960.3,950.0,5.45,6.5,2022-08-25,-765.3858169322085,728.9388732687702,0,False,0,17490.7,17400.0,0.05,67.4,0,40.02126844551676,2695.432429805554,No SL Hit
HCLTECH.EQ-NSE,2022-09-26,908.0,900.0,7.6,0.05,2022-09-29,5820.484581497797,770.9251101321586,0,False,0,17016.3,16900.0,81.45,85.0,0,41.137027438397304,146.03644740631032,No SL Hit
HCLTECH.EQ-NSE,2022-10-25,1030.0,1020.0,2.3,0.05,2022-10-27,1529.1262135922332,679.6116504854369,0,False,0,17656.35,17550.0,0.05,32.0,0,39.64579315656974,1266.6830913524032,No SL Hit
HCLTECH.EQ-NSE,2022-11-21,1096.0,1090.0,6.0,0.05,2022-11-24,3800.182481751825,638.6861313868613,0,False,0,18159.95,18050.0,0.05,30.0,0,38.54636163645825,1154.4635310119245,No SL Hit
HCLTECH.EQ-NSE,2022-12-26,1030.05,1020.0,4.6,0.05,2022-12-29,3092.0829085966698,679.5786612300374,0,False,0,18014.6,17900.0,0.05,56.0,0,38.85737124332486,2174.0699210640264,No SL Hit
HCLTECH.EQ-NSE,2023-01-23,1122.0,1110.0,0.8,0.05,2023-01-25,467.91443850267376,623.885918003565,0,False,0,18118.55,18000.0,108.0,18.8,0,38.63443818627871,-3446.191886216061,No SL Hit
HCLTECH.EQ-NSE,2023-02-20,1115.75,1110.0,5.35,17.0,2023-02-22,-7308.984987676451,627.3806856374636,0,False,0,17844.6,17750.0,45.0,40.0,0,39.22755343353172,-196.13776716765858,Overnight SL Hit
HCLTECH.EQ-NSE,2023-03-27,1052.85,1050.0,5.0,0.05,2023-03-29,3291.067103576009,664.8620411264664,0,False,0,16985.7,16900.0,0.05,35.45,0,41.21113642652349,1458.8742294989318,No SL Hit
HCLTECH.EQ-NSE,2023-04-24,1055.0,1050.0,5.0,0.05,2023-04-27,3284.36018957346,663.5071090047394,0,False,0,17743.4,17650.0,0.05,24.3,0,39.45128892996832,956.6937565517318,No SL Hit
HCLTECH.EQ-NSE,2023-05-22,1115.15,1110.0,3.6,11.9,2023-05-24,-5210.061426713894,627.7182441823969,0,False,0,18314.4,18250.0,34.0,42.15,0,38.22129035076224,311.5035163587122,Overnight SL Hit
HCLTECH.EQ-NSE,2023-06-26,1166.9,1160.0,3.65,0.15,2023-06-28,2099.580083983203,599.8800239952009,0,False,0,18691.2,18650.0,0.05,38.6,0,37.450778976202706,1443.7275295326144,No SL Hit
HCLTECH.EQ-NSE,2023-07-24,1111.6,1100.0,3.5,0.05,2023-07-27,2172.544080604534,629.7229219143577,0,False,0,19672.35,19600.0,0.05,51.7,0,35.58293747315395,1837.8587204884016,No SL Hit
HCLTECH.EQ-NSE,2023-08-28,1151.0,1140.0,3.95,0.05,2023-08-31,2371.850564726325,608.1668114682884,0,False,0,19306.05,19250.0,0.05,42.3,0,36.25806418195333,1531.9032116875283,No SL Hit
HCLTECH.EQ-NSE,2023-09-25,1266.05,1260.0,5.85,17.549999999999997,2023-09-28,-6468.9388254808255,552.9007543146006,0,False,0,19674.55,19600.0,96.5,35.55,0,35.57895860388167,-2168.5375269065876,Intraday SL Hit
HCLTECH.EQ-NSE,2023-10-23,1234.95,1230.0,4.15,0.05,2023-10-26,2323.9807279646952,566.824567796267,0,False,0,19281.75,19250.0,395.25,81.0,0,36.30375873559195,-11408.45618265977,No SL Hit
HCLTECH.EQ-NSE,2023-11-28,1319.9,1310.0,1.4,0.55,2023-11-30,450.7917266459579,530.3432078187741,0,False,0,19889.7,19850.0,0.05,23.6,0,35.19409543633137,828.8209475256037,No SL Hit
HCLTECH.EQ-NSE,2023-12-26,1459.6,1450.0,7.1,0.5,2023-12-28,3165.250753631132,479.5834475198685,0,False,0,21441.35,21400.0,0.2,49.55,0,32.647198054227,1611.1392239761021,No SL Hit
HCLTECH.EQ-NSE,2024-01-23,1522.0,1510.0,6.45,0.05,2024-01-25,2943.4954007884367,459.9211563731932,0,False,0,21238.8,21200.0,0.05,111.0,0,32.9585475638925,3656.7508522138733,No SL Hit
HCLTECH.EQ-NSE,2024-02-26,1649.5,1640.0,8.35,0.05,2024-02-29,3522.2794786298873,424.37102152167324,0,False,0,22122.05,22050.0,67.1,91.35,0,31.642637097375697,767.3339496113607,No SL Hit
HCLTECH.EQ-NSE,2024-03-26,1563.0,1550.0,5.5,16.5,2024-03-28,-4926.423544465771,447.85668586052464,0,False,0,22004.7,21950.0,6.85,42.55,0,31.81138574940808,1135.6664712538682,Intraday SL Hit
HCLTECH.EQ-NSE,2024-04-22,1470.0,1460.0,9.7,0.45,2024-04-25,4404.761904761905,476.1904761904762,0,False,0,22336.4,22250.0,0.15,56.75,0,31.338980319120356,1773.7862860622122,No SL Hit
HCLTECH.EQ-NSE,2024-05-27,1352.0,1340.0,5.2,5.3,2024-05-30,-51.775147928993896,517.7514792899408,0,False,0,22932.45,22850.0,361.15,71.05,0,30.524431536970535,-8855.137588875152,No SL Hit
HCLTECH.EQ-NSE,2024-06-24,1439.15,1420.0,4.0,0.05,2024-06-27,1921.2729736302679,486.3982211722197,0,False,0,23537.85,23450.0,0.1,73.5,0,29.739334731082067,2182.867169261424,No SL Hit
SUNPHARMA.EQ-NSE,2019-01-28,411.5,410.0,4.8,0.05,2019-01-31,8080.194410692588,1701.093560145808,0,False,0,10661.55,10600.0,0.05,42.0,0,65.65649459975333,2754.2899484596524,No SL Hit
SUNPHARMA.EQ-NSE,2019-02-25,436.75,430.0,3.05,9.149999999999999,2019-02-26,-9776.760160274755,1602.7475672581568,0,False,0,10880.1,10850.0,146.0,36.5,0,64.33764395547834,-7044.972013124879,Intraday SL Hit
SUNPHARMA.EQ-NSE,2019-03-25,465.0,460.0,2.9,0.05,2019-03-28,4290.322580645162,1505.3763440860216,0,False,0,11354.25,11300.0,0.1,30.35,0,61.650923662945594,1864.9404408041041,No SL Hit
SUNPHARMA.EQ-NSE,2019-04-22,453.5,450.0,3.9,0.05,2019-04-25,5942.668136714444,1543.550165380375,0,False,0,11594.45,11550.0,0.05,32.05,0,60.3737132852356,1931.958825127539,No SL Hit
SUNPHARMA.EQ-NSE,2019-05-27,414.4,410.0,9.2,0.05,2019-05-30,15456.08108108108,1689.1891891891894,0,False,0,11924.75,11900.0,0.05,60.65,0,58.701440281766914,3557.307281075075,No SL Hit
SUNPHARMA.EQ-NSE,2019-06-24,383.2,380.0,3.0,0.05,2019-06-27,5388.830897703549,1826.722338204593,0,False,0,11699.65,11650.0,0.05,36.0,0,59.83084964080122,2150.919044586804,No SL Hit
SUNPHARMA.EQ-NSE,2019-07-22,430.0,430.0,5.7,0.05,2019-07-25,9197.674418604653,1627.906976744186,0,False,0,11346.2,11300.0,40.0,36.5,0,61.694664292891005,-215.93132502511853,No SL Hit
SUNPHARMA.EQ-NSE,2019-08-26,418.95,410.0,3.15,0.05,2019-08-29,5179.6157059314955,1670.843776106934,0,False,0,11057.85,11000.0,50.1,56.3,0,63.30344506391387,392.4813593962657,No SL Hit
SUNPHARMA.EQ-NSE,2019-09-23,407.0,400.0,4.9,0.05,2019-09-26,8341.523341523342,1719.9017199017198,0,False,0,11600.2,11550.0,0.05,72.0,0,60.34378717608317,4341.735487319184,No SL Hit
SUNPHARMA.EQ-NSE,2019-10-29,421.8,420.0,3.65,0.05,2019-10-31,5974.395448079658,1659.5542911332384,0,False,0,11786.85,11750.0,0.05,32.75,0,59.388216529437464,1941.9946805126053,No SL Hit
SUNPHARMA.EQ-NSE,2019-11-25,458.45,450.0,3.05,0.05,2019-11-28,4580.652197622424,1526.8840658741412,0,False,0,12073.75,12000.0,0.05,25.75,0,57.97701625427063,1490.009317734755,No SL Hit
SUNPHARMA.EQ-NSE,2019-12-23,427.5,420.0,1.8,0.05,2019-12-26,2865.497076023392,1637.4269005847952,0,False,0,12262.75,12200.0,73.35,15.6,0,57.08344376261442,-3296.5688772909825,No SL Hit
SUNPHARMA.EQ-NSE,2020-01-27,448.75,440.0,2.1,0.05,2020-01-30,3197.771587743733,1559.8885793871866,0,False,0,12119.0,12050.0,14.3,38.0,0,57.760541298787025,1368.9248287812525,No SL Hit
SUNPHARMA.EQ-NSE,2020-02-24,397.35,390.0,3.8,11.399999999999999,2020-02-26,-13388.700138417009,1761.6710708443436,0,False,0,11829.4,11800.0,172.6,76.0,0,59.17459888075473,-5716.266251880907,Intraday SL Hit
SUNPHARMA.EQ-NSE,2020-03-23,332.0,330.0,19.9,0.05,2020-03-26,41852.409638554214,2108.4337349397592,0,False,0,7610.25,7550.0,0.05,336.5,0,91.98120955290563,30947.077954075095,No SL Hit
SUNPHARMA.EQ-NSE,2020-04-27,489.75,480.0,7.7,14.0,2020-04-30,-9004.59418070444,1429.3006636038795,0,False,0,9282.3,9200.0,0.05,80.0,0,75.41234392338106,6029.216896674316,No SL Hit
SUNPHARMA.EQ-NSE,2020-05-26,460.0,460.0,11.5,2.2,2020-05-28,14152.173913043478,1521.7391304347825,0,False,0,9029.05,8950.0,0.05,41.55,0,77.52753611952532,3217.392748960301,No SL Hit
SUNPHARMA.EQ-NSE,2020-06-22,493.5,490.0,7.5,1.5,2020-06-25,8510.638297872341,1418.4397163120568,0,False,0,10311.2,10200.0,0.05,65.85,0,67.88734579874311,4466.987353557297,No SL Hit
SUNPHARMA.EQ-NSE,2020-07-27,473.25,470.0,6.45,0.1,2020-07-30,9392.498679344957,1479.1336502905442,0,False,0,11131.8,11000.0,0.05,49.0,0,62.88291201782282,3078.118543272427,No SL Hit
SUNPHARMA.EQ-NSE,2020-08-24,533.0,530.0,4.3,0.3,2020-08-27,5253.28330206379,1313.3208255159475,0,False,0,11466.45,11350.0,0.05,32.05,0,61.047665144835584,1953.5252846347385,No SL Hit
SUNPHARMA.EQ-NSE,2020-09-21,503.7,500.0,7.4,15.1,2020-09-24,-10700.813976573356,1389.7161008536827,0,False,0,11250.55,11150.0,344.05,75.1,0,62.21918039562511,-16733.848567403376,No SL Hit
SUNPHARMA.EQ-NSE,2020-10-26,474.75,470.0,4.45,13.350000000000001,2020-10-29,-13122.696155871516,1474.4602422327541,0,False,0,11767.75,11650.0,80.9,46.05,0,59.484608357587476,-2073.038601261924,Intraday SL Hit
SUNPHARMA.EQ-NSE,2020-11-23,513.5,510.0,6.05,0.05,2020-11-26,8179.162609542356,1363.1937682570594,0,False,0,12926.45,12800.0,0.05,40.3,0,54.152532211086566,2179.6394214962343,No SL Hit
SUNPHARMA.EQ-NSE,2020-12-28,587.55,580.0,4.05,0.05,2020-12-31,4765.551867926134,1191.3879669815335,0,False,0,13873.2,13750.0,0.05,39.0,0,50.45699622293342,1965.3000028832569,No SL Hit
SUNPHARMA.EQ-NSE,2021-01-25,584.15,580.0,4.15,12.450000000000001,2021-01-27,-9946.07549430797,1198.3223487118034,0,False,0,14238.9,14100.0,184.0,41.95,0,49.16110092774021,-6983.334386785497,Intraday SL Hit
SUNPHARMA.EQ-NSE,2021-02-22,591.15,580.0,3.2,0.05,2021-02-25,3730.017761989343,1184.1326228537596,0,False,0,14675.7,14550.0,0.05,87.5,0,47.697895160026434,4171.180931744312,No SL Hit
SUNPHARMA.EQ-NSE,2021-03-22,591.25,580.0,2.45,7.3500000000000005,2021-03-25,-5801.268498942918,1183.9323467230445,0,False,0,14736.4,14600.0,341.55,73.45,0,47.501425042751286,-12735.13205396162,Intraday SL Hit
SUNPHARMA.EQ-NSE,2021-04-26,633.45,630.0,5.0,0.05,2021-04-29,5470.044991712052,1105.059594285263,0,False,0,14485.0,14400.0,0.05,97.65,0,48.32585433206766,4716.603382809803,No SL Hit
SUNPHARMA.EQ-NSE,2021-05-24,692.15,690.0,6.25,0.05,2021-05-27,6270.317127790219,1011.3414722242289,0,False,0,15197.7,15100.0,0.1,55.0,0,46.059601123854264,2528.672101699599,No SL Hit
SUNPHARMA.EQ-NSE,2021-06-21,671.9,670.0,4.6,5.0,2021-06-24,-416.7286798630753,1041.8216996576873,0,False,0,15746.5,15650.0,0.05,48.3,0,44.45432318292954,2144.9210935763504,No SL Hit
SUNPHARMA.EQ-NSE,2021-07-26,701.75,700.0,3.4,10.2,2021-07-27,-6783.042394014961,997.5062344139651,0,False,0,15824.45,15750.0,98.75,41.0,0,44.23534467232668,-2554.591154826866,Intraday SL Hit
SUNPHARMA.EQ-NSE,2021-08-23,758.5,750.0,4.0,0.05,2021-08-26,3645.352669742914,922.8740936058009,0,False,0,16496.45,16400.0,0.05,45.2,0,42.43337202852735,1915.8667470880102,No SL Hit
SUNPHARMA.EQ-NSE,2021-09-27,763.0,760.0,4.8,0.05,2021-09-30,4357.798165137615,917.4311926605504,0,False,0,17855.1,17750.0,132.75,54.6,0,39.20448499308321,-3063.8305022094532,No SL Hit
SUNPHARMA.EQ-NSE,2021-10-25,811.95,800.0,3.5,0.05,2021-10-28,2974.3210788841675,862.1220518504833,0,False,0,18125.4,18050.0,191.0,79.0,0,38.619837355313535,-4325.421783795116,No SL Hit
SUNPHARMA.EQ-NSE,2021-11-22,771.0,760.0,4.1,0.05,2021-11-25,3677.04280155642,907.911802853437,0,False,0,17416.55,17350.0,0.05,71.15,0,40.191656786217706,2857.626797500079,No SL Hit
SUNPHARMA.EQ-NSE,2021-12-27,794.7,790.0,4.1,0.05,2021-12-30,3567.3839184597955,880.8355354221718,0,False,0,17086.25,17000.0,0.05,70.25,0,40.96861511449265,2875.996781037384,No SL Hit
SUNPHARMA.EQ-NSE,2022-01-24,797.0,790.0,7.55,0.05,2022-01-27,6587.202007528231,878.2936010037641,0,False,0,17149.1,17050.0,0.05,123.5,0,40.81846860768204,5039.039949618348,No SL Hit
SUNPHARMA.EQ-NSE,2022-02-21,845.0,840.0,4.6,13.799999999999999,2022-02-22,-7621.301775147928,828.4023668639053,0,False,0,17206.65,17100.0,316.55,101.0,0,40.68194564310891,-8768.993383372126,Intraday SL Hit
SUNPHARMA.EQ-NSE,2022-03-28,904.95,900.0,4.5,0.05,2022-03-31,3442.1791259185593,773.5233990828223,0,False,0,17222.0,17150.0,0.05,79.0,0,40.64568575078388,3208.9768900243876,No SL Hit
SUNPHARMA.EQ-NSE,2022-04-25,901.1,890.0,4.5,0.05,2022-04-28,3456.8860281877705,776.828320941072,0,False,0,16953.95,16850.0,0.05,85.3,0,41.28831334290829,3519.8287124829317,No SL Hit
SUNPHARMA.EQ-NSE,2022-05-23,921.1,910.0,5.9,17.700000000000003,2022-05-26,-8967.538812289655,759.9609162957333,0,False,0,16214.7,16150.0,266.65,151.35,0,43.17070312740908,-4977.582070590266,Intraday SL Hit
SUNPHARMA.EQ-NSE,2022-06-27,835.5,830.0,4.25,0.05,2022-06-30,3518.850987432675,837.8216636744464,0,False,0,15832.05,15750.0,0.05,87.0,0,44.21410998575674,3844.4168632615488,No SL Hit
SUNPHARMA.EQ-NSE,2022-07-25,869.2,860.0,3.3,0.05,2022-07-28,2617.349286700414,805.3382420616658,0,False,0,16631.0,16550.0,0.05,72.55,0,42.09007275569719,3051.5302747880464,No SL Hit
SUNPHARMA.EQ-NSE,2022-08-22,881.0,870.0,5.55,0.1,2022-08-25,4330.306469920545,794.5516458569807,0,False,0,17490.7,17400.0,0.05,67.4,0,40.02126844551676,2695.432429805554,No SL Hit
SUNPHARMA.EQ-NSE,2022-09-26,902.0,890.0,2.3,0.05,2022-09-29,1746.1197339246119,776.0532150776053,0,False,0,17016.3,16900.0,81.45,85.0,0,41.137027438397304,146.03644740631032,No SL Hit
SUNPHARMA.EQ-NSE,2022-10-25,988.1,980.0,0.6,0.05,2022-10-27,389.636676449752,708.430320817731,0,False,0,17656.35,17550.0,0.05,32.0,0,39.64579315656974,1266.6830913524032,No SL Hit
SUNPHARMA.EQ-NSE,2022-11-21,1003.5,1000.0,4.65,0.1,2022-11-24,3173.8913801694075,697.5585450921774,0,False,0,18159.95,18050.0,0.05,30.0,0,38.54636163645825,1154.4635310119245,No SL Hit
SUNPHARMA.EQ-NSE,2022-12-26,1000.0,990.0,4.05,0.15,2022-12-29,2730.0,700.0,0,False,0,18014.6,17900.0,0.05,56.0,0,38.85737124332486,2174.0699210640264,No SL Hit
SUNPHARMA.EQ-NSE,2023-01-23,1050.1,1040.0,2.0,6.0,2023-01-24,-2666.412722597848,666.603180649462,0,False,0,18118.55,18000.0,18.2,18.8,0,38.63443818627871,23.18066291176728,Intraday SL Hit
SUNPHARMA.EQ-NSE,2023-02-20,986.0,980.0,5.9,10.0,2023-02-23,-2910.7505070993916,709.9391480730224,0,False,0,17844.6,17750.0,239.15,40.0,0,39.22755343353172,-7812.167266287842,No SL Hit
SUNPHARMA.EQ-NSE,2023-03-27,981.05,970.0,1.55,0.05,2023-03-29,1070.2818408847663,713.5212272565109,0,False,0,16985.7,16900.0,0.05,35.45,0,41.21113642652349,1458.8742294989318,No SL Hit
SUNPHARMA.EQ-NSE,2023-04-24,980.05,970.0,4.3,0.05,2023-04-27,3035.559410234172,714.2492729962757,0,False,0,17743.4,17650.0,0.05,24.3,0,39.45128892996832,956.6937565517318,No SL Hit
SUNPHARMA.EQ-NSE,2023-05-22,938.8,930.0,4.4,0.05,2023-05-25,3243.502343417129,745.6327226246273,0,False,0,18314.4,18250.0,0.05,42.15,0,38.22129035076224,1609.1163237670903,No SL Hit
SUNPHARMA.EQ-NSE,2023-06-26,998.0,990.0,3.8,0.05,2023-06-28,2630.2605210420843,701.4028056112224,0,False,0,18691.2,18650.0,0.05,38.6,0,37.450778976202706,1443.7275295326144,No SL Hit
SUNPHARMA.EQ-NSE,2023-07-24,1099.6,1090.0,2.15,0.05,2023-07-27,1336.849763550382,636.5951255001819,0,False,0,19672.35,19600.0,0.05,51.7,0,35.58293747315395,1837.8587204884016,No SL Hit
SUNPHARMA.EQ-NSE,2023-08-28,1115.0,1110.0,4.0,0.05,2023-08-31,2479.8206278026905,627.8026905829596,0,False,0,19306.05,19250.0,0.05,42.3,0,36.25806418195333,1531.9032116875283,No SL Hit
SUNPHARMA.EQ-NSE,2023-09-25,1124.0,1120.0,3.4,0.05,2023-09-28,2086.2989323843417,622.7758007117437,0,False,0,19674.55,19600.0,75.0,35.55,0,35.57895860388167,-1403.5899169231318,No SL Hit
SUNPHARMA.EQ-NSE,2023-10-23,1121.15,1120.0,5.5,16.5,2023-10-26,-6867.948089015743,624.3589171832493,0,False,0,19281.75,19250.0,411.25,81.0,0,36.30375873559195,-11989.31632242924,Intraday SL Hit
SUNPHARMA.EQ-NSE,2023-11-28,1191.0,1190.0,6.2,0.05,2023-11-30,3614.609571788413,587.7413937867339,0,False,0,19889.7,19850.0,0.05,23.6,0,35.19409543633137,828.8209475256037,No SL Hit
SUNPHARMA.EQ-NSE,2023-12-26,1243.1,1240.0,2.6,0.05,2023-12-28,1435.9263132491355,563.1083581369159,0,False,0,21441.35,21400.0,0.2,49.55,0,32.647198054227,1611.1392239761021,No SL Hit
SUNPHARMA.EQ-NSE,2024-01-23,1379.75,1370.0,9.3,4.0,2024-01-25,2688.892915383222,507.33828592136257,0,False,0,21238.8,21200.0,0.05,111.0,0,32.9585475638925,3656.7508522138733,No SL Hit
SUNPHARMA.EQ-NSE,2024-02-26,1554.15,1550.0,3.45,0.05,2024-02-29,1531.3837145706657,450.4069748737252,0,False,0,22122.05,22050.0,67.1,91.35,0,31.642637097375697,767.3339496113607,No SL Hit
SUNPHARMA.EQ-NSE,2024-03-26,1602.0,1590.0,3.15,0.25,2024-03-28,1267.1660424469412,436.9538077403246,0,False,0,22004.7,21950.0,0.05,42.55,0,31.81138574940808,1351.9838943498432,No SL Hit
SUNPHARMA.EQ-NSE,2024-04-22,1544.45,1540.0,11.95,35.849999999999994,2024-04-23,-10832.335135485122,453.23577972741106,0,False,0,22336.4,22250.0,65.85,56.75,0,31.338980319120356,-285.18472090399507,Intraday SL Hit
SUNPHARMA.EQ-NSE,2024-05-27,1470.3,1460.0,13.2,3.0,2024-05-30,4856.151805753927,476.09331428960076,0,False,0,22932.45,22850.0,361.15,71.05,0,30.524431536970535,-8855.137588875152,No SL Hit
SUNPHARMA.EQ-NSE,2024-06-24,1496.4,1490.0,7.1,0.05,2024-06-27,3297.9149959903766,467.78936113338676,0,False,0,23537.85,23450.0,0.1,73.5,0,29.739334731082067,2182.867169261424,No SL Hit
WIPRO.EQ-NSE,2019-01-28,266.25,262.5,1.7625000000000002,0.0375,2019-01-31,4535.211267605634,2629.107981220657,0,False,0,10661.55,10600.0,0.05,42.0,0,65.65649459975333,2754.2899484596524,No SL Hit
WIPRO.EQ-NSE,2019-02-25,289.875,288.75,2.85,8.55,2019-02-27,-13764.553686934025,2414.8339801638635,0,False,0,10880.1,10850.0,134.8,36.5,0,64.33764395547834,-6324.390400823521,Intraday SL Hit
WIPRO.EQ-NSE,2019-03-25,257.0,255.0,1.6,0.05,2019-03-28,4221.789883268483,2723.7354085603115,0,False,0,11354.25,11300.0,0.1,30.35,0,61.650923662945594,1864.9404408041041,No SL Hit
WIPRO.EQ-NSE,2019-04-22,288.25,285.0,1.4,0.05,2019-04-25,3278.404163052905,2428.4475281873374,0,False,0,11594.45,11550.0,0.05,32.05,0,60.3737132852356,1931.958825127539,No SL Hit
WIPRO.EQ-NSE,2019-05-27,280.45,277.5,1.05,5.45,2019-05-28,-10982.349794972366,2495.9885897664467,0,False,0,11924.75,11900.0,52.6,60.65,0,58.701440281766914,472.5465942682235,Overnight SL Hit
WIPRO.EQ-NSE,2019-06-24,284.2,280.0,0.7,0.05,2019-06-27,1600.9852216748766,2463.054187192118,0,False,0,11699.65,11650.0,0.05,36.0,0,59.83084964080122,2150.919044586804,No SL Hit
WIPRO.EQ-NSE,2019-07-22,263.95,262.5,1.45,0.3,2019-07-25,3049.8200416745594,2652.0174275430954,0,False,0,11346.2,11300.0,40.0,36.5,0,61.694664292891005,-215.93132502511853,No SL Hit
WIPRO.EQ-NSE,2019-08-26,249.1,247.5,2.05,0.05,2019-08-29,5620.232838217583,2810.116419108792,0,False,0,11057.85,11000.0,50.1,56.3,0,63.30344506391387,392.4813593962657,No SL Hit
WIPRO.EQ-NSE,2019-09-23,239.6,237.5,2.25,0.5,2019-09-26,5112.687813021703,2921.5358931552587,0,False,0,11600.2,11550.0,0.05,72.0,0,60.34378717608317,4341.735487319184,No SL Hit
WIPRO.EQ-NSE,2019-10-29,255.75,252.5,0.6,0.05,2019-10-31,1505.3763440860214,2737.047898338221,0,False,0,11786.85,11750.0,0.05,32.75,0,59.388216529437464,1941.9946805126053,No SL Hit
WIPRO.EQ-NSE,2019-11-25,242.95,240.0,0.7,2.0999999999999996,2019-11-26,-4033.751800782053,2881.251286272896,0,False,0,12073.75,12000.0,45.25,25.75,0,57.97701625427063,-1130.5518169582772,Intraday SL Hit
WIPRO.EQ-NSE,2019-12-23,253.45,250.0,0.35,1.0499999999999998,2019-12-26,-1933.3201814953636,2761.8859735648057,0,False,0,12262.75,12200.0,73.35,15.6,0,57.08344376261442,-3296.5688772909825,Intraday SL Hit
WIPRO.EQ-NSE,2020-01-27,245.2,242.5,0.8,2.4000000000000004,2020-01-30,-4567.699836867864,2854.8123980424143,0,False,0,12119.0,12050.0,45.5,38.0,0,57.760541298787025,-433.20405974090266,Intraday SL Hit
WIPRO.EQ-NSE,2020-02-24,244.05,242.5,1.1,3.7,2020-02-26,-7457.4882196271255,2868.2646998565865,0,False,0,11829.4,11800.0,119.85,76.0,0,59.17459888075473,-2594.8061609210945,Overnight SL Hit
WIPRO.EQ-NSE,2020-03-23,171.5,170.0,2.55,0.1,2020-03-26,10000.0,4081.6326530612246,0,False,0,7610.25,7550.0,0.05,336.5,0,91.98120955290563,30947.077954075095,No SL Hit
WIPRO.EQ-NSE,2020-04-27,182.4,180.0,1.95,0.05,2020-04-30,7291.666666666666,3837.719298245614,0,False,0,9282.3,9200.0,0.05,80.0,0,75.41234392338106,6029.216896674316,No SL Hit
WIPRO.EQ-NSE,2020-05-26,189.55,187.5,1.55,0.1,2020-05-28,5354.787654972302,3692.957003429174,0,False,0,9029.05,8950.0,0.05,41.55,0,77.52753611952532,3217.392748960301,No SL Hit
WIPRO.EQ-NSE,2020-06-22,218.1,215.0,2.35,0.05,2020-06-25,7381.934892251262,3209.536909674461,0,False,0,10311.2,10200.0,0.05,65.85,0,67.88734579874311,4466.987353557297,No SL Hit
WIPRO.EQ-NSE,2020-07-27,268.0,265.0,2.85,0.05,2020-07-30,7313.432835820896,2611.9402985074626,0,False,0,11131.8,11000.0,0.05,49.0,0,62.88291201782282,3078.118543272427,No SL Hit
WIPRO.EQ-NSE,2020-08-24,272.7,270.0,1.8,0.05,2020-08-27,4492.115878254492,2566.923359002567,0,False,0,11466.45,11350.0,0.05,32.05,0,61.047665144835584,1953.5252846347385,No SL Hit
WIPRO.EQ-NSE,2020-09-21,311.05,307.5,3.1,5.0,2020-09-24,-4275.839897122649,2250.442051117184,0,False,0,11250.55,11150.0,344.05,75.1,0,62.21918039562511,-16733.848567403376,No SL Hit
WIPRO.EQ-NSE,2020-10-26,339.5,335.0,1.6,0.05,2020-10-29,3195.876288659794,2061.855670103093,0,False,0,11767.75,11650.0,0.05,46.05,0,59.484608357587476,2736.291984449024,No SL Hit
WIPRO.EQ-NSE,2020-11-23,356.6,352.5,2.3,0.35,2020-11-26,3827.8182837913623,1962.983735277622,0,False,0,12926.45,12800.0,0.05,40.3,0,54.152532211086566,2179.6394214962343,No SL Hit
WIPRO.EQ-NSE,2020-12-28,382.8,380.0,2.3,0.05,2020-12-31,4114.420062695925,1828.6311389759665,0,False,0,13873.2,13750.0,0.05,39.0,0,50.45699622293342,1965.3000028832569,No SL Hit
WIPRO.EQ-NSE,2021-01-25,437.9,430.0,2.1,0.05,2021-01-28,3277.0038821648786,1598.5384791048186,0,False,0,14238.9,14100.0,282.5,41.95,0,49.16110092774021,-11825.702828167907,No SL Hit
WIPRO.EQ-NSE,2021-02-22,417.9,410.0,2.8,0.1,2021-02-25,4522.613065326633,1675.0418760469013,0,False,0,14675.7,14550.0,0.05,87.5,0,47.697895160026434,4171.180931744312,No SL Hit
WIPRO.EQ-NSE,2021-03-22,415.4,410.0,2.45,7.3500000000000005,2021-03-25,-8257.101588830044,1685.122773230621,0,False,0,14736.4,14600.0,341.55,73.45,0,47.501425042751286,-12735.13205396162,Intraday SL Hit
WIPRO.EQ-NSE,2021-04-26,482.0,475.0,2.85,0.05,2021-04-29,4066.390041493776,1452.2821576763486,0,False,0,14485.0,14400.0,0.05,97.65,0,48.32585433206766,4716.603382809803,No SL Hit
WIPRO.EQ-NSE,2021-05-24,515.0,510.0,3.95,0.05,2021-05-27,5300.970873786408,1359.2233009708739,0,False,0,15197.7,15100.0,0.1,55.0,0,46.059601123854264,2528.672101699599,No SL Hit
WIPRO.EQ-NSE,2021-06-21,543.45,540.0,3.7,0.05,2021-06-24,4701.444475112706,1288.066979482933,0,False,0,15746.5,15650.0,0.05,48.3,0,44.45432318292954,2144.9210935763504,No SL Hit
WIPRO.EQ-NSE,2021-07-26,590.0,585.0,2.7,0.05,2021-07-29,3144.06779661017,1186.4406779661017,0,False,0,15824.45,15750.0,0.05,41.0,0,44.23534467232668,1811.4373643317779,No SL Hit
WIPRO.EQ-NSE,2021-08-23,628.45,620.0,3.1,0.05,2021-08-26,3397.2471954809453,1113.8515395019492,0,False,0,16496.45,16400.0,0.05,45.2,0,42.43337202852735,1915.8667470880102,No SL Hit
WIPRO.EQ-NSE,2021-09-27,654.95,650.0,7.75,13.85,2021-09-30,-6519.581647454003,1068.7838766318039,0,False,0,17855.1,17750.0,132.75,54.6,0,39.20448499308321,-3063.8305022094532,No SL Hit
WIPRO.EQ-NSE,2021-10-25,667.4,660.0,3.75,3.0,2021-10-28,786.6347018279891,1048.8462691039856,0,False,0,18125.4,18050.0,191.0,79.0,0,38.619837355313535,-4325.421783795116,No SL Hit
WIPRO.EQ-NSE,2021-11-22,645.7,640.0,5.15,15.450000000000001,2021-11-23,-11166.176242837231,1084.0947808579836,0,False,0,17416.55,17350.0,176.2,71.15,0,40.191656786217706,-4222.133545392169,Intraday SL Hit
WIPRO.EQ-NSE,2021-12-27,699.0,690.0,3.5,0.05,2021-12-30,3454.935622317597,1001.4306151645208,0,False,0,17086.25,17000.0,0.05,70.25,0,40.96861511449265,2875.996781037384,No SL Hit
WIPRO.EQ-NSE,2022-01-24,572.0,565.0,6.5,19.5,2022-01-27,-15909.09090909091,1223.7762237762238,0,False,0,17149.1,17050.0,192.0,123.5,0,40.81846860768204,-2796.0650996262198,Intraday SL Hit
WIPRO.EQ-NSE,2022-02-21,571.9,565.0,4.1,12.299999999999999,2022-02-24,-10036.71970624235,1223.9902080783354,0,False,0,17206.65,17100.0,869.8,101.0,0,40.68194564310891,-31276.27981042213,Intraday SL Hit
WIPRO.EQ-NSE,2022-03-28,600.0,595.0,3.45,1.5,2022-03-31,2275.0000000000005,1166.6666666666667,0,False,0,17222.0,17150.0,0.05,79.0,0,40.64568575078388,3208.9768900243876,No SL Hit
WIPRO.EQ-NSE,2022-04-25,530.6,525.0,4.55,3.6,2022-04-28,1253.2981530343004,1319.2612137203166,0,False,0,16953.95,16850.0,0.05,85.3,0,41.28831334290829,3519.8287124829317,No SL Hit
WIPRO.EQ-NSE,2022-05-23,467.1,465.0,4.6,13.799999999999999,2022-05-25,-13787.197602226503,1498.60843502462,0,False,0,16214.7,16150.0,195.35,151.35,0,43.17070312740908,-1899.5109376059993,Intraday SL Hit
WIPRO.EQ-NSE,2022-06-27,424.95,420.0,3.1,4.7,2022-06-30,-2635.6041887280862,1647.2526179550537,0,False,0,15832.05,15750.0,0.05,87.0,0,44.21410998575674,3844.4168632615488,No SL Hit
WIPRO.EQ-NSE,2022-07-25,414.8,410.0,2.7,8.100000000000001,2022-07-27,-9112.825458052075,1687.560270009643,0,False,0,16631.0,16550.0,146.9,72.55,0,42.09007275569719,-3129.3969093860865,Intraday SL Hit
WIPRO.EQ-NSE,2022-08-22,420.15,415.0,3.2,0.45,2022-08-25,4581.697012971557,1666.0716410805665,0,False,0,17490.7,17400.0,0.05,67.4,0,40.02126844551676,2695.432429805554,No SL Hit
WIPRO.EQ-NSE,2022-09-26,395.65,390.0,3.2,0.2,2022-09-29,5307.721470997094,1769.2404903323645,0,False,0,17016.3,16900.0,81.45,85.0,0,41.137027438397304,146.03644740631032,No SL Hit
WIPRO.EQ-NSE,2022-10-25,384.5,380.0,0.85,0.05,2022-10-27,1456.4369310793236,1820.5461638491547,0,False,0,17656.35,17550.0,0.05,32.0,0,39.64579315656974,1266.6830913524032,No SL Hit
WIPRO.EQ-NSE,2022-11-21,388.0,385.0,1.4,0.05,2022-11-24,2435.567010309278,1804.1237113402062,0,False,0,18159.95,18050.0,0.05,30.0,0,38.54636163645825,1154.4635310119245,No SL Hit
WIPRO.EQ-NSE,2022-12-26,380.15,375.0,1.5,0.05,2022-12-29,2669.9986847297123,1841.3784032618705,0,False,0,18014.6,17900.0,0.05,56.0,0,38.85737124332486,2174.0699210640264,No SL Hit
WIPRO.EQ-NSE,2023-01-23,406.95,405.0,1.6,4.800000000000001,2023-01-25,-5504.361715198429,1720.1130359995086,0,False,0,18118.55,18000.0,160.8,18.8,0,38.63443818627871,-5486.090222451577,Intraday SL Hit
WIPRO.EQ-NSE,2023-02-20,407.0,405.0,2.2,6.6000000000000005,2023-02-22,-7567.5675675675675,1719.9017199017198,0,False,0,17844.6,17750.0,226.9,40.0,0,39.22755343353172,-7331.629736727078,Intraday SL Hit
WIPRO.EQ-NSE,2023-03-27,361.8,360.0,1.95,1.35,2023-03-29,1160.8623548922053,1934.7705914870094,0,False,0,16985.7,16900.0,0.05,35.45,0,41.21113642652349,1458.8742294989318,No SL Hit
WIPRO.EQ-NSE,2023-04-24,377.75,375.0,2.0,1.5,2023-04-27,926.5387160820649,1853.0774321641297,0,False,0,17743.4,17650.0,0.05,24.3,0,39.45128892996832,956.6937565517318,No SL Hit
WIPRO.EQ-NSE,2023-05-22,396.0,392.5,1.05,0.05,2023-05-25,1767.6767676767677,1767.6767676767677,0,False,0,18314.4,18250.0,0.05,42.15,0,38.22129035076224,1609.1163237670903,No SL Hit
WIPRO.EQ-NSE,2023-06-26,380.95,377.5,0.7,0.1,2023-06-28,1102.5068906680667,1837.5114844467778,0,False,0,18691.2,18650.0,0.05,38.6,0,37.450778976202706,1443.7275295326144,No SL Hit
WIPRO.EQ-NSE,2023-07-24,403.8,402.5,2.05,2.0,2023-07-27,86.67657256067329,1733.5314512134719,0,False,0,19672.35,19600.0,0.05,51.7,0,35.58293747315395,1837.8587204884016,No SL Hit
WIPRO.EQ-NSE,2023-08-28,408.35,405.0,1.5,0.05,2023-08-31,2485.612832129301,1714.2157462960695,0,False,0,19306.05,19250.0,0.05,42.3,0,36.25806418195333,1531.9032116875283,No SL Hit
WIPRO.EQ-NSE,2023-09-25,414.25,412.5,1.75,5.25,2023-09-28,-5914.302957151478,1689.8008449004224,0,False,0,19674.55,19600.0,96.5,35.55,0,35.57895860388167,-2168.5375269065876,Intraday SL Hit
WIPRO.EQ-NSE,2023-10-23,383.0,380.0,1.6,4.800000000000001,2023-10-26,-5848.563968668408,1827.6762402088773,0,False,0,19281.75,19250.0,411.25,81.0,0,36.30375873559195,-11989.31632242924,Intraday SL Hit
WIPRO.EQ-NSE,2023-11-28,397.1,395.0,0.8,0.05,2023-11-30,1322.0851170989674,1762.7801561319566,0,False,0,19889.7,19850.0,0.05,23.6,0,35.19409543633137,828.8209475256037,No SL Hit
WIPRO.EQ-NSE,2023-12-26,470.0,467.5,4.3,0.05,2023-12-28,6329.787234042553,1489.3617021276596,0,False,0,21441.35,21400.0,0.2,49.55,0,32.647198054227,1611.1392239761021,No SL Hit
WIPRO.EQ-NSE,2024-01-23,471.3,470.0,4.65,0.05,2024-01-25,6832.166348398048,1485.2535539995756,0,False,0,21238.8,21200.0,0.05,111.0,0,32.9585475638925,3656.7508522138733,No SL Hit
WIPRO.EQ-NSE,2024-02-26,531.5,530.0,5.7,8.75,2024-02-29,-4016.9332079021638,1317.027281279398,0,False,0,22122.05,22050.0,67.1,91.35,0,31.642637097375697,767.3339496113607,No SL Hit
WIPRO.EQ-NSE,2024-03-26,479.9,475.0,1.6,4.800000000000001,2024-03-28,-4667.639091477392,1458.6372160866847,0,False,0,22004.7,21950.0,6.85,42.55,0,31.81138574940808,1135.6664712538682,Intraday SL Hit
WIPRO.EQ-NSE,2024-04-22,461.95,460.0,4.05,0.05,2024-04-25,6061.2620413464665,1515.3155103366166,0,False,0,22336.4,22250.0,0.15,56.75,0,31.338980319120356,1773.7862860622122,No SL Hit
WIPRO.EQ-NSE,2024-05-27,453.65,450.0,2.45,7.3500000000000005,2024-05-30,-7560.894963077264,1543.039788383115,0,False,0,22932.45,22850.0,436.8,71.05,0,30.524431536970535,-11164.310834646973,Intraday SL Hit
WIPRO.EQ-NSE,2024-06-24,490.5,485.0,1.9,0.05,2024-06-27,2640.1630988786947,1427.1151885830784,0,False,0,23537.85,23450.0,0.1,73.5,0,29.739334731082067,2182.867169261424,No SL Hit
ULTRACEMCO.EQ-NSE,2019-01-28,3372.1499,3350.0,50.0,0.05,2019-01-31,10368.75614574548,207.5827056205301,0,False,0,10661.55,10600.0,0.05,42.0,0,65.65649459975333,2754.2899484596524,No SL Hit
ULTRACEMCO.EQ-NSE,2019-02-25,3710.05,3650.0,16.0,0.1,2019-02-28,2999.959569278042,188.6767024703171,0,False,0,10880.1,10850.0,47.0,36.5,0,64.33764395547834,-675.5452615325225,No SL Hit
ULTRACEMCO.EQ-NSE,2019-03-25,3865.0,3800.0,15.0,0.1,2019-03-28,2698.576972833118,181.11254851228978,0,False,0,11354.25,11300.0,0.1,30.35,0,61.650923662945594,1864.9404408041041,No SL Hit
ULTRACEMCO.EQ-NSE,2019-04-22,4200.1499,4150.0,33.5,0.05,2019-04-25,5574.801032696476,166.66071846626235,0,False,0,11594.45,11550.0,0.05,32.05,0,60.3737132852356,1931.958825127539,No SL Hit
ULTRACEMCO.EQ-NSE,2019-05-27,4838.5498,4800.0,34.7,35.05,2019-05-30,-50.63500638145669,144.67144680416433,0,False,0,11924.75,11900.0,0.05,60.65,0,58.701440281766914,3557.307281075075,No SL Hit
ULTRACEMCO.EQ-NSE,2019-06-24,4585.0,4550.0,21.3,0.1,2019-06-27,3236.641221374046,152.67175572519085,0,False,0,11699.65,11650.0,0.05,36.0,0,59.83084964080122,2150.919044586804,No SL Hit
ULTRACEMCO.EQ-NSE,2019-07-22,4570.0,4550.0,42.35,65.0,2019-07-25,-3469.3654266958424,153.17286652078775,0,False,0,11346.2,11300.0,40.0,36.5,0,61.694664292891005,-215.93132502511853,No SL Hit
ULTRACEMCO.EQ-NSE,2019-08-26,4055.0,4000.0,30.05,0.05,2019-08-29,5178.791615289766,172.62638717632552,0,False,0,11057.85,11000.0,50.1,56.3,0,63.30344506391387,392.4813593962657,No SL Hit
ULTRACEMCO.EQ-NSE,2019-09-23,4420.0,4400.0,85.0,11.5,2019-09-26,11640.271493212671,158.3710407239819,0,False,0,11600.2,11550.0,0.05,72.0,0,60.34378717608317,4341.735487319184,No SL Hit
ULTRACEMCO.EQ-NSE,2019-10-29,4130.0,4100.0,27.95,0.55,2019-10-31,4644.067796610169,169.4915254237288,0,False,0,11786.85,11750.0,0.05,32.75,0,59.388216529437464,1941.9946805126053,No SL Hit
ULTRACEMCO.EQ-NSE,2019-11-25,4113.4502,4050.0,18.55,0.05,2019-11-28,3148.208771313191,170.1734470980103,0,False,0,12073.75,12000.0,0.05,25.75,0,57.97701625427063,1490.009317734755,No SL Hit
ULTRACEMCO.EQ-NSE,2019-12-23,4086.3999,4050.0,24.0,0.05,2019-12-26,4102.633224907821,171.29992588341636,0,False,0,12262.75,12200.0,73.35,15.6,0,57.08344376261442,-3296.5688772909825,No SL Hit
ULTRACEMCO.EQ-NSE,2020-01-27,4690.0,4650.0,33.0,99.0,2020-01-30,-9850.746268656718,149.2537313432836,0,False,0,12119.0,12050.0,45.5,38.0,0,57.760541298787025,-433.20405974090266,Intraday SL Hit
ULTRACEMCO.EQ-NSE,2020-02-24,4402.0,4350.0,30.8,0.05,2020-02-27,4889.822807814629,159.01862789641072,0,False,0,11829.4,11800.0,166.75,76.0,0,59.17459888075473,-5370.094848428492,No SL Hit
ULTRACEMCO.EQ-NSE,2020-03-23,3053.3,2700.0,18.0,94.25,2020-04-03,-17481.086038057183,229.26014476140568,0,False,0,7610.25,7550.0,0.0,336.5,0,91.98120955290563,0.0,Overnight SL Hit
ULTRACEMCO.EQ-NSE,2020-05-26,3773.05,3700.0,18.0,0.15,2020-05-28,3311.6444255973283,185.52629835279149,0,False,0,9029.05,8950.0,0.05,41.55,0,77.52753611952532,3217.392748960301,No SL Hit
ULTRACEMCO.EQ-NSE,2020-06-22,3829.8999,3800.0,45.05,0.05,2020-06-25,8224.758041326355,182.77240091836345,0,False,0,10311.2,10200.0,0.05,65.85,0,67.88734579874311,4466.987353557297,No SL Hit
ULTRACEMCO.EQ-NSE,2020-07-27,3870.0,3800.0,55.7,0.45,2020-07-30,9993.540051679587,180.87855297157623,0,False,0,11131.8,11000.0,0.05,49.0,0,62.88291201782282,3078.118543272427,No SL Hit
ULTRACEMCO.EQ-NSE,2020-08-24,4178.75,4100.0,24.4,56.0,2020-08-27,-5293.448997906073,167.51420879449597,0,False,0,11466.45,11350.0,0.05,32.05,0,61.047665144835584,1953.5252846347385,No SL Hit
ULTRACEMCO.EQ-NSE,2020-09-21,3850.0,3800.0,33.0,25.0,2020-09-24,1454.5454545454545,181.8181818181818,0,False,0,11250.55,11150.0,344.05,75.1,0,62.21918039562511,-16733.848567403376,No SL Hit
ULTRACEMCO.EQ-NSE,2020-10-26,4494.0,4450.0,36.15,0.05,2020-10-29,5623.052959501558,155.76323987538942,0,False,0,11767.75,11650.0,0.05,46.05,0,59.484608357587476,2736.291984449024,No SL Hit
ULTRACEMCO.EQ-NSE,2020-11-23,4885.0,4800.0,27.45,0.5,2020-11-26,3861.8219037871036,143.29580348004095,0,False,0,12926.45,12800.0,0.05,40.3,0,54.152532211086566,2179.6394214962343,No SL Hit
ULTRACEMCO.EQ-NSE,2020-12-28,5141.0,5100.0,35.0,0.1,2020-12-31,4751.9937755300525,136.16028010114763,0,False,0,13873.2,13750.0,0.05,39.0,0,50.45699622293342,1965.3000028832569,No SL Hit
ULTRACEMCO.EQ-NSE,2021-01-25,5371.9502,5300.0,46.65,0.05,2021-01-28,6072.28265072152,130.3064946506764,0,False,0,14238.9,14100.0,282.5,41.95,0,49.16110092774021,-11825.702828167907,No SL Hit
ULTRACEMCO.EQ-NSE,2021-02-22,6155.0,6100.0,32.0,1.8,2021-02-25,3434.606011372867,113.72867587327376,0,False,0,14675.7,14550.0,0.05,87.5,0,47.697895160026434,4171.180931744312,No SL Hit
ULTRACEMCO.EQ-NSE,2021-03-22,6732.7998,6650.0,39.4,0.2,2021-03-25,4075.5704632714605,103.9686342671291,0,False,0,14736.4,14600.0,275.05,73.45,0,47.501425042751286,-9576.28728861866,No SL Hit
ULTRACEMCO.EQ-NSE,2021-04-26,6270.0,6200.0,50.3,0.05,2021-04-29,5610.047846889953,111.6427432216906,0,False,0,14485.0,14400.0,0.05,97.65,0,48.32585433206766,4716.603382809803,No SL Hit
ULTRACEMCO.EQ-NSE,2021-05-24,6551.0,6500.0,37.0,0.25,2021-05-27,3926.8813921538695,106.85391543275836,0,False,0,15197.7,15100.0,0.1,55.0,0,46.059601123854264,2528.672101699599,No SL Hit
ULTRACEMCO.EQ-NSE,2021-06-21,6760.0,6700.0,41.0,0.15,2021-06-24,4230.029585798817,103.55029585798816,0,False,0,15746.5,15650.0,0.05,48.3,0,44.45432318292954,2144.9210935763504,No SL Hit
ULTRACEMCO.EQ-NSE,2021-07-26,7610.0,7500.0,22.5,0.1,2021-07-29,2060.4467805519052,91.98423127463863,0,False,0,15824.45,15750.0,0.05,41.0,0,44.23534467232668,1811.4373643317779,No SL Hit
ULTRACEMCO.EQ-NSE,2021-08-23,7353.0,7300.0,52.65,0.2,2021-08-26,4993.200054399565,95.19923840609275,0,False,0,16496.45,16400.0,0.05,45.2,0,42.43337202852735,1915.8667470880102,No SL Hit
ULTRACEMCO.EQ-NSE,2021-09-27,7624.0,7600.0,68.05,204.14999999999998,2021-09-30,-12496.065057712483,91.81532004197271,0,False,0,17855.1,17750.0,170.6,54.6,0,39.20448499308321,-4547.720259197653,Intraday SL Hit
ULTRACEMCO.EQ-NSE,2021-10-25,7148.6499,7100.0,49.95,0.05,2021-10-28,4886.237329932747,97.92058777420334,0,False,0,18125.4,18050.0,191.0,79.0,0,38.619837355313535,-4325.421783795116,No SL Hit
ULTRACEMCO.EQ-NSE,2021-11-22,7649.9502,7600.0,54.0,0.05,2021-11-25,4936.633443705294,91.5038636460666,0,False,0,17416.55,17350.0,0.05,71.15,0,40.191656786217706,2857.626797500079,No SL Hit
ULTRACEMCO.EQ-NSE,2021-12-27,7259.0,7200.0,36.1,0.1,2021-12-30,3471.552555448409,96.43201542912247,0,False,0,17086.25,17000.0,0.05,70.25,0,40.96861511449265,2875.996781037384,No SL Hit
ULTRACEMCO.EQ-NSE,2022-01-24,7128.9502,7100.0,47.25,141.75,2022-01-27,-9279.066081847506,98.19117546928578,0,False,0,17149.1,17050.0,192.0,123.5,0,40.81846860768204,-2796.0650996262198,Intraday SL Hit
ULTRACEMCO.EQ-NSE,2022-02-21,6810.0,6800.0,70.9,212.70000000000002,2022-02-24,-14575.624082232012,102.79001468428781,0,False,0,17206.65,17100.0,869.8,101.0,0,40.68194564310891,-31276.27981042213,Intraday SL Hit
ULTRACEMCO.EQ-NSE,2022-03-28,6357.2998,6300.0,41.45,0.1,2022-03-31,4553.033663757686,110.10964120332976,0,False,0,17222.0,17150.0,0.05,79.0,0,40.64568575078388,3208.9768900243876,No SL Hit
ULTRACEMCO.EQ-NSE,2022-04-25,6596.9502,6500.0,30.95,0.05,2022-04-28,3278.7878253196454,106.10963835985908,0,False,0,16953.95,16850.0,0.05,85.3,0,41.28831334290829,3519.8287124829317,No SL Hit
ULTRACEMCO.EQ-NSE,2022-05-23,5922.0,5900.0,90.0,39.4,2022-05-26,5981.0874704491725,118.2033096926714,0,False,0,16214.7,16150.0,0.05,151.35,0,43.17070312740908,6531.727383176993,No SL Hit
ULTRACEMCO.EQ-NSE,2022-06-27,5570.0,5500.0,31.5,1.0,2022-06-30,3833.0341113105924,125.67324955116696,0,False,0,15832.05,15750.0,0.05,87.0,0,44.21410998575674,3844.4168632615488,No SL Hit
ULTRACEMCO.EQ-NSE,2022-07-25,6382.25,6300.0,33.5,0.05,2022-07-28,3668.768851110502,109.67918837400603,0,False,0,16631.0,16550.0,0.05,72.55,0,42.09007275569719,3051.5302747880464,No SL Hit
ULTRACEMCO.EQ-NSE,2022-08-22,6459.2002,6400.0,45.9,0.9,2022-08-25,4876.764773446719,108.37255052103819,0,False,0,17490.7,17400.0,0.05,67.4,0,40.02126844551676,2695.432429805554,No SL Hit
ULTRACEMCO.EQ-NSE,2022-09-26,6166.0,6100.0,65.0,1.0,2022-09-29,7265.65034057736,113.52578657152125,0,False,0,17016.3,16900.0,81.45,85.0,0,41.137027438397304,146.03644740631032,No SL Hit
ULTRACEMCO.EQ-NSE,2022-10-25,6409.0,6400.0,27.55,0.1,2022-10-27,2998.127633016071,109.22140739584958,0,False,0,17656.35,17550.0,0.05,32.0,0,39.64579315656974,1266.6830913524032,No SL Hit
ULTRACEMCO.EQ-NSE,2022-11-21,6750.0,6700.0,44.0,0.25,2022-11-24,4537.037037037037,103.70370370370371,0,False,0,18159.95,18050.0,0.05,30.0,0,38.54636163645825,1154.4635310119245,No SL Hit
ULTRACEMCO.EQ-NSE,2022-12-26,7050.0,7000.0,42.0,20.0,2022-12-29,2184.3971631205673,99.29078014184397,0,False,0,18014.6,17900.0,0.05,56.0,0,38.85737124332486,2174.0699210640264,No SL Hit
ULTRACEMCO.EQ-NSE,2023-01-23,6860.0,6800.0,34.0,102.0,2023-01-25,-6938.775510204082,102.04081632653062,0,False,0,18118.55,18000.0,160.8,18.8,0,38.63443818627871,-5486.090222451577,Intraday SL Hit
ULTRACEMCO.EQ-NSE,2023-02-20,7416.0498,7400.0,55.1,165.3,2023-02-22,-10401.764022674175,94.38987316401247,0,False,0,17844.6,17750.0,226.9,40.0,0,39.22755343353172,-7331.629736727078,Intraday SL Hit
ULTRACEMCO.EQ-NSE,2023-03-27,7450.0,7400.0,31.0,0.1,2023-03-29,2903.3557046979863,93.95973154362416,0,False,0,16985.7,16900.0,0.05,35.45,0,41.21113642652349,1458.8742294989318,No SL Hit
ULTRACEMCO.EQ-NSE,2023-04-24,7451.1499,7400.0,34.0,0.2,2023-04-27,3175.348814281672,93.94523119176544,0,False,0,17743.4,17650.0,0.05,24.3,0,39.45128892996832,956.6937565517318,No SL Hit
ULTRACEMCO.EQ-NSE,2023-05-22,7684.75,7650.0,32.0,33.9,2023-05-25,-173.07004131559245,91.08949542925924,0,False,0,18314.4,18250.0,0.05,42.15,0,38.22129035076224,1609.1163237670903,No SL Hit
ULTRACEMCO.EQ-NSE,2023-06-26,8154.0,8100.0,31.0,0.05,2023-06-28,2656.9781702232035,85.84743684081432,0,False,0,18691.2,18650.0,0.05,38.6,0,37.450778976202706,1443.7275295326144,No SL Hit
ULTRACEMCO.EQ-NSE,2023-07-24,8234.0,8200.0,70.0,0.05,2023-07-27,5946.684478989556,85.01335924216663,0,False,0,19672.35,19600.0,0.05,51.7,0,35.58293747315395,1837.8587204884016,No SL Hit
ULTRACEMCO.EQ-NSE,2023-08-28,8125.0,8100.0,42.0,0.1,2023-08-31,3609.846153846154,86.15384615384616,0,False,0,19306.05,19250.0,0.05,42.3,0,36.25806418195333,1531.9032116875283,No SL Hit
ULTRACEMCO.EQ-NSE,2023-09-25,8250.0,8200.0,24.7,74.1,2023-09-28,-4191.51515151515,84.84848484848484,0,False,0,19674.55,19600.0,96.5,35.55,0,35.57895860388167,-2168.5375269065876,Intraday SL Hit
ULTRACEMCO.EQ-NSE,2023-10-23,8322.55,8250.0,27.0,81.0,2023-10-26,-4541.877189082673,84.10883683486432,0,False,0,19281.75,19250.0,411.25,81.0,0,36.30375873559195,-11989.31632242924,Intraday SL Hit
ULTRACEMCO.EQ-NSE,2023-11-28,8734.0,8700.0,18.05,0.1,2023-11-30,1438.6306388825278,80.14655369819097,0,False,0,19889.7,19850.0,0.05,23.6,0,35.19409543633137,828.8209475256037,No SL Hit
ULTRACEMCO.EQ-NSE,2023-12-26,10020.0,9950.0,37.2,0.7,2023-12-28,2549.9001996007987,69.86027944111777,0,False,0,21441.35,21400.0,0.2,49.55,0,32.647198054227,1611.1392239761021,No SL Hit
ULTRACEMCO.EQ-NSE,2024-01-23,9842.0,9800.0,52.55,0.05,2024-01-25,3733.9971550497867,71.12375533428165,0,False,0,21238.8,21200.0,0.05,111.0,0,32.9585475638925,3656.7508522138733,No SL Hit
ULTRACEMCO.EQ-NSE,2024-02-26,9936.2,9900.0,66.2,30.6,2024-02-29,2508.001046677804,70.4494676033091,0,False,0,22122.05,22050.0,67.1,91.35,0,31.642637097375697,767.3339496113607,No SL Hit
ULTRACEMCO.EQ-NSE,2024-03-26,9600.0,9600.0,45.85,0.15,2024-03-28,3332.291666666667,72.91666666666667,0,False,0,22004.7,21950.0,0.05,42.55,0,31.81138574940808,1351.9838943498432,No SL Hit
ULTRACEMCO.EQ-NSE,2024-04-22,9569.45,9500.0,33.3,0.1,2024-04-25,2428.5617250730184,73.14944955039213,0,False,0,22336.4,22250.0,0.15,56.75,0,31.338980319120356,1773.7862860622122,No SL Hit
ULTRACEMCO.EQ-NSE,2024-05-27,10198.2,10100.0,38.6,115.80000000000001,2024-05-29,-5298.974328803122,68.63956384460002,0,False,0,22932.45,22850.0,182.6,71.05,0,30.524431536970535,-3405.000337949063,Intraday SL Hit
ULTRACEMCO.EQ-NSE,2024-06-24,10780.35,10700.0,60.6,0.05,2024-06-27,3931.6905295282622,64.93295672218434,0,False,0,23537.85,23450.0,0.1,73.5,0,29.739334731082067,2182.867169261424,No SL Hit
TITAN.EQ-NSE,2019-01-28,957.4,940.0,6.25,0.05,2019-01-31,4533.110507624818,731.1468560685189,0,False,0,10661.55,10600.0,0.05,42.0,0,65.65649459975333,2754.2899484596524,No SL Hit
TITAN.EQ-NSE,2019-02-25,1043.7,1040.0,7.0,21.0,2019-02-26,-9389.671361502347,670.690811535882,0,False,0,10880.1,10850.0,146.0,36.5,0,64.33764395547834,-7044.972013124879,Intraday SL Hit
TITAN.EQ-NSE,2019-03-25,1100.15,1080.0,3.4,0.05,2019-03-28,2131.5275189746853,636.2768713357269,0,False,0,11354.25,11300.0,0.1,30.35,0,61.650923662945594,1864.9404408041041,No SL Hit
TITAN.EQ-NSE,2019-04-22,1122.0,1120.0,10.05,0.05,2019-04-25,6238.859180035651,623.885918003565,0,False,0,11594.45,11550.0,0.05,32.05,0,60.3737132852356,1931.958825127539,No SL Hit
TITAN.EQ-NSE,2019-05-27,1241.55,1220.0,4.55,0.05,2019-05-30,2537.1511417180136,563.8113648262253,0,False,0,11924.75,11900.0,0.05,60.65,0,58.701440281766914,3557.307281075075,No SL Hit
TITAN.EQ-NSE,2019-06-24,1301.2,1280.0,4.35,0.05,2019-06-27,2313.2493083307713,537.9649554257608,0,False,0,11699.65,11650.0,0.05,36.0,0,59.83084964080122,2150.919044586804,No SL Hit
TITAN.EQ-NSE,2019-07-22,1082.0,1080.0,10.6,0.1,2019-07-25,6792.975970425139,646.9500924214418,0,False,0,11346.2,11300.0,40.0,36.5,0,61.694664292891005,-215.93132502511853,No SL Hit
TITAN.EQ-NSE,2019-08-26,1101.15,1100.0,14.0,0.05,2019-08-29,8868.001634654678,635.6990419107296,0,False,0,11057.85,11000.0,50.1,56.3,0,63.30344506391387,392.4813593962657,No SL Hit
TITAN.EQ-NSE,2019-09-23,1315.5,1300.0,18.5,11.5,2019-09-26,3724.819460281262,532.117065754466,0,False,0,11600.2,11550.0,0.05,72.0,0,60.34378717608317,4341.735487319184,No SL Hit
TITAN.EQ-NSE,2019-10-29,1333.55,1320.0,5.0,15.0,2019-10-30,-5249.147013610289,524.9147013610288,0,False,0,11786.85,11750.0,34.3,32.75,0,59.388216529437464,-92.0517356206279,Intraday SL Hit
TITAN.EQ-NSE,2019-11-25,1166.4,1160.0,11.1,0.25,2019-11-28,6511.488340192043,600.1371742112483,0,False,0,12073.75,12000.0,0.05,25.75,0,57.97701625427063,1490.009317734755,No SL Hit
TITAN.EQ-NSE,2019-12-23,1209.0,1200.0,7.2,8.5,2019-12-26,-752.6881720430106,578.9909015715467,0,False,0,12262.75,12200.0,73.35,15.6,0,57.08344376261442,-3296.5688772909825,No SL Hit
TITAN.EQ-NSE,2020-01-27,1210.0,1200.0,4.0,12.0,2020-01-28,-4628.099173553719,578.5123966942149,0,False,0,12119.0,12050.0,61.55,38.0,0,57.760541298787025,-1360.2607475864343,Intraday SL Hit
TITAN.EQ-NSE,2020-02-24,1278.0,1260.0,4.9,14.700000000000001,2020-02-26,-5367.762128325509,547.7308294209703,0,False,0,11829.4,11800.0,172.6,76.0,0,59.17459888075473,-5716.266251880907,Intraday SL Hit
TITAN.EQ-NSE,2020-03-23,779.65,820.0,59.95,0.1,2020-03-26,53735.65061245431,897.8387738087604,0,False,0,7610.25,7550.0,0.05,336.5,0,91.98120955290563,30947.077954075095,No SL Hit
TITAN.EQ-NSE,2020-04-27,927.1,920.0,18.0,0.05,2020-04-30,13553.014777262431,755.0426059756229,0,False,0,9282.3,9200.0,0.05,80.0,0,75.41234392338106,6029.216896674316,No SL Hit
TITAN.EQ-NSE,2020-05-26,892.8,880.0,9.0,0.05,2020-05-28,7017.249103942651,784.0501792114695,0,False,0,9029.05,8950.0,0.05,41.55,0,77.52753611952532,3217.392748960301,No SL Hit
TITAN.EQ-NSE,2020-06-22,977.8,960.0,8.8,0.05,2020-06-25,6264.062180404991,715.8928206177133,0,False,0,10311.2,10200.0,0.05,65.85,0,67.88734579874311,4466.987353557297,No SL Hit
TITAN.EQ-NSE,2020-07-27,1042.35,1030.0,10.35,0.05,2020-07-30,6917.062407060968,671.5594569962105,0,False,0,11131.8,11000.0,0.05,49.0,0,62.88291201782282,3078.118543272427,No SL Hit
TITAN.EQ-NSE,2020-08-24,1128.3,1110.0,6.1,0.05,2020-08-27,3753.434370291589,620.4023752548081,0,False,0,11466.45,11350.0,0.05,32.05,0,61.047665144835584,1953.5252846347385,No SL Hit
TITAN.EQ-NSE,2020-09-21,1116.95,1100.0,9.35,10.0,2020-09-24,-407.35932673799203,626.7066565199874,0,False,0,11250.55,11150.0,344.05,75.1,0,62.21918039562511,-16733.848567403376,No SL Hit
TITAN.EQ-NSE,2020-10-26,1220.0,1200.0,10.35,31.049999999999997,2020-10-29,-11877.049180327866,573.7704918032787,0,False,0,11767.75,11650.0,80.9,46.05,0,59.484608357587476,-2073.038601261924,Intraday SL Hit
TITAN.EQ-NSE,2020-11-23,1341.7,1320.0,8.8,0.5,2020-11-26,4330.32719683983,521.7261682939554,0,False,0,12926.45,12800.0,0.05,40.3,0,54.152532211086566,2179.6394214962343,No SL Hit
TITAN.EQ-NSE,2020-12-28,1543.35,1520.0,9.05,0.1,2020-12-31,4059.351410891892,453.5588168594292,0,False,0,13873.2,13750.0,0.05,39.0,0,50.45699622293342,1965.3000028832569,No SL Hit
TITAN.EQ-NSE,2021-01-25,1498.6,1480.0,6.0,18.0,2021-01-27,-5605.23154944615,467.1026291205125,0,False,0,14238.9,14100.0,184.0,41.95,0,49.16110092774021,-6983.334386785497,Intraday SL Hit
TITAN.EQ-NSE,2021-02-22,1405.5,1380.0,7.5,0.05,2021-02-25,3710.4233368907867,498.04340092493777,0,False,0,14675.7,14550.0,0.05,87.5,0,47.697895160026434,4171.180931744312,No SL Hit
TITAN.EQ-NSE,2021-03-22,1467.1,1440.0,4.0,0.5,2021-03-25,1669.961147842683,477.13175652648084,0,False,0,14736.4,14600.0,275.05,73.45,0,47.501425042751286,-9576.28728861866,No SL Hit
TITAN.EQ-NSE,2021-04-26,1480.0,1460.0,10.5,0.05,2021-04-29,4942.5675675675675,472.97297297297297,0,False,0,14485.0,14400.0,0.05,97.65,0,48.32585433206766,4716.603382809803,No SL Hit
TITAN.EQ-NSE,2021-05-24,1522.95,1500.0,4.1,0.15,2021-05-27,1815.555336682097,459.63426245116386,0,False,0,15197.7,15100.0,0.1,55.0,0,46.059601123854264,2528.672101699599,No SL Hit
TITAN.EQ-NSE,2021-06-21,1742.0,1720.0,8.15,0.1,2021-06-24,3234.7876004592426,401.83696900114813,0,False,0,15746.5,15650.0,0.05,48.3,0,44.45432318292954,2144.9210935763504,No SL Hit
TITAN.EQ-NSE,2021-07-26,1721.5,1700.0,3.1,0.5,2021-07-29,1057.217542840546,406.62213186174847,0,False,0,15824.45,15750.0,0.05,41.0,0,44.23534467232668,1811.4373643317779,No SL Hit
TITAN.EQ-NSE,2021-08-23,1871.15,1860.0,8.7,26.099999999999998,2021-08-25,-6509.365897977179,374.10148838949306,0,False,0,16496.45,16400.0,10.4,45.2,0,42.43337202852735,1476.681346592752,Intraday SL Hit
TITAN.EQ-NSE,2021-09-27,2092.5,2080.0,12.05,0.05,2021-09-30,4014.336917562724,334.52807646356035,0,False,0,17855.1,17750.0,132.75,54.6,0,39.20448499308321,-3063.8305022094532,No SL Hit
TITAN.EQ-NSE,2021-10-25,2379.0,2360.0,23.5,0.25,2021-10-28,6841.109709962169,294.24127784783525,0,False,0,18125.4,18050.0,191.0,79.0,0,38.619837355313535,-4325.421783795116,No SL Hit
TITAN.EQ-NSE,2021-11-22,2394.0,2380.0,17.0,0.05,2021-11-25,4956.140350877193,292.39766081871346,0,False,0,17416.55,17350.0,0.05,71.15,0,40.191656786217706,2857.626797500079,No SL Hit
TITAN.EQ-NSE,2021-12-27,2334.0,2320.0,14.05,0.05,2021-12-30,4198.800342759211,299.91431019708654,0,False,0,17086.25,17000.0,0.05,70.25,0,40.96861511449265,2875.996781037384,No SL Hit
TITAN.EQ-NSE,2022-01-24,2403.0,2380.0,16.25,48.75,2022-01-27,-9467.332501040366,291.3025384935497,0,False,0,17149.1,17050.0,192.0,123.5,0,40.81846860768204,-2796.0650996262198,Intraday SL Hit
TITAN.EQ-NSE,2022-02-21,2457.3501,2440.0,20.5,24.0,2022-02-24,-997.0089325082332,284.85969500235234,0,False,0,17206.65,17100.0,852.0,101.0,0,40.68194564310891,-30552.14117797479,No SL Hit
TITAN.EQ-NSE,2022-03-28,2540.0,2520.0,22.2,0.1,2022-03-31,6090.551181102361,275.59055118110234,0,False,0,17222.0,17150.0,0.05,79.0,0,40.64568575078388,3208.9768900243876,No SL Hit
TITAN.EQ-NSE,2022-04-25,2455.0,2440.0,14.05,0.15,2022-04-28,3963.3401221995928,285.132382892057,0,False,0,16953.95,16850.0,0.05,85.3,0,41.28831334290829,3519.8287124829317,No SL Hit
TITAN.EQ-NSE,2022-05-23,2138.0,2120.0,16.35,49.050000000000004,2022-05-26,-10706.267539756784,327.4087932647334,0,False,0,16214.7,16150.0,266.65,151.35,0,43.17070312740908,-4977.582070590266,Intraday SL Hit
TITAN.EQ-NSE,2022-06-27,2045.0,2000.0,15.0,45.0,2022-06-28,-10268.948655256723,342.29828850855745,0,False,0,15832.05,15750.0,135.0,87.0,0,44.21410998575674,-2122.2772793163235,Intraday SL Hit
TITAN.EQ-NSE,2022-07-25,2325.0,2300.0,11.95,0.05,2022-07-28,3582.7956989247305,301.0752688172043,0,False,0,16631.0,16550.0,0.05,72.55,0,42.09007275569719,3051.5302747880464,No SL Hit
TITAN.EQ-NSE,2022-08-22,2422.3999,2400.0,17.45,0.05,2022-08-25,5028.071541779703,288.969628837914,0,False,0,17490.7,17400.0,0.05,67.4,0,40.02126844551676,2695.432429805554,No SL Hit
TITAN.EQ-NSE,2022-09-26,2655.0,2620.0,17.95,53.849999999999994,2022-09-29,-9465.160075329564,263.65348399246705,0,False,0,17016.3,16900.0,120.25,85.0,0,41.137027438397304,-1450.080217203505,Intraday SL Hit
TITAN.EQ-NSE,2022-10-25,2669.55,2640.0,3.0,0.05,2022-10-27,773.5386113764492,262.21647843269466,0,False,0,17656.35,17550.0,0.05,32.0,0,39.64579315656974,1266.6830913524032,No SL Hit
TITAN.EQ-NSE,2022-11-21,2572.0,2540.0,8.5,0.05,2022-11-24,2299.766718506998,272.1617418351477,0,False,0,18159.95,18050.0,0.05,30.0,0,38.54636163645825,1154.4635310119245,No SL Hit
TITAN.EQ-NSE,2022-12-26,2489.95,2460.0,12.0,0.05,2022-12-29,3359.505210948011,281.1301431755658,0,False,0,18014.6,17900.0,0.05,56.0,0,38.85737124332486,2174.0699210640264,No SL Hit
TITAN.EQ-NSE,2023-01-23,2358.6499,2340.0,6.3,0.15,2023-01-25,1825.1966940918192,296.7799502588324,0,False,0,18118.55,18000.0,108.0,18.8,0,38.63443818627871,-3446.191886216061,No SL Hit
TITAN.EQ-NSE,2023-02-20,2478.0,2460.0,9.0,27.0,2023-02-22,-5084.745762711865,282.4858757062147,0,False,0,17844.6,17750.0,226.9,40.0,0,39.22755343353172,-7331.629736727078,Intraday SL Hit
TITAN.EQ-NSE,2023-03-27,2494.8999,2480.0,10.45,0.2,2023-03-29,2875.8668834769683,280.5723788758018,0,False,0,16985.7,16900.0,0.05,35.45,0,41.21113642652349,1458.8742294989318,No SL Hit
TITAN.EQ-NSE,2023-04-24,2625.0,2600.0,7.2,0.05,2023-04-27,1906.666666666667,266.6666666666667,0,False,0,17743.4,17650.0,0.05,24.3,0,39.45128892996832,956.6937565517318,No SL Hit
TITAN.EQ-NSE,2023-05-22,2715.0,2700.0,9.4,28.200000000000003,2023-05-24,-4847.145488029468,257.8268876611418,0,False,0,18314.4,18250.0,40.45,42.15,0,38.22129035076224,64.97619359629564,Intraday SL Hit
TITAN.EQ-NSE,2023-06-26,2979.95,2960.0,16.8,0.3,2023-06-28,3875.903958120103,234.90327018909716,0,False,0,18691.2,18650.0,0.05,38.6,0,37.450778976202706,1443.7275295326144,No SL Hit
TITAN.EQ-NSE,2023-07-24,2982.0,2960.0,11.15,0.45,2023-07-27,2511.737089201878,234.7417840375587,0,False,0,19672.35,19600.0,0.05,51.7,0,35.58293747315395,1837.8587204884016,No SL Hit
TITAN.EQ-NSE,2023-08-28,3047.15,3020.0,9.5,0.05,2023-08-31,2170.8809871519284,229.72285578327288,0,False,0,19306.05,19250.0,0.05,42.3,0,36.25806418195333,1531.9032116875283,No SL Hit
TITAN.EQ-NSE,2023-09-25,3275.05,3260.0,9.0,27.0,2023-09-27,-3847.2695073357654,213.73719485198697,0,False,0,19674.55,19600.0,95.0,35.55,0,35.57895860388167,-2115.1690890007653,Intraday SL Hit
TITAN.EQ-NSE,2023-10-23,3219.95,3200.0,11.6,34.8,2023-10-26,-5043.55657696548,217.39468004161557,0,False,0,19281.75,19250.0,411.25,81.0,0,36.30375873559195,-11989.31632242924,Intraday SL Hit
TITAN.EQ-NSE,2023-11-28,3444.0,3420.0,9.0,0.1,2023-11-30,1808.9430894308944,203.2520325203252,0,False,0,19889.7,19850.0,0.05,23.6,0,35.19409543633137,828.8209475256037,No SL Hit
TITAN.EQ-NSE,2023-12-26,3660.0,3640.0,16.4,0.05,2023-12-28,3127.0491803278687,191.2568306010929,0,False,0,21441.35,21400.0,0.2,49.55,0,32.647198054227,1611.1392239761021,No SL Hit
TITAN.EQ-NSE,2024-01-23,3737.9,3720.0,25.55,0.8,2024-01-25,4634.955456272238,187.27092752615104,0,False,0,21238.8,21200.0,0.05,111.0,0,32.9585475638925,3656.7508522138733,No SL Hit
TITAN.EQ-NSE,2024-02-26,3619.45,3600.0,29.0,0.7,2024-02-29,5473.207255245964,193.3995496553344,0,False,0,22122.05,22050.0,67.1,91.35,0,31.642637097375697,767.3339496113607,No SL Hit
TITAN.EQ-NSE,2024-03-26,3699.3,3680.0,7.1,0.05,2024-03-28,1334.0361690049467,189.22498851133997,0,False,0,22004.7,21950.0,0.05,42.55,0,31.81138574940808,1351.9838943498432,No SL Hit
TITAN.EQ-NSE,2024-04-22,3603.0,3580.0,17.85,6.95,2024-04-25,2117.679711351652,194.2825423258396,0,False,0,22336.4,22250.0,0.15,56.75,0,31.338980319120356,1773.7862860622122,No SL Hit
TITAN.EQ-NSE,2024-05-27,3404.0,3380.0,9.7,29.099999999999998,2024-05-30,-3989.424206815511,205.64042303172738,0,False,0,22932.45,22850.0,436.8,71.05,0,30.524431536970535,-11164.310834646973,Intraday SL Hit
TITAN.EQ-NSE,2024-06-24,3419.0,3400.0,26.95,30.0,2024-06-27,-624.4515940333432,204.73822755191577,0,False,0,23537.85,23450.0,0.1,73.5,0,29.739334731082067,2182.867169261424,No SL Hit
TECHM.EQ-NSE,2019-01-28,734.9,720.0,4.25,0.05,2019-01-31,4000.5442917403734,952.5105456524698,0,False,0,10661.55,10600.0,0.05,42.0,0,65.65649459975333,2754.2899484596524,No SL Hit
TECHM.EQ-NSE,2019-02-25,832.6,820.0,3.25,0.05,2019-02-28,2690.3675234206103,840.7398510689407,0,False,0,10880.1,10850.0,47.0,36.5,0,64.33764395547834,-675.5452615325225,No SL Hit
TECHM.EQ-NSE,2019-03-25,788.8,780.0,4.25,12.75,2019-03-26,-7543.103448275862,887.4239350912779,0,False,0,11354.25,11300.0,29.8,30.35,0,61.650923662945594,33.90800801462012,Intraday SL Hit
TECHM.EQ-NSE,2019-04-22,806.0,800.0,6.35,0.05,2019-04-25,5471.464019851117,868.4863523573201,0,False,0,11594.45,11550.0,0.05,32.05,0,60.3737132852356,1931.958825127539,No SL Hit
TECHM.EQ-NSE,2019-05-27,727.1,720.0,5.15,0.05,2019-05-30,4909.916105074956,962.7286480539128,0,False,0,11924.75,11900.0,0.05,60.65,0,58.701440281766914,3557.307281075075,No SL Hit
TECHM.EQ-NSE,2019-06-24,727.4,720.0,3.15,9.45,2019-06-27,-6062.689029419851,962.331591971405,0,False,0,11699.65,11650.0,1.0,36.0,0,59.83084964080122,2094.079737428043,Intraday SL Hit
TECHM.EQ-NSE,2019-07-22,671.9,670.0,14.0,49.35,2019-07-25,-36828.397082899246,1041.8216996576873,0,False,0,11346.2,11300.0,35.0,36.5,0,61.694664292891005,92.54199643933651,Overnight SL Hit
TECHM.EQ-NSE,2019-08-26,690.8,680.0,3.5,0.4,2019-08-29,3141.2854661262304,1013.317892298784,0,False,0,11057.85,11000.0,50.1,56.3,0,63.30344506391387,392.4813593962657,No SL Hit
TECHM.EQ-NSE,2019-09-23,687.8,680.0,8.55,0.05,2019-09-26,8650.770572840942,1017.7377144518756,0,False,0,11600.2,11550.0,0.05,72.0,0,60.34378717608317,4341.735487319184,No SL Hit
TECHM.EQ-NSE,2019-10-29,754.1,750.0,5.0,12.2,2019-10-31,-6683.463731600582,928.2588516111921,0,False,0,11786.85,11750.0,0.05,32.75,0,59.388216529437464,1941.9946805126053,No SL Hit
TECHM.EQ-NSE,2019-11-25,764.0,760.0,5.5,0.3,2019-11-28,4764.397905759162,916.2303664921466,0,False,0,12073.75,12000.0,0.05,25.75,0,57.97701625427063,1490.009317734755,No SL Hit
TECHM.EQ-NSE,2019-12-23,775.35,770.0,2.15,0.4,2019-12-26,1579.9316437737796,902.8180821564455,0,False,0,12262.75,12200.0,73.35,15.6,0,57.08344376261442,-3296.5688772909825,No SL Hit
TECHM.EQ-NSE,2020-01-27,792.1,790.0,5.6,0.05,2020-01-30,4904.683752051508,883.726802171443,0,False,0,12119.0,12050.0,14.3,38.0,0,57.760541298787025,1368.9248287812525,No SL Hit
TECHM.EQ-NSE,2020-02-24,822.0,820.0,8.6,9.4,2020-02-27,-681.2652068126528,851.5815085158151,0,False,0,11829.4,11800.0,166.75,76.0,0,59.17459888075473,-5370.094848428492,No SL Hit
TECHM.EQ-NSE,2020-03-23,494.9,530.0,26.8,0.15,2020-04-30,37694.4837340877,1414.4271570014146,0,False,0,7610.25,7550.0,0.05,336.5,0,91.98120955290563,30947.077954075095,No SL Hit
TECHM.EQ-NSE,2020-05-26,521.6,520.0,5.65,0.05,2020-05-28,7515.337423312884,1342.0245398773006,0,False,0,9029.05,8950.0,0.05,41.55,0,77.52753611952532,3217.392748960301,No SL Hit
TECHM.EQ-NSE,2020-06-22,547.8,540.0,4.75,0.2,2020-06-25,5814.16575392479,1277.8386272362177,0,False,0,10311.2,10200.0,0.05,65.85,0,67.88734579874311,4466.987353557297,No SL Hit
TECHM.EQ-NSE,2020-07-27,663.3,660.0,18.1,0.05,2020-07-30,19048.695914367556,1055.3294135383687,0,False,0,11131.8,11000.0,0.05,49.0,0,62.88291201782282,3078.118543272427,No SL Hit
TECHM.EQ-NSE,2020-08-24,725.4,720.0,6.3,0.05,2020-08-27,6031.155224703612,964.9848359525779,0,False,0,11466.45,11350.0,0.05,32.05,0,61.047665144835584,1953.5252846347385,No SL Hit
TECHM.EQ-NSE,2020-09-21,789.6,780.0,6.9,20.700000000000003,2020-09-24,-12234.042553191492,886.5248226950355,0,False,0,11250.55,11150.0,351.05,75.1,0,62.21918039562511,-17169.38283017275,Intraday SL Hit
TECHM.EQ-NSE,2020-10-26,819.95,810.0,14.45,7.0,2020-10-29,6360.143911214097,853.7105921092749,0,False,0,11767.75,11650.0,0.05,46.05,0,59.484608357587476,2736.291984449024,No SL Hit
TECHM.EQ-NSE,2020-11-23,864.0,850.0,6.0,0.05,2020-11-26,4820.601851851852,810.1851851851852,0,False,0,12926.45,12800.0,0.05,40.3,0,54.152532211086566,2179.6394214962343,No SL Hit
TECHM.EQ-NSE,2020-12-28,947.4,940.0,9.05,0.1,2020-12-31,6612.835127717965,738.8642600802195,0,False,0,13873.2,13750.0,0.05,39.0,0,50.45699622293342,1965.3000028832569,No SL Hit
TECHM.EQ-NSE,2021-01-25,977.0,960.0,5.55,0.05,2021-01-28,3940.634595701126,716.4790174002047,0,False,0,14238.9,14100.0,282.5,41.95,0,49.16110092774021,-11825.702828167907,No SL Hit
TECHM.EQ-NSE,2021-02-22,947.4,930.0,6.05,0.05,2021-02-25,4433.185560481317,738.8642600802195,0,False,0,14675.7,14550.0,0.05,87.5,0,47.697895160026434,4171.180931744312,No SL Hit
TECHM.EQ-NSE,2021-03-22,1014.9,1000.0,6.65,19.950000000000003,2021-03-25,-9173.317568233326,689.7231254310769,0,False,0,14736.4,14600.0,341.55,73.45,0,47.501425042751286,-12735.13205396162,Intraday SL Hit
TECHM.EQ-NSE,2021-04-26,970.0,960.0,16.7,0.05,2021-04-29,12015.463917525773,721.6494845360825,0,False,0,14485.0,14400.0,0.05,97.65,0,48.32585433206766,4716.603382809803,No SL Hit
TECHM.EQ-NSE,2021-05-24,983.3,970.0,3.8,0.05,2021-05-27,2669.5820197294825,711.8885385945287,0,False,0,15197.7,15100.0,0.1,55.0,0,46.059601123854264,2528.672101699599,No SL Hit
TECHM.EQ-NSE,2021-06-21,1061.8,1060.0,13.0,0.1,2021-06-24,8504.426445658317,659.2578640045207,0,False,0,15746.5,15650.0,0.05,48.3,0,44.45432318292954,2144.9210935763504,No SL Hit
TECHM.EQ-NSE,2021-07-26,1117.85,1100.0,2.5,0.05,2021-07-29,1534.195106677998,626.2020843583665,0,False,0,15824.45,15750.0,0.05,41.0,0,44.23534467232668,1811.4373643317779,No SL Hit
TECHM.EQ-NSE,2021-08-23,1414.95,1400.0,10.7,0.05,2021-08-26,5268.737411215943,494.71712781370366,0,False,0,16496.45,16400.0,0.05,45.2,0,42.43337202852735,1915.8667470880102,No SL Hit
TECHM.EQ-NSE,2021-09-27,1465.0,1460.0,16.4,49.199999999999996,2021-09-28,-15672.35494880546,477.81569965870307,0,False,0,17855.1,17750.0,198.0,54.6,0,39.20448499308321,-5621.923148008133,Intraday SL Hit
TECHM.EQ-NSE,2021-10-25,1530.0,1520.0,45.0,0.05,2021-10-28,20565.359477124184,457.51633986928107,0,False,0,18125.4,18050.0,191.0,79.0,0,38.619837355313535,-4325.421783795116,No SL Hit
TECHM.EQ-NSE,2021-11-22,1546.3,1540.0,15.8,2.0,2021-11-25,6247.170665459485,452.6935264825713,0,False,0,17416.55,17350.0,0.05,71.15,0,40.191656786217706,2857.626797500079,No SL Hit
TECHM.EQ-NSE,2021-12-27,1783.85,1760.0,12.1,0.05,2021-12-30,4728.536592202259,392.4096757014323,0,False,0,17086.25,17000.0,0.05,70.25,0,40.96861511449265,2875.996781037384,No SL Hit
TECHM.EQ-NSE,2022-01-24,1507.0,1500.0,18.95,56.849999999999994,2022-01-27,-17604.51227604512,464.49900464499007,0,False,0,17149.1,17050.0,192.0,123.5,0,40.81846860768204,-2796.0650996262198,Intraday SL Hit
TECHM.EQ-NSE,2022-02-21,1417.75,1400.0,10.8,32.400000000000006,2022-02-24,-10664.785752071948,493.7400811144419,0,False,0,17206.65,17100.0,869.8,101.0,0,40.68194564310891,-31276.27981042213,Intraday SL Hit
TECHM.EQ-NSE,2022-03-28,1525.4,1520.0,10.35,31.049999999999997,2022-03-30,-9499.14776452078,458.89602727153533,0,False,0,17222.0,17150.0,15.25,79.0,0,40.64568575078388,2591.1624666124726,Intraday SL Hit
TECHM.EQ-NSE,2022-04-25,1273.0,1260.0,12.0,0.05,2022-04-28,6571.091908876669,549.8821681068342,0,False,0,16953.95,16850.0,0.05,85.3,0,41.28831334290829,3519.8287124829317,No SL Hit
TECHM.EQ-NSE,2022-05-23,1144.1,1140.0,13.75,41.25,2022-05-24,-16825.452320601347,611.834629840049,0,False,0,16214.7,16150.0,192.2,151.35,0,43.17070312740908,-1763.5232227546605,Intraday SL Hit
TECHM.EQ-NSE,2022-06-27,1004.85,1000.0,13.15,0.05,2022-06-30,9125.740160222918,696.6213862765587,0,False,0,15832.05,15750.0,0.05,87.0,0,44.21410998575674,3844.4168632615488,No SL Hit
TECHM.EQ-NSE,2022-07-25,1013.5,1000.0,11.0,0.05,2022-07-28,7562.900838677848,690.6758756783423,0,False,0,16631.0,16550.0,0.05,72.55,0,42.09007275569719,3051.5302747880464,No SL Hit
TECHM.EQ-NSE,2022-08-22,1076.3,1060.0,5.5,16.5,2022-08-23,-7154.139180525875,650.376289138716,0,False,0,17490.7,17400.0,110.0,67.4,0,40.02126844551676,-1704.9060357790138,Intraday SL Hit
TECHM.EQ-NSE,2022-09-26,1030.65,1020.0,10.0,17.0,2022-09-29,-4754.281278804638,679.183039829234,0,False,0,17016.3,16900.0,81.45,85.0,0,41.137027438397304,146.03644740631032,No SL Hit
TECHM.EQ-NSE,2022-10-25,1083.0,1080.0,3.25,9.75,2022-10-27,-4201.29270544783,646.3527239150508,0,False,0,17656.35,17550.0,8.8,32.0,0,39.64579315656974,919.7824012324179,Intraday SL Hit
TECHM.EQ-NSE,2022-11-21,1038.5,1020.0,4.8,0.15,2022-11-24,3134.328358208955,674.0491092922484,0,False,0,18159.95,18050.0,0.05,30.0,0,38.54636163645825,1154.4635310119245,No SL Hit
TECHM.EQ-NSE,2022-12-26,1000.0,980.0,4.1,0.05,2022-12-29,2835.0,700.0,0,False,0,18014.6,17900.0,0.05,56.0,0,38.85737124332486,2174.0699210640264,No SL Hit
TECHM.EQ-NSE,2023-01-23,1064.4,1050.0,1.4,0.05,2023-01-25,887.82412626832,657.6475009394964,0,False,0,18118.55,18000.0,108.0,18.8,0,38.63443818627871,-3446.191886216061,No SL Hit
TECHM.EQ-NSE,2023-02-20,1145.0,1130.0,7.35,1.35,2023-02-23,3668.1222707423585,611.353711790393,0,False,0,17844.6,17750.0,239.15,40.0,0,39.22755343353172,-7812.167266287842,No SL Hit
TECHM.EQ-NSE,2023-03-27,1101.0,1090.0,4.85,14.549999999999999,2023-03-28,-6167.120799273387,635.7856494096276,0,False,0,16985.7,16900.0,52.7,35.45,0,41.21113642652349,-710.8921033575301,Intraday SL Hit
TECHM.EQ-NSE,2023-04-24,1006.6,1000.0,7.5,0.5,2023-04-27,4867.872044506259,695.4102920723227,0,False,0,17743.4,17650.0,0.05,24.3,0,39.45128892996832,956.6937565517318,No SL Hit
TECHM.EQ-NSE,2023-05-22,1107.0,1100.0,6.85,20.549999999999997,2023-05-25,-8663.053297199636,632.3396567299006,0,False,0,18314.4,18250.0,55.0,42.15,0,38.22129035076224,-491.1435810072948,Intraday SL Hit
TECHM.EQ-NSE,2023-06-26,1112.2,1100.0,2.8,0.05,2023-06-28,1730.8038122639812,629.3832044596295,0,False,0,18691.2,18650.0,0.05,38.6,0,37.450778976202706,1443.7275295326144,No SL Hit
TECHM.EQ-NSE,2023-07-24,1157.0,1148.0,13.0,49.0,2023-07-27,-21780.466724286947,605.0129645635263,0,False,0,19672.35,19600.0,4.6,51.7,0,35.58293747315395,1675.956354985551,Overnight SL Hit
TECHM.EQ-NSE,2023-08-28,1186.5,1178.0,4.95,0.1,2023-08-31,2861.3569321533923,589.9705014749262,0,False,0,19306.05,19250.0,0.05,42.3,0,36.25806418195333,1531.9032116875283,No SL Hit
TECHM.EQ-NSE,2023-09-25,1298.0,1288.0,7.75,36.3,2023-09-28,-15396.764252696456,539.291217257319,0,False,0,19674.55,19600.0,9.7,35.55,0,35.57895860388167,919.716079910341,Overnight SL Hit
TECHM.EQ-NSE,2023-10-23,1152.5,1140.0,12.45,37.349999999999994,2023-10-26,-15123.644251626894,607.3752711496746,0,False,0,19281.75,19250.0,411.25,81.0,0,36.30375873559195,-11989.31632242924,Intraday SL Hit
TECHM.EQ-NSE,2023-11-28,1208.0,1200.0,3.75,0.05,2023-11-30,2144.039735099338,579.4701986754967,0,False,0,19889.7,19850.0,0.05,23.6,0,35.19409543633137,828.8209475256037,No SL Hit
TECHM.EQ-NSE,2023-12-26,1280.0,1270.0,6.4,0.05,2023-12-28,3472.6562500000005,546.875,0,False,0,21441.35,21400.0,0.2,49.55,0,32.647198054227,1611.1392239761021,No SL Hit
TECHM.EQ-NSE,2024-01-23,1365.2,1360.0,23.8,37.05,2024-01-25,-6793.876355112801,512.7453852915323,0,False,0,21238.8,21200.0,0.05,111.0,0,32.9585475638925,3656.7508522138733,No SL Hit
TECHM.EQ-NSE,2024-02-26,1295.8,1280.0,7.95,3.0,2024-02-29,2674.0237691001703,540.2068220404384,0,False,0,22122.05,22050.0,67.1,91.35,0,31.642637097375697,767.3339496113607,No SL Hit
TECHM.EQ-NSE,2024-03-26,1255.0,1250.0,6.45,0.05,2024-03-28,3569.7211155378486,557.7689243027888,0,False,0,22004.7,21950.0,0.05,42.55,0,31.81138574940808,1351.9838943498432,No SL Hit
TECHM.EQ-NSE,2024-04-22,1210.3,1200.0,9.5,16.55,2024-04-25,-4077.501445922499,578.368999421631,0,False,0,22336.4,22250.0,0.15,56.75,0,31.338980319120356,1773.7862860622122,No SL Hit
TECHM.EQ-NSE,2024-05-27,1329.0,1320.0,6.15,18.450000000000003,2024-05-29,-6478.555304740407,526.7118133935289,0,False,0,22932.45,22850.0,182.6,71.05,0,30.524431536970535,-3405.000337949063,Intraday SL Hit
TECHM.EQ-NSE,2024-06-24,1400.0,1390.0,9.35,0.05,2024-06-27,4649.999999999999,500.0,0,False,0,23537.85,23450.0,0.1,73.5,0,29.739334731082067,2182.867169261424,No SL Hit
NESTLEIND.EQ-NSE,2019-01-28,1138.0,10.0,0.0045,0.025,2019-02-11,-12.609841827768015,615.1142355008787,0,False,0,10661.55,10600.0,44.0,42.0,0,65.65649459975333,-131.31298919950666,Overnight SL Hit
JSWSTEEL.EQ-NSE,2019-01-28,268.2,265.0,2.25,0.05,2019-01-31,5741.983594332589,2609.992542878449,0,False,0,10661.55,10600.0,0.05,42.0,0,65.65649459975333,2754.2899484596524,No SL Hit
JSWSTEEL.EQ-NSE,2019-02-25,288.0,285.0,3.35,4.35,2019-02-28,-2430.5555555555547,2430.5555555555557,0,False,0,10880.1,10850.0,47.0,36.5,0,64.33764395547834,-675.5452615325225,No SL Hit
JSWSTEEL.EQ-NSE,2019-03-25,276.95,275.0,3.3,0.05,2019-03-28,8214.479147860624,2527.5320454955768,0,False,0,11354.25,11300.0,0.1,30.35,0,61.650923662945594,1864.9404408041041,No SL Hit
JSWSTEEL.EQ-NSE,2019-04-22,291.5,290.0,3.35,3.2,2019-04-25,360.2058319039449,2401.3722126929674,0,False,0,11594.45,11550.0,0.05,32.05,0,60.3737132852356,1931.958825127539,No SL Hit
JSWSTEEL.EQ-NSE,2019-05-27,286.5,285.0,3.5,8.4,2019-05-30,-11972.076788830716,2443.280977312391,0,False,0,11924.75,11900.0,0.05,60.65,0,58.701440281766914,3557.307281075075,No SL Hit
JSWSTEEL.EQ-NSE,2019-06-24,258.15,255.0,2.8,0.05,2019-06-27,7456.904900251793,2711.601781909743,0,False,0,11699.65,11650.0,0.05,36.0,0,59.83084964080122,2150.919044586804,No SL Hit
JSWSTEEL.EQ-NSE,2019-07-22,264.7,260.0,1.5,4.5,2019-07-24,-7933.509633547412,2644.5032111824707,0,False,0,11346.2,11300.0,84.9,36.5,0,61.694664292891005,-2986.021751775925,Intraday SL Hit
JSWSTEEL.EQ-NSE,2019-08-26,213.9,210.0,2.75,0.05,2019-08-29,8835.904628330996,3272.5572697522207,0,False,0,11057.85,11000.0,50.1,56.3,0,63.30344506391387,392.4813593962657,No SL Hit
JSWSTEEL.EQ-NSE,2019-09-23,240.15,240.0,4.45,4.45,2019-09-26,0.0,2914.8448886112847,0,False,0,11600.2,11550.0,0.05,72.0,0,60.34378717608317,4341.735487319184,No SL Hit
JSWSTEEL.EQ-NSE,2019-10-29,234.0,230.0,2.0,3.0,2019-10-31,-2991.4529914529912,2991.4529914529912,0,False,0,11786.85,11750.0,0.05,32.75,0,59.388216529437464,1941.9946805126053,No SL Hit
JSWSTEEL.EQ-NSE,2019-11-25,260.0,255.0,1.9,5.699999999999999,2019-11-26,-10230.769230769229,2692.3076923076924,0,False,0,12073.75,12000.0,45.25,25.75,0,57.97701625427063,-1130.5518169582772,Intraday SL Hit
JSWSTEEL.EQ-NSE,2019-12-23,262.95,260.0,2.1,0.05,2019-12-26,5457.311275907968,2662.1030614185206,0,False,0,12262.75,12200.0,73.35,15.6,0,57.08344376261442,-3296.5688772909825,No SL Hit
JSWSTEEL.EQ-NSE,2020-01-27,259.95,255.0,1.7,0.2,2020-01-30,4039.238315060589,2692.825543373726,0,False,0,12119.0,12050.0,14.3,38.0,0,57.760541298787025,1368.9248287812525,No SL Hit
JSWSTEEL.EQ-NSE,2020-02-24,261.1,260.0,4.95,7.65,2020-02-27,-7238.605898123325,2680.965147453083,0,False,0,11829.4,11800.0,166.75,76.0,0,59.17459888075473,-5370.094848428492,No SL Hit
JSWSTEEL.EQ-NSE,2020-03-23,145.0,145.0,8.4,1.25,2020-03-26,34517.24137931035,4827.586206896552,0,False,0,7610.25,7550.0,0.05,336.5,0,91.98120955290563,30947.077954075095,No SL Hit
JSWSTEEL.EQ-NSE,2020-04-27,156.85,155.0,3.2,0.05,2020-04-30,14058.017213898633,4462.862607586867,0,False,0,9282.3,9200.0,0.05,80.0,0,75.41234392338106,6029.216896674316,No SL Hit
JSWSTEEL.EQ-NSE,2020-05-26,175.9,175.0,3.0,0.05,2020-05-28,11739.624786810688,3979.533826037521,0,False,0,9029.05,8950.0,0.05,41.55,0,77.52753611952532,3217.392748960301,No SL Hit
JSWSTEEL.EQ-NSE,2020-06-22,199.9,195.0,3.0,1.25,2020-06-25,6128.064032016007,3501.7508754377186,0,False,0,10311.2,10200.0,0.05,65.85,0,67.88734579874311,4466.987353557297,No SL Hit
JSWSTEEL.EQ-NSE,2020-07-27,206.9,205.0,2.85,0.1,2020-07-30,9304.011599806669,3383.2769453842434,0,False,0,11131.8,11000.0,0.05,49.0,0,62.88291201782282,3078.118543272427,No SL Hit
JSWSTEEL.EQ-NSE,2020-08-24,285.25,280.0,2.6,0.05,2020-08-27,6257.668711656443,2453.98773006135,0,False,0,11466.45,11350.0,0.05,32.05,0,61.047665144835584,1953.5252846347385,No SL Hit
JSWSTEEL.EQ-NSE,2020-09-21,270.45,265.0,3.9,5.4,2020-09-24,-3882.4181919023863,2588.27879460159,0,False,0,11250.55,11150.0,344.05,75.1,0,62.21918039562511,-16733.848567403376,No SL Hit
JSWSTEEL.EQ-NSE,2020-10-26,307.0,300.0,2.0,0.05,2020-10-29,4446.2540716612375,2280.130293159609,0,False,0,11767.75,11650.0,0.05,46.05,0,59.484608357587476,2736.291984449024,No SL Hit
JSWSTEEL.EQ-NSE,2020-11-23,337.0,330.0,2.2,0.05,2020-11-26,4465.875370919883,2077.151335311573,0,False,0,12926.45,12800.0,0.05,40.3,0,54.152532211086566,2179.6394214962343,No SL Hit
JSWSTEEL.EQ-NSE,2020-12-28,387.6,380.0,3.7,0.2,2020-12-31,6320.949432404541,1805.985552115583,0,False,0,13873.2,13750.0,0.05,39.0,0,50.45699622293342,1965.3000028832569,No SL Hit
JSWSTEEL.EQ-NSE,2021-01-25,382.8,375.0,3.6,0.05,2021-01-28,6491.640543364681,1828.6311389759665,0,False,0,14238.9,14100.0,282.5,41.95,0,49.16110092774021,-11825.702828167907,No SL Hit
JSWSTEEL.EQ-NSE,2021-02-22,407.0,400.0,3.15,0.05,2021-02-25,5331.695331695331,1719.9017199017198,0,False,0,14675.7,14550.0,0.05,87.5,0,47.697895160026434,4171.180931744312,No SL Hit
JSWSTEEL.EQ-NSE,2021-03-22,445.4,440.0,4.15,3.5,2021-03-25,1021.5536596317922,1571.621014818141,0,False,0,14736.4,14600.0,275.05,73.45,0,47.501425042751286,-9576.28728861866,No SL Hit
JSWSTEEL.EQ-NSE,2021-04-26,657.0,650.0,7.3,0.05,2021-04-29,7724.505327245054,1065.4490106544902,0,False,0,14485.0,14400.0,0.05,97.65,0,48.32585433206766,4716.603382809803,No SL Hit
JSWSTEEL.EQ-NSE,2021-05-24,682.5,675.0,8.2,0.1,2021-05-27,8307.692307692307,1025.6410256410256,0,False,0,15197.7,15100.0,0.1,55.0,0,46.059601123854264,2528.672101699599,No SL Hit
JSWSTEEL.EQ-NSE,2021-06-21,672.0,665.0,5.3,0.1,2021-06-24,5416.666666666667,1041.6666666666667,0,False,0,15746.5,15650.0,0.05,48.3,0,44.45432318292954,2144.9210935763504,No SL Hit
JSWSTEEL.EQ-NSE,2021-07-26,704.6,695.0,6.7,0.1,2021-07-29,6556.911722963383,993.4714731762701,0,False,0,15824.45,15750.0,0.05,41.0,0,44.23534467232668,1811.4373643317779,No SL Hit
JSWSTEEL.EQ-NSE,2021-08-23,684.0,680.0,8.8,13.6,2021-08-26,-4912.280701754385,1023.3918128654971,0,False,0,16496.45,16400.0,0.05,45.2,0,42.43337202852735,1915.8667470880102,No SL Hit
JSWSTEEL.EQ-NSE,2021-09-27,648.1,640.0,7.25,0.05,2021-09-30,7776.577688628298,1080.0802345317081,0,False,0,17855.1,17750.0,132.75,54.6,0,39.20448499308321,-3063.8305022094532,No SL Hit
JSWSTEEL.EQ-NSE,2021-10-25,673.5,670.0,9.5,4.8,2021-10-28,4884.929472902747,1039.3466963622866,0,False,0,18125.4,18050.0,191.0,79.0,0,38.619837355313535,-4325.421783795116,No SL Hit
JSWSTEEL.EQ-NSE,2021-11-22,663.5,660.0,10.55,0.05,2021-11-25,11077.618688771665,1055.0113036925395,0,False,0,17416.55,17350.0,0.05,71.15,0,40.191656786217706,2857.626797500079,No SL Hit
JSWSTEEL.EQ-NSE,2021-12-27,651.4,640.0,2.75,0.05,2021-12-30,2901.443045747621,1074.6085354620818,0,False,0,17086.25,17000.0,0.05,70.25,0,40.96861511449265,2875.996781037384,No SL Hit
JSWSTEEL.EQ-NSE,2022-01-24,620.1,610.0,5.1,0.05,2022-01-27,5700.693436542493,1128.850185453959,0,False,0,17149.1,17050.0,0.05,123.5,0,40.81846860768204,5039.039949618348,No SL Hit
JSWSTEEL.EQ-NSE,2022-02-21,623.0,620.0,7.0,21.0,2022-02-24,-15730.337078651686,1123.5955056179776,0,False,0,17206.65,17100.0,869.8,101.0,0,40.68194564310891,-31276.27981042213,Intraday SL Hit
JSWSTEEL.EQ-NSE,2022-03-28,729.85,720.0,5.1,0.05,2022-03-31,4843.460985133931,959.1011851750359,0,False,0,17222.0,17150.0,0.05,79.0,0,40.64568575078388,3208.9768900243876,No SL Hit
JSWSTEEL.EQ-NSE,2022-04-25,716.95,710.0,8.5,0.1,2022-04-28,8201.408745379733,976.3581839737777,0,False,0,16953.95,16850.0,0.05,85.3,0,41.28831334290829,3519.8287124829317,No SL Hit
JSWSTEEL.EQ-NSE,2022-05-23,547.7,540.0,11.4,0.05,2022-05-26,14506.116487127989,1278.0719371918933,0,False,0,16214.7,16150.0,0.05,151.35,0,43.17070312740908,6531.727383176993,No SL Hit
JSWSTEEL.EQ-NSE,2022-06-27,571.0,560.0,4.15,0.1,2022-06-30,4964.973730297725,1225.9194395796849,0,False,0,15832.05,15750.0,0.05,87.0,0,44.21410998575674,3844.4168632615488,No SL Hit
JSWSTEEL.EQ-NSE,2022-07-25,584.9,580.0,6.45,0.05,2022-07-28,7659.428962215764,1196.785775346213,0,False,0,16631.0,16550.0,0.05,72.55,0,42.09007275569719,3051.5302747880464,No SL Hit
JSWSTEEL.EQ-NSE,2022-08-22,643.4,640.0,6.2,0.05,2022-08-25,6691.016474976687,1087.9701585327946,0,False,0,17490.7,17400.0,0.05,67.4,0,40.02126844551676,2695.432429805554,No SL Hit
JSWSTEEL.EQ-NSE,2022-09-26,647.95,640.0,7.9,23.700000000000003,2022-09-28,-17069.218303881473,1080.3302723975614,0,False,0,17016.3,16900.0,141.2,85.0,0,41.137027438397304,-2311.900942037928,Intraday SL Hit
JSWSTEEL.EQ-NSE,2022-10-25,644.3,640.0,1.7,0.05,2022-10-27,1792.6431786434891,1086.4504112990844,0,False,0,17656.35,17550.0,0.05,32.0,0,39.64579315656974,1266.6830913524032,No SL Hit
JSWSTEEL.EQ-NSE,2022-11-21,696.4,690.0,4.65,0.05,2022-11-24,4623.779437105113,1005.1694428489375,0,False,0,18159.95,18050.0,0.05,30.0,0,38.54636163645825,1154.4635310119245,No SL Hit
JSWSTEEL.EQ-NSE,2022-12-26,730.0,720.0,3.1,0.05,2022-12-29,2924.657534246576,958.9041095890411,0,False,0,18014.6,17900.0,0.05,56.0,0,38.85737124332486,2174.0699210640264,No SL Hit
JSWSTEEL.EQ-NSE,2023-01-23,735.0,730.0,3.75,11.25,2023-01-25,-7142.857142857143,952.3809523809524,0,False,0,18118.55,18000.0,160.8,18.8,0,38.63443818627871,-5486.090222451577,Intraday SL Hit
JSWSTEEL.EQ-NSE,2023-02-20,725.0,720.0,5.9,17.700000000000003,2023-02-22,-11393.103448275864,965.5172413793103,0,False,0,17844.6,17750.0,226.9,40.0,0,39.22755343353172,-7331.629736727078,Intraday SL Hit
JSWSTEEL.EQ-NSE,2023-03-27,659.0,650.0,2.4,0.05,2023-03-29,2496.206373292868,1062.215477996965,0,False,0,16985.7,16900.0,0.05,35.45,0,41.21113642652349,1458.8742294989318,No SL Hit
JSWSTEEL.EQ-NSE,2023-04-24,720.5,710.0,1.85,0.05,2023-04-27,1748.7855655794588,971.5475364330326,0,False,0,17743.4,17650.0,0.05,24.3,0,39.45128892996832,956.6937565517318,No SL Hit
JSWSTEEL.EQ-NSE,2023-05-22,702.7,700.0,5.0,0.05,2023-05-25,4930.9805037711685,996.1576775295289,0,False,0,18314.4,18250.0,0.05,42.15,0,38.22129035076224,1609.1163237670903,No SL Hit
JSWSTEEL.EQ-NSE,2023-06-26,749.5,740.0,2.65,0.05,2023-06-28,2428.2855236824553,933.9559706470981,0,False,0,18691.2,18650.0,0.05,38.6,0,37.450778976202706,1443.7275295326144,No SL Hit
JSWSTEEL.EQ-NSE,2023-07-24,775.0,770.0,5.15,0.05,2023-07-27,4606.451612903226,903.2258064516129,0,False,0,19672.35,19600.0,0.05,51.7,0,35.58293747315395,1837.8587204884016,No SL Hit
JSWSTEEL.EQ-NSE,2023-08-28,773.95,770.0,6.05,0.05,2023-08-31,5426.7071516247815,904.4511919374636,0,False,0,19306.05,19250.0,0.05,42.3,0,36.25806418195333,1531.9032116875283,No SL Hit
JSWSTEEL.EQ-NSE,2023-09-25,780.25,770.0,2.6,7.800000000000001,2023-09-28,-4665.171419416854,897.1483498878565,0,False,0,19674.55,19600.0,96.5,35.55,0,35.57895860388167,-2168.5375269065876,Intraday SL Hit
JSWSTEEL.EQ-NSE,2023-10-23,746.1,740.0,2.0,6.0,2023-10-26,-3752.848143680472,938.212035920118,0,False,0,19281.75,19250.0,411.25,81.0,0,36.30375873559195,-11989.31632242924,Intraday SL Hit
JSWSTEEL.EQ-NSE,2023-11-28,781.8,780.0,3.0,0.05,2023-11-30,2641.3404962906116,895.3696597595293,0,False,0,19889.7,19850.0,0.05,23.6,0,35.19409543633137,828.8209475256037,No SL Hit
JSWSTEEL.EQ-NSE,2023-12-26,854.9,850.0,4.85,0.05,2023-12-28,3930.2842437712015,818.8092174523337,0,False,0,21441.35,21400.0,0.2,49.55,0,32.647198054227,1611.1392239761021,No SL Hit
JSWSTEEL.EQ-NSE,2024-01-23,788.5,780.0,5.95,0.05,2024-01-25,5237.7932783766655,887.7615726062144,0,False,0,21238.8,21200.0,0.05,111.0,0,32.9585475638925,3656.7508522138733,No SL Hit
JSWSTEEL.EQ-NSE,2024-02-26,808.6,800.0,4.2,0.05,2024-02-29,3592.629235716053,865.6937917388078,0,False,0,22122.05,22050.0,67.1,91.35,0,31.642637097375697,767.3339496113607,No SL Hit
JSWSTEEL.EQ-NSE,2024-03-26,822.6,820.0,4.0,0.1,2024-03-28,3318.745441283734,850.9603695599319,0,False,0,22004.7,21950.0,0.05,42.55,0,31.81138574940808,1351.9838943498432,No SL Hit
JSWSTEEL.EQ-NSE,2024-04-22,856.4,850.0,5.6,0.1,2024-04-25,4495.562821111631,817.3750583839328,0,False,0,22336.4,22250.0,0.15,56.75,0,31.338980319120356,1773.7862860622122,No SL Hit
JSWSTEEL.EQ-NSE,2024-05-27,903.0,900.0,7.9,23.700000000000003,2024-05-30,-12248.062015503878,775.1937984496124,0,False,0,22932.45,22850.0,436.8,71.05,0,30.524431536970535,-11164.310834646973,Intraday SL Hit
JSWSTEEL.EQ-NSE,2024-06-24,933.6,930.0,6.8,0.05,2024-06-27,5061.053984575835,749.7857754927163,0,False,0,23537.85,23450.0,0.1,73.5,0,29.739334731082067,2182.867169261424,No SL Hit
TATASTEEL.EQ-NSE,2019-01-28,44.7,44.0,0.315,0.005,2019-01-31,4854.586129753915,15659.955257270693,0,False,0,10661.55,10600.0,0.05,42.0,0,65.65649459975333,2754.2899484596524,No SL Hit
TATASTEEL.EQ-NSE,2019-02-25,50.39,50.0,0.495,0.01,2019-02-28,6737.447906330621,13891.645167692002,0,False,0,10880.1,10850.0,47.0,36.5,0,64.33764395547834,-675.5452615325225,No SL Hit
TATASTEEL.EQ-NSE,2019-03-25,51.59,51.0,0.41,0.325,2019-03-28,1153.3242876526454,13568.521031207598,0,False,0,11354.25,11300.0,0.1,30.35,0,61.650923662945594,1864.9404408041041,No SL Hit
TATASTEEL.EQ-NSE,2019-04-22,53.48,53.0,0.35,1.0499999999999998,2019-04-24,-9162.303664921465,13089.005235602095,0,False,0,11594.45,11550.0,25.2,32.05,0,60.3737132852356,413.55993600386375,Intraday SL Hit
TATASTEEL.EQ-NSE,2019-05-27,51.225,51.0,0.62,1.8599999999999999,2019-05-30,-16944.851146900925,13665.202537823328,0,False,0,11924.75,11900.0,50.05,60.65,0,58.701440281766914,622.2352669867294,Intraday SL Hit
TATASTEEL.EQ-NSE,2019-06-24,48.59,48.0,0.375,0.005,2019-06-27,5330.314879604857,14406.256431364478,0,False,0,11699.65,11650.0,0.05,36.0,0,59.83084964080122,2150.919044586804,No SL Hit
TATASTEEL.EQ-NSE,2019-07-22,46.425,46.0,0.355,1.065,2019-07-24,-10705.43887991384,15078.082929456114,0,False,0,11346.2,11300.0,84.9,36.5,0,61.694664292891005,-2986.021751775925,Intraday SL Hit
TATASTEEL.EQ-NSE,2019-08-26,33.8,33.0,0.365,0.005,2019-08-29,7455.621301775148,20710.059171597633,0,False,0,11057.85,11000.0,50.1,56.3,0,63.30344506391387,392.4813593962657,No SL Hit
TATASTEEL.EQ-NSE,2019-09-23,37.7,37.0,0.29,0.8699999999999999,2019-09-25,-10769.230769230766,18567.639257294428,0,False,0,11600.2,11550.0,121.2,72.0,0,60.34378717608317,-2968.914329063292,Intraday SL Hit
TATASTEEL.EQ-NSE,2019-10-29,38.85,38.0,0.255,0.005,2019-10-31,4504.504504504504,18018.018018018018,0,False,0,11786.85,11750.0,0.05,32.75,0,59.388216529437464,1941.9946805126053,No SL Hit
TATASTEEL.EQ-NSE,2019-11-25,42.1,42.0,0.6799999999999999,0.005,2019-11-28,11223.277909738716,16627.0783847981,0,False,0,12073.75,12000.0,0.05,25.75,0,57.97701625427063,1490.009317734755,No SL Hit
TATASTEEL.EQ-NSE,2019-12-23,46.125,46.0,0.5,0.005,2019-12-26,7512.195121951219,15176.151761517614,0,False,0,12262.75,12200.0,73.35,15.6,0,57.08344376261442,-3296.5688772909825,No SL Hit
TATASTEEL.EQ-NSE,2020-01-27,46.055,45.0,0.24,0.72,2020-01-28,-7295.62479643904,15199.218325914668,0,False,0,12119.0,12050.0,61.55,38.0,0,57.760541298787025,-1360.2607475864343,Intraday SL Hit
TATASTEEL.EQ-NSE,2020-02-24,41.57,41.0,0.55,0.005,2020-02-27,9177.291315852779,16839.066634592255,0,False,0,11829.4,11800.0,166.75,76.0,0,59.17459888075473,-5370.094848428492,No SL Hit
TATASTEEL.EQ-NSE,2020-03-23,27.205,27.0,2.01,0.005,2020-03-26,51589.781290204,25730.564234515714,0,False,0,7610.25,7550.0,0.05,336.5,0,91.98120955290563,30947.077954075095,No SL Hit
TATASTEEL.EQ-NSE,2020-04-27,27.185,27.0,0.71,0.005,2020-04-30,18153.39341548648,25749.494206363805,0,False,0,9282.3,9200.0,0.05,80.0,0,75.41234392338106,6029.216896674316,No SL Hit
TATASTEEL.EQ-NSE,2020-05-26,28.130000000000003,28.0,0.38,0.005,2020-05-28,9331.674369001066,24884.464984002843,0,False,0,9029.05,8950.0,0.05,41.55,0,77.52753611952532,3217.392748960301,No SL Hit
TATASTEEL.EQ-NSE,2020-06-22,32.78,32.0,0.415,0.005,2020-06-25,8755.338621110432,21354.484441732762,0,False,0,10311.2,10200.0,0.05,65.85,0,67.88734579874311,4466.987353557297,No SL Hit
TATASTEEL.EQ-NSE,2020-07-27,35.25,34.5,0.44,0.005,2020-07-30,8638.297872340425,19858.156028368794,0,False,0,11131.8,11000.0,0.05,49.0,0,62.88291201782282,3078.118543272427,No SL Hit
TATASTEEL.EQ-NSE,2020-08-24,42.955,42.0,0.24,0.005,2020-08-27,3829.589104877197,16296.123850541264,0,False,0,11466.45,11350.0,0.05,32.05,0,61.047665144835584,1953.5252846347385,No SL Hit
TATASTEEL.EQ-NSE,2020-09-21,37.14,37.0,0.7,2.0999999999999996,2020-09-24,-26386.64512654819,18847.60366182014,0,False,0,11250.55,11150.0,351.05,75.1,0,62.21918039562511,-17169.38283017275,Intraday SL Hit
TATASTEEL.EQ-NSE,2020-10-26,40.78,40.0,0.305,0.05,2020-10-29,4377.145659637077,17165.277096615988,0,False,0,11767.75,11650.0,0.05,46.05,0,59.484608357587476,2736.291984449024,No SL Hit
TATASTEEL.EQ-NSE,2020-11-23,54.165,53.0,0.36,0.005,2020-11-26,4587.833471799132,12923.47456844826,0,False,0,12926.45,12800.0,0.05,40.3,0,54.152532211086566,2179.6394214962343,No SL Hit
TATASTEEL.EQ-NSE,2020-12-28,63.4,62.0,0.36,0.005,2020-12-31,3919.558359621451,11041.009463722397,0,False,0,13873.2,13750.0,0.05,39.0,0,50.45699622293342,1965.3000028832569,No SL Hit
TATASTEEL.EQ-NSE,2021-01-25,65.1,64.0,0.45,1.35,2021-01-27,-9677.419354838712,10752.688172043012,0,False,0,14238.9,14100.0,184.0,41.95,0,49.16110092774021,-6983.334386785497,Intraday SL Hit
TATASTEEL.EQ-NSE,2021-02-22,68.0,67.0,0.6900000000000001,0.005,2021-02-25,7051.470588235295,10294.117647058823,0,False,0,14675.7,14550.0,0.05,87.5,0,47.697895160026434,4171.180931744312,No SL Hit
TATASTEEL.EQ-NSE,2021-03-22,74.495,73.0,0.5700000000000001,1.7100000000000002,2021-03-24,-10712.128330760454,9396.603798912678,0,False,0,14736.4,14600.0,114.9,73.45,0,47.501425042751286,-1968.934068022041,Intraday SL Hit
TATASTEEL.EQ-NSE,2021-04-26,94.27,93.0,0.845,0.005,2021-04-29,6237.40320356423,7425.480004243132,0,False,0,14485.0,14400.0,0.05,97.65,0,48.32585433206766,4716.603382809803,No SL Hit
TATASTEEL.EQ-NSE,2021-05-24,109.1,108.0,0.98,0.005,2021-05-27,6255.728689275894,6416.131989000917,0,False,0,15197.7,15100.0,0.1,55.0,0,46.059601123854264,2528.672101699599,No SL Hit
TATASTEEL.EQ-NSE,2021-06-21,110.6,109.0,0.885,0.005,2021-06-24,5569.620253164558,6329.113924050634,0,False,0,15746.5,15650.0,0.05,48.3,0,44.45432318292954,2144.9210935763504,No SL Hit
TATASTEEL.EQ-NSE,2021-07-26,129.695,128.0,0.6,0.005,2021-07-29,3211.3805466671806,5397.278229692741,0,False,0,15824.45,15750.0,0.05,41.0,0,44.23534467232668,1811.4373643317779,No SL Hit
TATASTEEL.EQ-NSE,2021-08-23,136.2,134.0,1.61,0.005,2021-08-26,8248.898678414098,5139.500734214391,0,False,0,16496.45,16400.0,0.05,45.2,0,42.43337202852735,1915.8667470880102,No SL Hit
TATASTEEL.EQ-NSE,2021-09-27,127.09,126.0,1.865,0.005,2021-09-30,10244.708474309546,5507.907781886852,0,False,0,17855.1,17750.0,132.75,54.6,0,39.20448499308321,-3063.8305022094532,No SL Hit
TATASTEEL.EQ-NSE,2021-10-25,129.05,128.0,1.23,0.005,2021-10-28,6644.711352189073,5424.254165052304,0,False,0,18125.4,18050.0,191.0,79.0,0,38.619837355313535,-4325.421783795116,No SL Hit
TATASTEEL.EQ-NSE,2021-11-22,116.68,116.0,1.5,0.005,2021-11-25,8968.974974288652,5999.314364072677,0,False,0,17416.55,17350.0,0.05,71.15,0,40.191656786217706,2857.626797500079,No SL Hit
TATASTEEL.EQ-NSE,2021-12-27,112.45,110.0,0.54,0.04,2021-12-30,3112.4944419742105,6224.988883948421,0,False,0,17086.25,17000.0,0.05,70.25,0,40.96861511449265,2875.996781037384,No SL Hit
TATASTEEL.EQ-NSE,2022-01-24,110.05,108.0,1.2,0.08,2022-01-27,7124.034529759199,6360.745115856429,0,False,0,17149.1,17050.0,0.05,123.5,0,40.81846860768204,5039.039949618348,No SL Hit
TATASTEEL.EQ-NSE,2022-02-21,118.1,116.0,0.775,2.325,2022-02-22,-9187.129551227774,5927.180355630821,0,False,0,17206.65,17100.0,316.55,101.0,0,40.68194564310891,-8768.993383372126,Intraday SL Hit
TATASTEEL.EQ-NSE,2022-03-28,133.93,132.0,0.93,0.955,2022-03-31,-130.6652729037552,5226.610916150227,0,False,0,17222.0,17150.0,0.05,79.0,0,40.64568575078388,3208.9768900243876,No SL Hit
TATASTEEL.EQ-NSE,2022-04-25,122.345,120.0,1.1800000000000002,0.005,2022-04-28,6722.792104295232,5721.525195144877,0,False,0,16953.95,16850.0,0.05,85.3,0,41.28831334290829,3519.8287124829317,No SL Hit
TATASTEEL.EQ-NSE,2022-05-23,102.6,102.0,2.7,0.005,2022-05-26,18386.9395711501,6822.612085769981,0,False,0,16214.7,16150.0,0.05,151.35,0,43.17070312740908,6531.727383176993,No SL Hit
TATASTEEL.EQ-NSE,2022-06-27,86.7,86.0,1.135,0.005,2022-06-30,9123.414071510957,8073.817762399077,0,False,0,15832.05,15750.0,0.05,87.0,0,44.21410998575674,3844.4168632615488,No SL Hit
TATASTEEL.EQ-NSE,2022-07-25,96.45,96.0,1.435,0.05,2022-07-28,10051.840331778123,7257.646448937273,0,False,0,16631.0,16550.0,0.05,72.55,0,42.09007275569719,3051.5302747880464,No SL Hit
TATASTEEL.EQ-NSE,2022-08-22,105.15,104.0,1.35,0.05,2022-08-25,8654.303376129339,6657.1564431764145,0,False,0,17490.7,17400.0,0.05,67.4,0,40.02126844551676,2695.432429805554,No SL Hit
TATASTEEL.EQ-NSE,2022-09-26,99.85,98.0,1.5,1.25,2022-09-29,1752.6289434151229,7010.5157736604915,0,False,0,17016.3,16900.0,81.45,85.0,0,41.137027438397304,146.03644740631032,No SL Hit
TATASTEEL.EQ-NSE,2022-10-25,101.15,100.0,0.2,0.05,2022-10-27,1038.0622837370242,6920.415224913494,0,False,0,17656.35,17550.0,0.05,32.0,0,39.64579315656974,1266.6830913524032,No SL Hit
TATASTEEL.EQ-NSE,2022-11-21,104.1,103.0,0.85,0.05,2022-11-24,5379.442843419789,6724.303554274737,0,False,0,18159.95,18050.0,0.05,30.0,0,38.54636163645825,1154.4635310119245,No SL Hit
TATASTEEL.EQ-NSE,2022-12-26,104.95,104.0,0.95,0.05,2022-12-29,6002.858504049546,6669.842782277275,0,False,0,18014.6,17900.0,0.05,56.0,0,38.85737124332486,2174.0699210640264,No SL Hit
TATASTEEL.EQ-NSE,2023-01-23,121.8,120.0,0.3,0.05,2023-01-25,1436.7816091954023,5747.126436781609,0,False,0,18118.55,18000.0,108.0,18.8,0,38.63443818627871,-3446.191886216061,No SL Hit
TATASTEEL.EQ-NSE,2023-02-20,112.5,111.0,0.55,0.05,2023-02-23,3111.1111111111113,6222.222222222223,0,False,0,17844.6,17750.0,239.15,40.0,0,39.22755343353172,-7812.167266287842,No SL Hit
TATASTEEL.EQ-NSE,2023-03-27,102.3,101.0,0.45,0.05,2023-03-29,2737.0478983382213,6842.619745845553,0,False,0,16985.7,16900.0,0.05,35.45,0,41.21113642652349,1458.8742294989318,No SL Hit
TATASTEEL.EQ-NSE,2023-04-24,106.7,105.0,0.35,0.05,2023-04-27,1968.1349578256795,6560.449859418932,0,False,0,17743.4,17650.0,0.05,24.3,0,39.45128892996832,956.6937565517318,No SL Hit
TATASTEEL.EQ-NSE,2023-05-22,105.1,104.0,0.35,0.05,2023-05-25,1998.0970504281636,6660.323501427212,0,False,0,18314.4,18250.0,0.05,42.15,0,38.22129035076224,1609.1163237670903,No SL Hit
TATASTEEL.EQ-NSE,2023-06-26,110.2,109.4,0.4,0.05,2023-06-28,2223.230490018149,6352.087114337568,0,False,0,18691.2,18650.0,0.05,38.6,0,37.450778976202706,1443.7275295326144,No SL Hit
TATASTEEL.EQ-NSE,2023-07-24,115.2,114.4,1.75,0.05,2023-07-27,10329.861111111111,6076.388888888889,0,False,0,19672.35,19600.0,0.05,51.7,0,35.58293747315395,1837.8587204884016,No SL Hit
TATASTEEL.EQ-NSE,2023-08-28,117.55,116.4,0.35,0.05,2023-08-31,1786.473840918758,5954.912803062527,0,False,0,19306.05,19250.0,0.05,42.3,0,36.25806418195333,1531.9032116875283,No SL Hit
TATASTEEL.EQ-NSE,2023-09-25,127.25,126.0,0.6,0.05,2023-09-28,3025.5402750491153,5500.98231827112,0,False,0,19674.55,19600.0,75.0,35.55,0,35.57895860388167,-1403.5899169231318,No SL Hit
TATASTEEL.EQ-NSE,2023-10-23,120.25,119.0,0.6,0.05,2023-10-26,3201.663201663201,5821.205821205821,0,False,0,19281.75,19250.0,395.25,81.0,0,36.30375873559195,-11408.45618265977,No SL Hit
TATASTEEL.EQ-NSE,2023-11-28,126.85,126.0,0.2,0.05,2023-11-30,827.7493102089084,5518.328734726055,0,False,0,19889.7,19850.0,0.05,23.6,0,35.19409543633137,828.8209475256037,No SL Hit
TATASTEEL.EQ-NSE,2023-12-26,135.45,135.0,1.0,0.05,2023-12-28,4909.5607235142115,5167.958656330749,0,False,0,21441.35,21400.0,0.2,49.55,0,32.647198054227,1611.1392239761021,No SL Hit
TATASTEEL.EQ-NSE,2024-01-23,130.05,129.0,1.75,0.05,2024-01-25,9150.32679738562,5382.545174932718,0,False,0,21238.8,21200.0,0.05,111.0,0,32.9585475638925,3656.7508522138733,No SL Hit
TATASTEEL.EQ-NSE,2024-02-26,142.45,141.0,0.75,2.25,2024-02-29,-7371.007371007371,4914.004914004914,0,False,0,22122.05,22050.0,230.75,91.35,0,31.642637097375697,-4410.983611374172,Intraday SL Hit
TATASTEEL.EQ-NSE,2024-03-26,152.35,151.0,0.75,0.05,2024-03-28,3216.278306531014,4594.683295044306,0,False,0,22004.7,21950.0,0.05,42.55,0,31.81138574940808,1351.9838943498432,No SL Hit
TATASTEEL.EQ-NSE,2024-04-22,162.1,161.0,1.4,0.05,2024-04-25,5829.734731647131,4318.32202344232,0,False,0,22336.4,22250.0,0.15,56.75,0,31.338980319120356,1773.7862860622122,No SL Hit
TATASTEEL.EQ-NSE,2024-05-27,175.75,174.0,1.6,4.800000000000001,2024-05-30,-12745.376955903275,3982.9302987197725,0,False,0,22932.45,22850.0,436.8,71.05,0,30.524431536970535,-11164.310834646973,Intraday SL Hit
TATASTEEL.EQ-NSE,2024-06-24,177.8,176.4,1.4,4.199999999999999,2024-06-26,-11023.622047244091,3937.007874015748,0,False,0,23537.85,23450.0,30.1,73.5,0,29.739334731082067,1290.6871273289617,Intraday SL Hit
POWERGRID.EQ-NSE,2019-01-28,140.625,138.75,0.7875000000000001,0.0375,2019-01-31,3733.3333333333335,4977.777777777777,0,False,0,10661.55,10600.0,0.05,42.0,0,65.65649459975333,2754.2899484596524,No SL Hit
POWERGRID.EQ-NSE,2019-02-25,135.78750000000002,135.0,0.75,0.0375,2019-02-28,3673.0185031759174,5155.113688667954,0,False,0,10880.1,10850.0,47.0,36.5,0,64.33764395547834,-675.5452615325225,No SL Hit
POWERGRID.EQ-NSE,2019-03-25,151.2375,150.0,1.425,1.05,2019-03-28,1735.6806347632032,4628.4816927018755,0,False,0,11354.25,11300.0,0.1,30.35,0,61.650923662945594,1864.9404408041041,No SL Hit
POWERGRID.EQ-NSE,2019-04-22,145.91250000000002,144.4,0.6000000000000001,0.675,2019-04-25,-359.8046774608068,4797.395699477426,0,False,0,11594.45,11550.0,0.05,32.05,0,60.3737132852356,1931.958825127539,No SL Hit
POWERGRID.EQ-NSE,2019-05-27,140.625,138.75,1.05,0.0375,2019-05-30,5039.999999999999,4977.777777777777,0,False,0,11924.75,11900.0,0.05,60.65,0,58.701440281766914,3557.307281075075,No SL Hit
POWERGRID.EQ-NSE,2019-06-24,149.775,148.1,0.75,0.0375,2019-06-27,3329.994992488733,4673.677182440327,0,False,0,11699.65,11650.0,0.05,36.0,0,59.83084964080122,2150.919044586804,No SL Hit
POWERGRID.EQ-NSE,2019-07-22,152.775,151.9,0.9375,0.0375,2019-07-25,4123.711340206186,4581.901489117984,0,False,0,11346.2,11300.0,40.0,36.5,0,61.694664292891005,-215.93132502511853,No SL Hit
POWERGRID.EQ-NSE,2019-08-26,151.2375,150.0,1.05,0.1125,2019-08-29,4339.201586908009,4628.4816927018755,0,False,0,11057.85,11000.0,50.1,56.3,0,63.30344506391387,392.4813593962657,No SL Hit
POWERGRID.EQ-NSE,2019-09-23,140.47500000000002,138.75,1.95,0.0375,2019-09-26,9530.1655098772,4983.093077059974,0,False,0,11600.2,11550.0,0.05,72.0,0,60.34378717608317,4341.735487319184,No SL Hit
POWERGRID.EQ-NSE,2019-10-29,150.75,150.0,0.975,1.4625,2019-10-31,-2263.6815920398003,4643.449419568822,0,False,0,11786.85,11750.0,0.05,32.75,0,59.388216529437464,1941.9946805126053,No SL Hit
POWERGRID.EQ-NSE,2019-11-25,149.28750000000002,148.1,0.8250000000000001,2.475,2019-11-26,-7736.749560411955,4688.939127522397,0,False,0,12073.75,12000.0,45.25,25.75,0,57.97701625427063,-1130.5518169582772,Intraday SL Hit
POWERGRID.EQ-NSE,2019-12-23,139.5,138.75,0.675,0.0375,2019-12-26,3198.9247311827958,5017.921146953405,0,False,0,12262.75,12200.0,73.35,15.6,0,57.08344376261442,-3296.5688772909825,No SL Hit
POWERGRID.EQ-NSE,2020-01-27,144.3375,142.5,1.3875000000000002,0.0375,2020-01-30,6547.155105222136,4849.744522386767,0,False,0,12119.0,12050.0,14.3,38.0,0,57.760541298787025,1368.9248287812525,No SL Hit
POWERGRID.EQ-NSE,2020-02-24,139.275,138.75,1.125,0.0375,2020-02-27,5465.80506192784,5026.027643152037,0,False,0,11829.4,11800.0,166.75,76.0,0,59.17459888075473,-5370.094848428492,No SL Hit
POWERGRID.EQ-NSE,2020-03-23,114.675,114.4,0.8250000000000001,0.375,2020-03-26,2746.893394375409,6104.207543056464,0,False,0,7610.25,7550.0,0.05,336.5,0,91.98120955290563,30947.077954075095,No SL Hit
POWERGRID.EQ-NSE,2020-04-27,119.6625,118.1,1.125,0.0375,2020-04-30,6361.642118458163,5849.785856053484,0,False,0,9282.3,9200.0,0.05,80.0,0,75.41234392338106,6029.216896674316,No SL Hit
POWERGRID.EQ-NSE,2020-05-26,117.825,116.25,0.525,0.0375,2020-05-28,2896.2444302991726,5941.0142159983025,0,False,0,9029.05,8950.0,0.05,41.55,0,77.52753611952532,3217.392748960301,No SL Hit
POWERGRID.EQ-NSE,2020-06-22,133.425,131.25,0.9375,0.0375,2020-06-25,4721.753794266441,5246.39310474049,0,False,0,10311.2,10200.0,0.05,65.85,0,67.88734579874311,4466.987353557297,No SL Hit
POWERGRID.EQ-NSE,2020-07-27,135.41250000000002,133.1,0.75,0.0375,2020-07-30,3683.1902520077533,5169.389827379303,0,False,0,11131.8,11000.0,0.05,49.0,0,62.88291201782282,3078.118543272427,No SL Hit
POWERGRID.EQ-NSE,2020-08-24,139.05,136.9,0.9,0.0375,2020-08-27,4341.9633225458465,5034.160373966199,0,False,0,11466.45,11350.0,0.05,32.05,0,61.047665144835584,1953.5252846347385,No SL Hit
POWERGRID.EQ-NSE,2020-09-21,127.5,125.6,0.9375,2.8125,2020-09-24,-10294.117647058823,5490.196078431372,0,False,0,11250.55,11150.0,351.05,75.1,0,62.21918039562511,-17169.38283017275,Intraday SL Hit
POWERGRID.EQ-NSE,2020-10-26,129.0,127.5,0.8624999999999999,0.0375,2020-10-29,4476.7441860465115,5426.356589147287,0,False,0,11767.75,11650.0,0.05,46.05,0,59.484608357587476,2736.291984449024,No SL Hit
POWERGRID.EQ-NSE,2020-11-23,145.95000000000002,144.4,1.275,0.15,2020-11-26,5395.683453237409,4796.163069544364,0,False,0,12926.45,12800.0,0.05,40.3,0,54.152532211086566,2179.6394214962343,No SL Hit
POWERGRID.EQ-NSE,2020-12-28,143.25,142.5,0.9,0.1875,2020-12-31,3481.675392670157,4886.561954624782,0,False,0,13873.2,13750.0,0.05,39.0,0,50.45699622293342,1965.3000028832569,No SL Hit
POWERGRID.EQ-NSE,2021-01-25,142.5,140.6,0.45,0.375,2021-01-28,368.42105263157896,4912.2807017543855,0,False,0,14238.9,14100.0,282.5,41.95,0,49.16110092774021,-11825.702828167907,No SL Hit
POWERGRID.EQ-NSE,2021-02-22,168.375,166.9,0.75,0.0375,2021-02-25,2962.138084632517,4157.386785449146,0,False,0,14675.7,14550.0,0.05,87.5,0,47.697895160026434,4171.180931744312,No SL Hit
POWERGRID.EQ-NSE,2021-03-22,166.95000000000002,165.0,1.2000000000000002,3.6000000000000005,2021-03-23,-10062.893081761005,4192.872117400419,0,False,0,14736.4,14600.0,83.0,73.45,0,47.501425042751286,-453.6386091582747,Intraday SL Hit
POWERGRID.EQ-NSE,2021-04-26,161.85000000000002,159.4,0.9375,0.0375,2021-04-29,3892.4930491195546,4324.992276799505,0,False,0,14485.0,14400.0,0.05,97.65,0,48.32585433206766,4716.603382809803,No SL Hit
POWERGRID.EQ-NSE,2021-05-24,173.25,170.6,1.125,0.75,2021-05-27,1515.151515151515,4040.40404040404,0,False,0,15197.7,15100.0,0.1,55.0,0,46.059601123854264,2528.672101699599,No SL Hit
POWERGRID.EQ-NSE,2021-06-21,176.10000000000002,174.4,1.2000000000000002,1.35,2021-06-24,-596.2521294718905,3975.0141964792724,0,False,0,15746.5,15650.0,0.05,48.3,0,44.45432318292954,2144.9210935763504,No SL Hit
POWERGRID.EQ-NSE,2021-07-26,174.8625,172.5,0.525,1.5750000000000002,2021-07-28,-4203.30259489599,4003.1453284723707,0,False,0,15824.45,15750.0,257.0,41.0,0,44.23534467232668,-9554.834449222564,Intraday SL Hit
POWERGRID.EQ-NSE,2021-08-23,175.35,174.4,0.55,1.6500000000000001,2021-08-26,-4391.2175648702605,3992.0159680638726,0,False,0,16496.45,16400.0,3.7,45.2,0,42.43337202852735,1760.984939183885,Intraday SL Hit
POWERGRID.EQ-NSE,2021-09-27,175.9,174.4,0.9,0.05,2021-09-30,3382.6037521318926,3979.533826037521,0,False,0,17855.1,17750.0,132.75,54.6,0,39.20448499308321,-3063.8305022094532,No SL Hit
POWERGRID.EQ-NSE,2021-10-25,192.15,190.0,0.95,2.8499999999999996,2021-10-28,-6921.675774134789,3642.9872495446266,0,False,0,18125.4,18050.0,200.0,79.0,0,38.619837355313535,-4673.000319992938,Intraday SL Hit
POWERGRID.EQ-NSE,2021-11-22,194.1,192.5,1.6,0.05,2021-11-25,5589.902112313241,3606.3884595569293,0,False,0,17416.55,17350.0,0.05,71.15,0,40.191656786217706,2857.626797500079,No SL Hit
POWERGRID.EQ-NSE,2021-12-27,206.6,205.0,1.45,0.05,2021-12-30,4743.465634075508,3388.189738625363,0,False,0,17086.25,17000.0,0.05,70.25,0,40.96861511449265,2875.996781037384,No SL Hit
POWERGRID.EQ-NSE,2022-01-24,213.1,210.0,1.0,0.05,2022-01-27,3120.600656968559,3284.84279680901,0,False,0,17149.1,17050.0,0.05,123.5,0,40.81846860768204,5039.039949618348,No SL Hit
POWERGRID.EQ-NSE,2022-02-21,198.25,197.5,1.5,4.5,2022-02-22,-10592.686002522067,3530.8953341740225,0,False,0,17206.65,17100.0,316.55,101.0,0,40.68194564310891,-8768.993383372126,Intraday SL Hit
POWERGRID.EQ-NSE,2022-03-28,211.9,210.0,1.25,0.05,2022-03-31,3964.1340254837187,3303.4450212364322,0,False,0,17222.0,17150.0,0.05,79.0,0,40.64568575078388,3208.9768900243876,No SL Hit
POWERGRID.EQ-NSE,2022-04-25,222.95,220.0,0.95,0.05,2022-04-28,2825.74568288854,3139.7174254317115,0,False,0,16953.95,16850.0,0.05,85.3,0,41.28831334290829,3519.8287124829317,No SL Hit
POWERGRID.EQ-NSE,2022-05-23,225.0,222.5,1.5,0.05,2022-05-26,4511.111111111111,3111.1111111111113,0,False,0,16214.7,16150.0,0.05,151.35,0,43.17070312740908,6531.727383176993,No SL Hit
POWERGRID.EQ-NSE,2022-06-27,211.45,210.0,1.5,0.05,2022-06-30,4800.189170016552,3310.475289666588,0,False,0,15832.05,15750.0,0.05,87.0,0,44.21410998575674,3844.4168632615488,No SL Hit
POWERGRID.EQ-NSE,2022-07-25,207.75,205.0,0.95,0.05,2022-07-28,3032.4909747292418,3369.4344163658243,0,False,0,16631.0,16550.0,0.05,72.55,0,42.09007275569719,3051.5302747880464,No SL Hit
POWERGRID.EQ-NSE,2022-08-22,225.95,225.0,0.85,0.05,2022-08-25,2478.424430183669,3098.0305377295863,0,False,0,17490.7,17400.0,0.05,67.4,0,40.02126844551676,2695.432429805554,No SL Hit
POWERGRID.EQ-NSE,2022-09-26,200.3,197.5,3.05,0.05,2022-09-29,10484.273589615575,3494.757863205192,0,False,0,17016.3,16900.0,81.45,85.0,0,41.137027438397304,146.03644740631032,No SL Hit
POWERGRID.EQ-NSE,2022-10-25,218.65,217.5,0.7,0.05,2022-10-27,2080.9512920192087,3201.4635261833982,0,False,0,17656.35,17550.0,0.05,32.0,0,39.64579315656974,1266.6830913524032,No SL Hit
POWERGRID.EQ-NSE,2022-11-21,218.85,217.5,1.15,0.05,2022-11-24,3518.3915924148955,3198.537811286269,0,False,0,18159.95,18050.0,0.05,30.0,0,38.54636163645825,1154.4635310119245,No SL Hit
POWERGRID.EQ-NSE,2022-12-26,212.1,210.0,0.8,0.05,2022-12-29,2475.2475247524753,3300.3300330033003,0,False,0,18014.6,17900.0,0.05,56.0,0,38.85737124332486,2174.0699210640264,No SL Hit
POWERGRID.EQ-NSE,2023-01-23,224.85,222.5,0.5,1.5,2023-01-24,-3113.1865688236603,3113.1865688236603,0,False,0,18118.55,18000.0,18.2,18.8,0,38.63443818627871,23.18066291176728,Intraday SL Hit
POWERGRID.EQ-NSE,2023-02-20,215.55,215.0,0.95,2.8499999999999996,2023-02-23,-6170.262120157734,3247.506379030387,0,False,0,17844.6,17750.0,290.05,40.0,0,39.22755343353172,-9808.849736054606,Intraday SL Hit
POWERGRID.EQ-NSE,2023-03-27,219.9,217.5,0.75,0.05,2023-03-29,2228.2855843565258,3183.2651205093225,0,False,0,16985.7,16900.0,0.05,35.45,0,41.21113642652349,1458.8742294989318,No SL Hit
POWERGRID.EQ-NSE,2023-04-24,232.25,230.0,0.6,0.05,2023-04-27,1657.696447793326,3013.9935414424112,0,False,0,17743.4,17650.0,0.05,24.3,0,39.45128892996832,956.6937565517318,No SL Hit
POWERGRID.EQ-NSE,2023-05-22,234.2,232.5,1.15,0.05,2023-05-25,3287.7882152006828,2988.8983774551666,0,False,0,18314.4,18250.0,0.05,42.15,0,38.22129035076224,1609.1163237670903,No SL Hit
POWERGRID.EQ-NSE,2023-06-26,248.0,245.0,0.3,0.05,2023-06-28,705.6451612903226,2822.5806451612902,0,False,0,18691.2,18650.0,0.05,38.6,0,37.450778976202706,1443.7275295326144,No SL Hit
POWERGRID.EQ-NSE,2023-07-24,247.5,245.0,1.2,0.1,2023-07-27,3111.1111111111104,2828.282828282828,0,False,0,19672.35,19600.0,0.05,51.7,0,35.58293747315395,1837.8587204884016,No SL Hit
POWERGRID.EQ-NSE,2023-08-28,248.65,247.5,1.85,2.25,2023-08-31,-1126.0808365171927,2815.202091292982,0,False,0,19306.05,19250.0,0.05,42.3,0,36.25806418195333,1531.9032116875283,No SL Hit
POWERGRID.EQ-NSE,2023-09-25,199.45,196.9,0.35,0.05,2023-09-28,1052.8954625219353,3509.6515417397845,0,False,0,19674.55,19600.0,75.0,35.55,0,35.57895860388167,-1403.5899169231318,No SL Hit
POWERGRID.EQ-NSE,2023-10-23,199.5,197.05,0.5,0.05,2023-10-26,1578.9473684210527,3508.7719298245615,0,False,0,19281.75,19250.0,395.25,81.0,0,36.30375873559195,-11408.45618265977,No SL Hit
POWERGRID.EQ-NSE,2023-11-28,209.95,208.0,0.6,1.7999999999999998,2023-11-30,-4000.952607763753,3334.1271731364614,0,False,0,19889.7,19850.0,8.05,23.6,0,35.19409543633137,547.2681840349528,Intraday SL Hit
POWERGRID.EQ-NSE,2023-12-26,233.0,230.0,0.7,0.05,2023-12-28,1952.7896995708152,3004.291845493562,0,False,0,21441.35,21400.0,0.2,49.55,0,32.647198054227,1611.1392239761021,No SL Hit
POWERGRID.EQ-NSE,2024-01-23,236.9,235.0,1.55,0.05,2024-01-25,4432.24989447024,2954.8332629801603,0,False,0,21238.8,21200.0,0.05,111.0,0,32.9585475638925,3656.7508522138733,No SL Hit
POWERGRID.EQ-NSE,2024-02-26,288.0,285.0,2.6,7.85,2024-02-29,-12760.416666666668,2430.5555555555557,0,False,0,22122.05,22050.0,158.6,91.35,0,31.642637097375697,-2127.9673447985156,Overnight SL Hit
POWERGRID.EQ-NSE,2024-03-26,270.5,267.5,1.3,0.05,2024-03-28,3234.750462107209,2587.8003696857672,0,False,0,22004.7,21950.0,0.05,42.55,0,31.81138574940808,1351.9838943498432,No SL Hit
POWERGRID.EQ-NSE,2024-04-22,284.0,280.0,1.8,0.05,2024-04-25,4313.380281690141,2464.788732394366,0,False,0,22336.4,22250.0,0.15,56.75,0,31.338980319120356,1773.7862860622122,No SL Hit
POWERGRID.EQ-NSE,2024-05-27,318.0,315.0,1.9,5.699999999999999,2024-05-30,-8364.779874213835,2201.2578616352203,0,False,0,22932.45,22850.0,436.8,71.05,0,30.524431536970535,-11164.310834646973,Intraday SL Hit
POWERGRID.EQ-NSE,2024-06-24,333.2,327.5,1.3,0.05,2024-06-27,2626.0504201680674,2100.840336134454,0,False,0,23537.85,23450.0,0.1,73.5,0,29.739334731082067,2182.867169261424,No SL Hit
ONGC.EQ-NSE,2019-01-28,141.65,140.0,0.9,0.05,2019-01-31,4200.494175785387,4941.7578538651605,0,False,0,10661.55,10600.0,0.05,42.0,0,65.65649459975333,2754.2899484596524,No SL Hit
ONGC.EQ-NSE,2019-02-25,148.0,147.5,5.4,0.05,2019-02-28,25304.054054054057,4729.72972972973,0,False,0,10880.1,10850.0,47.0,36.5,0,64.33764395547834,-675.5452615325225,No SL Hit
ONGC.EQ-NSE,2019-03-25,159.25,155.0,1.2,0.05,2019-03-28,5054.945054945055,4395.604395604396,0,False,0,11354.25,11300.0,0.1,30.35,0,61.650923662945594,1864.9404408041041,No SL Hit
ONGC.EQ-NSE,2019-04-22,157.9,157.5,1.7,0.05,2019-04-25,7314.756174794173,4433.185560481317,0,False,0,11594.45,11550.0,0.05,32.05,0,60.3737132852356,1931.958825127539,No SL Hit
ONGC.EQ-NSE,2019-05-27,173.15,172.5,1.65,3.65,2019-05-30,-8085.475021657522,4042.737510828761,0,False,0,11924.75,11900.0,0.05,60.65,0,58.701440281766914,3557.307281075075,No SL Hit
ONGC.EQ-NSE,2019-06-24,165.7,165.0,1.15,0.05,2019-06-27,4646.952323476161,4224.502112251056,0,False,0,11699.65,11650.0,0.05,36.0,0,59.83084964080122,2150.919044586804,No SL Hit
ONGC.EQ-NSE,2019-07-22,146.5,145.0,1.1,0.95,2019-07-25,716.7235494880551,4778.15699658703,0,False,0,11346.2,11300.0,40.0,36.5,0,61.694664292891005,-215.93132502511853,No SL Hit
ONGC.EQ-NSE,2019-08-26,124.0,122.5,1.35,0.05,2019-08-29,7338.709677419355,5645.1612903225805,0,False,0,11057.85,11000.0,50.1,56.3,0,63.30344506391387,392.4813593962657,No SL Hit
ONGC.EQ-NSE,2019-09-23,136.4,135.0,1.9,0.05,2019-09-26,9494.134897360704,5131.964809384164,0,False,0,11600.2,11550.0,0.05,72.0,0,60.34378717608317,4341.735487319184,No SL Hit
ONGC.EQ-NSE,2019-10-29,141.95,140.0,0.6,0.05,2019-10-31,2712.222613596337,4931.313842902431,0,False,0,11786.85,11750.0,0.05,32.75,0,59.388216529437464,1941.9946805126053,No SL Hit
ONGC.EQ-NSE,2019-11-25,130.8,130.0,1.3,0.05,2019-11-28,6689.602446483179,5351.6819571865435,0,False,0,12073.75,12000.0,0.05,25.75,0,57.97701625427063,1490.009317734755,No SL Hit
ONGC.EQ-NSE,2019-12-23,124.7,122.5,0.35,0.05,2019-12-26,1684.0417000801924,5613.472333600642,0,False,0,12262.75,12200.0,73.35,15.6,0,57.08344376261442,-3296.5688772909825,No SL Hit
ONGC.EQ-NSE,2020-01-27,117.55,117.5,1.95,1.95,2020-01-30,0.0,5954.912803062527,0,False,0,12119.0,12050.0,14.3,38.0,0,57.760541298787025,1368.9248287812525,No SL Hit
ONGC.EQ-NSE,2020-02-24,97.85,97.5,1.55,4.65,2020-02-27,-22176.801226366893,7153.806847215125,0,False,0,11829.4,11800.0,260.55,76.0,0,59.17459888075473,-10920.672223443285,Intraday SL Hit
ONGC.EQ-NSE,2020-03-23,60.95,60.0,4.0,0.05,2020-03-26,45365.053322395404,11484.823625922887,0,False,0,7610.25,7550.0,0.05,336.5,0,91.98120955290563,30947.077954075095,No SL Hit
ONGC.EQ-NSE,2020-04-27,68.7,67.5,1.5,0.05,2020-04-30,14774.381368267832,10189.228529839884,0,False,0,9282.3,9200.0,0.05,80.0,0,75.41234392338106,6029.216896674316,No SL Hit
ONGC.EQ-NSE,2020-05-26,76.85,75.0,0.55,0.05,2020-05-28,4554.326610279766,9108.653220559532,0,False,0,9029.05,8950.0,0.05,41.55,0,77.52753611952532,3217.392748960301,No SL Hit
ONGC.EQ-NSE,2020-06-22,84.85,83.0,1.1,0.05,2020-06-25,8662.34531526223,8249.852681202123,0,False,0,10311.2,10200.0,0.05,65.85,0,67.88734579874311,4466.987353557297,No SL Hit
ONGC.EQ-NSE,2020-07-27,80.6,79.0,0.65,0.85,2020-07-30,-1736.97270471464,8684.863523573202,0,False,0,11131.8,11000.0,0.05,49.0,0,62.88291201782282,3078.118543272427,No SL Hit
ONGC.EQ-NSE,2020-08-24,81.1,80.0,0.7,0.1,2020-08-27,5178.791615289766,8631.319358816278,0,False,0,11466.45,11350.0,0.05,32.05,0,61.047665144835584,1953.5252846347385,No SL Hit
ONGC.EQ-NSE,2020-09-21,71.0,70.0,0.8,2.4000000000000004,2020-09-23,-15774.647887323945,9859.154929577464,0,False,0,11250.55,11150.0,138.25,75.1,0,62.21918039562511,-3929.141241983726,Intraday SL Hit
ONGC.EQ-NSE,2020-10-26,68.15,67.0,0.5,2.2,2020-10-29,-17461.482024944977,10271.460014673514,0,False,0,11767.75,11650.0,61.75,46.05,0,59.484608357587476,-933.9083512141235,Overnight SL Hit
ONGC.EQ-NSE,2020-11-23,76.45,75.0,0.85,0.05,2020-11-26,7325.049051667756,9156.311314584696,0,False,0,12926.45,12800.0,0.05,40.3,0,54.152532211086566,2179.6394214962343,No SL Hit
ONGC.EQ-NSE,2020-12-28,93.85,92.0,1.15,0.05,2020-12-31,8204.581779435268,7458.710708577518,0,False,0,13873.2,13750.0,0.05,39.0,0,50.45699622293342,1965.3000028832569,No SL Hit
ONGC.EQ-NSE,2021-01-25,92.0,90.0,0.65,0.05,2021-01-28,4565.217391304348,7608.695652173913,0,False,0,14238.9,14100.0,282.5,41.95,0,49.16110092774021,-11825.702828167907,No SL Hit
ONGC.EQ-NSE,2021-02-22,106.1,104.0,0.75,2.25,2021-02-26,-9896.324222431667,6597.549481621112,0,False,0,14675.7,14550.0,443.15,87.5,0,47.697895160026434,-16963.7564136634,Intraday SL Hit
ONGC.EQ-NSE,2021-04-26,102.8,101.0,0.8,0.05,2021-04-29,5107.003891050584,6809.3385214007785,0,False,0,14485.0,14400.0,0.05,97.65,0,48.32585433206766,4716.603382809803,No SL Hit
ONGC.EQ-NSE,2021-05-24,113.0,112.0,0.95,0.05,2021-05-27,5575.221238938052,6194.690265486725,0,False,0,15197.7,15100.0,0.1,55.0,0,46.059601123854264,2528.672101699599,No SL Hit
ONGC.EQ-NSE,2021-06-21,121.2,120.0,0.65,0.05,2021-06-24,3465.346534653465,5775.577557755775,0,False,0,15746.5,15650.0,0.05,48.3,0,44.45432318292954,2144.9210935763504,No SL Hit
ONGC.EQ-NSE,2021-07-26,114.85,112.5,0.45,0.05,2021-07-29,2437.962559860688,6094.90639965172,0,False,0,15824.45,15750.0,0.05,41.0,0,44.23534467232668,1811.4373643317779,No SL Hit
ONGC.EQ-NSE,2021-08-23,111.95,110.0,0.8,0.05,2021-08-26,4689.593568557391,6252.791424743189,0,False,0,16496.45,16400.0,0.05,45.2,0,42.43337202852735,1915.8667470880102,No SL Hit
ONGC.EQ-NSE,2021-09-27,140.0,137.5,0.7,0.05,2021-09-30,3249.9999999999995,5000.0,0,False,0,17855.1,17750.0,132.75,54.6,0,39.20448499308321,-3063.8305022094532,No SL Hit
ONGC.EQ-NSE,2021-10-25,161.1,160.0,1.5,6.1,2021-10-28,-19987.58535071384,4345.127250155183,0,False,0,18125.4,18050.0,16.0,79.0,0,38.619837355313535,2433.049753384753,Overnight SL Hit
ONGC.EQ-NSE,2021-11-22,148.0,145.0,0.85,2.55,2021-11-23,-8040.54054054054,4729.72972972973,0,False,0,17416.55,17350.0,176.2,71.15,0,40.191656786217706,-4222.133545392169,Intraday SL Hit
ONGC.EQ-NSE,2021-12-27,137.05,135.0,0.65,0.05,2021-12-30,3064.5749726377235,5107.624954396206,0,False,0,17086.25,17000.0,0.05,70.25,0,40.96861511449265,2875.996781037384,No SL Hit
ONGC.EQ-NSE,2022-01-24,165.05,162.5,0.85,0.05,2022-01-27,3392.9112390184787,4241.139048773099,0,False,0,17149.1,17050.0,0.05,123.5,0,40.81846860768204,5039.039949618348,No SL Hit
ONGC.EQ-NSE,2022-02-21,163.25,162.5,1.75,5.25,2022-02-24,-15007.656967840736,4287.901990811639,0,False,0,17206.65,17100.0,869.8,101.0,0,40.68194564310891,-31276.27981042213,Intraday SL Hit
ONGC.EQ-NSE,2022-03-28,175.5,172.5,0.75,2.25,2022-03-29,-5982.9059829059825,3988.6039886039885,0,False,0,17222.0,17150.0,63.25,79.0,0,40.64568575078388,640.1695505748462,Intraday SL Hit
ONGC.EQ-NSE,2022-04-25,169.75,167.5,1.05,3.1500000000000004,2022-04-27,-8659.793814432993,4123.711340206186,0,False,0,16953.95,16850.0,53.4,85.3,0,41.28831334290829,1317.0971956387743,Intraday SL Hit
ONGC.EQ-NSE,2022-05-23,155.1,152.5,1.55,4.65,2022-05-25,-13990.973565441653,4513.217279174726,0,False,0,16214.7,16150.0,195.35,151.35,0,43.17070312740908,-1899.5109376059993,Intraday SL Hit
ONGC.EQ-NSE,2022-06-27,141.9,140.0,1.25,0.05,2022-06-30,5919.661733615221,4933.051444679351,0,False,0,15832.05,15750.0,0.05,87.0,0,44.21410998575674,3844.4168632615488,No SL Hit
ONGC.EQ-NSE,2022-07-25,129.75,127.5,1.0,0.05,2022-07-28,5125.2408477842,5394.990366088632,0,False,0,16631.0,16550.0,0.05,72.55,0,42.09007275569719,3051.5302747880464,No SL Hit
ONGC.EQ-NSE,2022-08-22,132.3,130.0,1.25,0.05,2022-08-25,6349.206349206349,5291.005291005291,0,False,0,17490.7,17400.0,0.05,67.4,0,40.02126844551676,2695.432429805554,No SL Hit
ONGC.EQ-NSE,2022-09-26,123.3,122.5,1.4,0.05,2022-09-29,7664.233576642336,5677.210056772101,0,False,0,17016.3,16900.0,81.45,85.0,0,41.137027438397304,146.03644740631032,No SL Hit
ONGC.EQ-NSE,2022-10-25,130.9,130.0,0.5,0.05,2022-10-27,2406.417112299465,5347.5935828877,0,False,0,17656.35,17550.0,0.05,32.0,0,39.64579315656974,1266.6830913524032,No SL Hit
ONGC.EQ-NSE,2022-11-21,135.65,133.25,0.3,0.8999999999999999,2022-11-22,-3096.203464799115,5160.339107998526,0,False,0,18159.95,18050.0,32.1,30.0,0,38.54636163645825,-80.94735943656238,Intraday SL Hit
ONGC.EQ-NSE,2022-12-26,142.15,140.75,0.85,0.1,2022-12-29,3693.2817446359477,4924.375659514597,0,False,0,18014.6,17900.0,0.05,56.0,0,38.85737124332486,2174.0699210640264,No SL Hit
ONGC.EQ-NSE,2023-01-23,152.2,150.75,0.35,0.05,2023-01-25,1379.7634691195797,4599.211563731932,0,False,0,18118.55,18000.0,108.0,18.8,0,38.63443818627871,-3446.191886216061,No SL Hit
ONGC.EQ-NSE,2023-02-20,154.75,152.5,0.4,0.05,2023-02-23,1583.1987075928917,4523.424878836833,0,False,0,17844.6,17750.0,239.15,40.0,0,39.22755343353172,-7812.167266287842,No SL Hit
ONGC.EQ-NSE,2023-03-27,149.85,148.5,0.55,1.6500000000000001,2023-03-28,-5138.4718051384725,4671.338004671338,0,False,0,16985.7,16900.0,52.7,35.45,0,41.21113642652349,-710.8921033575301,Intraday SL Hit
ONGC.EQ-NSE,2023-04-24,160.2,158.5,0.25,0.05,2023-04-27,873.9076154806494,4369.5380774032465,0,False,0,17743.4,17650.0,0.05,24.3,0,39.45128892996832,956.6937565517318,No SL Hit
ONGC.EQ-NSE,2023-05-22,165.0,163.5,0.2,0.05,2023-05-25,636.3636363636364,4242.424242424242,0,False,0,18314.4,18250.0,0.05,42.15,0,38.22129035076224,1609.1163237670903,No SL Hit
ONGC.EQ-NSE,2023-06-26,157.5,156.0,0.6,0.05,2023-06-28,2444.444444444444,4444.444444444444,0,False,0,18691.2,18650.0,0.05,38.6,0,37.450778976202706,1443.7275295326144,No SL Hit
ONGC.EQ-NSE,2023-07-24,170.5,169.0,0.2,0.05,2023-07-27,615.8357771260999,4105.571847507332,0,False,0,19672.35,19600.0,0.05,51.7,0,35.58293747315395,1837.8587204884016,No SL Hit
ONGC.EQ-NSE,2023-08-28,175.1,174.0,0.4,0.05,2023-08-31,1399.200456881782,3997.7155910908054,0,False,0,19306.05,19250.0,0.05,42.3,0,36.25806418195333,1531.9032116875283,No SL Hit
ONGC.EQ-NSE,2023-09-25,185.6,184.0,0.1,0.05,2023-09-28,188.57758620689657,3771.551724137931,0,False,0,19674.55,19600.0,75.0,35.55,0,35.57895860388167,-1403.5899169231318,No SL Hit
ONGC.EQ-NSE,2023-10-23,184.5,183.0,0.2,0.6000000000000001,2023-10-26,-1517.6151761517617,3794.0379403794036,0,False,0,19281.75,19250.0,411.25,81.0,0,36.30375873559195,-11989.31632242924,Intraday SL Hit
ONGC.EQ-NSE,2023-11-28,194.0,193.0,1.0,0.05,2023-11-30,3427.8350515463917,3608.2474226804125,0,False,0,19889.7,19850.0,0.05,23.6,0,35.19409543633137,828.8209475256037,No SL Hit
ONGC.EQ-NSE,2023-12-26,208.0,207.0,1.25,0.05,2023-12-28,4038.461538461538,3365.3846153846152,0,False,0,21441.35,21400.0,0.2,49.55,0,32.647198054227,1611.1392239761021,No SL Hit
ONGC.EQ-NSE,2024-01-23,230.8,229.0,2.55,0.05,2024-01-25,7582.322357019064,3032.9289428076254,0,False,0,21238.8,21200.0,0.05,111.0,0,32.9585475638925,3656.7508522138733,No SL Hit
ONGC.EQ-NSE,2024-02-26,269.75,267.5,1.8,1.8,2024-02-29,0.0,2594.995366079703,0,False,0,22122.05,22050.0,67.1,91.35,0,31.642637097375697,767.3339496113607,No SL Hit
ONGC.EQ-NSE,2024-03-26,265.25,262.5,1.05,3.1500000000000004,2024-03-27,-5541.9415645617355,2639.0197926484448,0,False,0,22004.7,21950.0,42.95,42.55,0,31.81138574940808,-12.724554299763412,Intraday SL Hit
ONGC.EQ-NSE,2024-04-22,277.3,275.0,1.3,0.05,2024-04-25,3155.4273350162275,2524.341868012982,0,False,0,22336.4,22250.0,0.15,56.75,0,31.338980319120356,1773.7862860622122,No SL Hit
ONGC.EQ-NSE,2024-05-27,278.2,275.0,2.05,6.1499999999999995,2024-05-30,-10316.319194823867,2516.175413371675,0,False,0,22932.45,22850.0,436.8,71.05,0,30.524431536970535,-11164.310834646973,Intraday SL Hit
ONGC.EQ-NSE,2024-06-24,270.05,267.5,1.4,0.5,2024-06-27,2332.901314571375,2592.1125717459727,0,False,0,23537.85,23450.0,0.1,73.5,0,29.739334731082067,2182.867169261424,No SL Hit
COALINDIA.EQ-NSE,2019-01-28,225.4,225.0,2.15,0.1,2019-01-31,6366.459627329192,3105.590062111801,0,False,0,10661.55,10600.0,0.05,42.0,0,65.65649459975333,2754.2899484596524,No SL Hit
COALINDIA.EQ-NSE,2019-02-25,214.35,210.0,1.65,0.05,2019-02-28,5225.099136925589,3265.686960578493,0,False,0,10880.1,10850.0,47.0,36.5,0,64.33764395547834,-675.5452615325225,No SL Hit
COALINDIA.EQ-NSE,2019-03-25,237.2,235.0,2.45,0.05,2019-03-28,7082.630691399664,2951.0961214165263,0,False,0,11354.25,11300.0,0.1,30.35,0,61.650923662945594,1864.9404408041041,No SL Hit
COALINDIA.EQ-NSE,2019-04-22,252.0,250.0,1.65,0.05,2019-04-25,4444.444444444444,2777.777777777778,0,False,0,11594.45,11550.0,0.05,32.05,0,60.3737132852356,1931.958825127539,No SL Hit
COALINDIA.EQ-NSE,2019-05-27,244.4,240.0,1.2,0.05,2019-05-30,3293.7806873977083,2864.1571194762682,0,False,0,11924.75,11900.0,0.05,60.65,0,58.701440281766914,3557.307281075075,No SL Hit
COALINDIA.EQ-NSE,2019-06-24,256.1,255.0,2.1,0.05,2019-06-27,5603.279968762202,2733.30730183522,0,False,0,11699.65,11650.0,0.05,36.0,0,59.83084964080122,2150.919044586804,No SL Hit
COALINDIA.EQ-NSE,2019-07-22,221.3,220.0,2.25,6.75,2019-07-25,-14234.071396294623,3163.1269769543605,0,False,0,11346.2,11300.0,63.9,36.5,0,61.694664292891005,-1690.4338016252134,Intraday SL Hit
COALINDIA.EQ-NSE,2019-08-26,188.6,185.0,1.75,0.05,2019-08-29,6309.650053022269,3711.5588547189823,0,False,0,11057.85,11000.0,50.1,56.3,0,63.30344506391387,392.4813593962657,No SL Hit
COALINDIA.EQ-NSE,2019-09-23,202.25,200.0,2.55,8.45,2019-09-26,-20420.27194066749,3461.0630407911003,0,False,0,11600.2,11550.0,77.95,72.0,0,60.34378717608317,-359.045533697695,Overnight SL Hit
COALINDIA.EQ-NSE,2019-10-29,209.4,205.0,0.8,0.05,2019-10-31,2507.163323782235,3342.8844317096464,0,False,0,11786.85,11750.0,0.05,32.75,0,59.388216529437464,1941.9946805126053,No SL Hit
COALINDIA.EQ-NSE,2019-11-25,200.35,200.0,2.0,0.05,2019-11-28,6813.077115048664,3493.8857000249563,0,False,0,12073.75,12000.0,0.05,25.75,0,57.97701625427063,1490.009317734755,No SL Hit
COALINDIA.EQ-NSE,2019-12-23,197.65,195.0,0.9,0.05,2019-12-26,3010.3718694662284,3541.6139640779156,0,False,0,12262.75,12200.0,73.35,15.6,0,57.08344376261442,-3296.5688772909825,No SL Hit
COALINDIA.EQ-NSE,2020-01-27,193.0,190.0,1.35,2.0,2020-01-30,-2357.512953367875,3626.943005181347,0,False,0,12119.0,12050.0,14.3,38.0,0,57.760541298787025,1368.9248287812525,No SL Hit
COALINDIA.EQ-NSE,2020-02-24,174.15,170.0,0.9,0.05,2020-02-27,3416.5948894631065,4019.5233993683605,0,False,0,11829.4,11800.0,166.75,76.0,0,59.17459888075473,-5370.094848428492,No SL Hit
COALINDIA.EQ-NSE,2020-03-23,127.55,128.0,5.6,3.5,2020-03-26,11524.892199137592,5488.043904351235,0,False,0,7610.25,7550.0,0.05,336.5,0,91.98120955290563,30947.077954075095,No SL Hit
COALINDIA.EQ-NSE,2020-04-27,138.2,135.0,1.45,0.05,2020-04-30,7091.172214182345,5065.123010130246,0,False,0,9282.3,9200.0,0.05,80.0,0,75.41234392338106,6029.216896674316,No SL Hit
COALINDIA.EQ-NSE,2020-05-26,127.25,125.0,0.85,0.05,2020-05-28,4400.785854616895,5500.98231827112,0,False,0,9029.05,8950.0,0.05,41.55,0,77.52753611952532,3217.392748960301,No SL Hit
COALINDIA.EQ-NSE,2020-06-22,143.7,142.5,2.55,2.1,2020-06-25,2192.0668058455103,4871.259568545582,0,False,0,10311.2,10200.0,0.05,65.85,0,67.88734579874311,4466.987353557297,No SL Hit
COALINDIA.EQ-NSE,2020-07-27,129.95,127.5,1.15,0.2,2020-07-30,5117.352828010773,5386.687187379762,0,False,0,11131.8,11000.0,0.05,49.0,0,62.88291201782282,3078.118543272427,No SL Hit
COALINDIA.EQ-NSE,2020-08-24,139.8,137.5,0.9,0.05,2020-08-27,4256.0801144492125,5007.153075822604,0,False,0,11466.45,11350.0,0.05,32.05,0,61.047665144835584,1953.5252846347385,No SL Hit
COALINDIA.EQ-NSE,2020-09-21,121.2,120.0,1.05,3.1500000000000004,2020-09-24,-12128.71287128713,5775.577557755775,0,False,0,11250.55,11150.0,351.05,75.1,0,62.21918039562511,-17169.38283017275,Intraday SL Hit
COALINDIA.EQ-NSE,2020-10-26,114.45,112.5,0.65,1.9500000000000002,2020-10-29,-7951.070336391438,6116.207951070336,0,False,0,11767.75,11650.0,80.9,46.05,0,59.484608357587476,-2073.038601261924,Intraday SL Hit
COALINDIA.EQ-NSE,2020-11-23,122.8,120.0,0.45,0.05,2020-11-26,2280.130293159609,5700.325732899023,0,False,0,12926.45,12800.0,0.05,40.3,0,54.152532211086566,2179.6394214962343,No SL Hit
COALINDIA.EQ-NSE,2020-12-28,137.5,135.0,0.75,0.05,2020-12-31,3563.6363636363635,5090.909090909091,0,False,0,13873.2,13750.0,0.05,39.0,0,50.45699622293342,1965.3000028832569,No SL Hit
COALINDIA.EQ-NSE,2021-01-25,131.55,130.0,0.8,2.4000000000000004,2021-01-28,-8513.873052071458,5321.17065754466,0,False,0,14238.9,14100.0,397.2,41.95,0,49.16110092774021,-17464.48110457971,Intraday SL Hit
COALINDIA.EQ-NSE,2021-02-22,136.0,135.0,1.35,0.05,2021-02-25,6691.176470588235,5147.058823529412,0,False,0,14675.7,14550.0,0.05,87.5,0,47.697895160026434,4171.180931744312,No SL Hit
COALINDIA.EQ-NSE,2021-03-22,135.6,135.0,1.4,4.199999999999999,2021-03-25,-14454.27728613569,5162.241887905605,0,False,0,14736.4,14600.0,341.55,73.45,0,47.501425042751286,-12735.13205396162,Intraday SL Hit
COALINDIA.EQ-NSE,2021-04-26,127.1,125.0,0.6,0.05,2021-04-29,3029.110936270653,5507.474429583006,0,False,0,14485.0,14400.0,0.05,97.65,0,48.32585433206766,4716.603382809803,No SL Hit
COALINDIA.EQ-NSE,2021-05-24,149.0,147.5,1.25,3.5,2021-05-27,-10570.46979865772,4697.986577181208,0,False,0,15197.7,15100.0,0.1,55.0,0,46.059601123854264,2528.672101699599,No SL Hit
COALINDIA.EQ-NSE,2021-06-21,147.85,145.0,0.75,0.05,2021-06-24,3314.1697666553937,4734.528238079134,0,False,0,15746.5,15650.0,0.05,48.3,0,44.45432318292954,2144.9210935763504,No SL Hit
COALINDIA.EQ-NSE,2021-07-26,144.1,142.5,0.45,1.35,2021-07-27,-4371.963913948648,4857.737682165163,0,False,0,15824.45,15750.0,98.75,41.0,0,44.23534467232668,-2554.591154826866,Intraday SL Hit
COALINDIA.EQ-NSE,2021-08-23,133.95,132.5,0.85,0.05,2021-08-26,4180.664427025009,5225.830533781262,0,False,0,16496.45,16400.0,0.05,45.2,0,42.43337202852735,1915.8667470880102,No SL Hit
COALINDIA.EQ-NSE,2021-09-27,167.0,165.0,1.5,0.05,2021-09-30,6077.844311377245,4191.616766467066,0,False,0,17855.1,17750.0,132.75,54.6,0,39.20448499308321,-3063.8305022094532,No SL Hit
COALINDIA.EQ-NSE,2021-10-25,173.2,170.0,1.1,3.3000000000000003,2021-10-28,-8891.454965357969,4041.5704387990763,0,False,0,18125.4,18050.0,200.0,79.0,0,38.619837355313535,-4673.000319992938,Intraday SL Hit
COALINDIA.EQ-NSE,2021-11-22,150.95,150.0,1.4,0.05,2021-11-25,6260.351109638953,4637.297118251076,0,False,0,17416.55,17350.0,0.05,71.15,0,40.191656786217706,2857.626797500079,No SL Hit
COALINDIA.EQ-NSE,2021-12-27,146.3,145.0,0.95,0.1,2021-12-30,4066.985645933014,4784.688995215311,0,False,0,17086.25,17000.0,0.05,70.25,0,40.96861511449265,2875.996781037384,No SL Hit
COALINDIA.EQ-NSE,2022-01-24,156.5,155.0,1.15,0.05,2022-01-27,4920.127795527156,4472.843450479233,0,False,0,17149.1,17050.0,0.05,123.5,0,40.81846860768204,5039.039949618348,No SL Hit
COALINDIA.EQ-NSE,2022-02-21,161.0,158.5,0.8,2.4000000000000004,2022-02-22,-6956.521739130437,4347.826086956522,0,False,0,17206.65,17100.0,316.55,101.0,0,40.68194564310891,-8768.993383372126,Intraday SL Hit
COALINDIA.EQ-NSE,2022-03-28,191.15,190.0,2.35,7.050000000000001,2022-03-30,-17211.613915772956,3662.045513994245,0,False,0,17222.0,17150.0,15.25,79.0,0,40.64568575078388,2591.1624666124726,Intraday SL Hit
COALINDIA.EQ-NSE,2022-04-25,189.0,187.5,2.25,0.05,2022-04-28,8148.14814814815,3703.703703703704,0,False,0,16953.95,16850.0,0.05,85.3,0,41.28831334290829,3519.8287124829317,No SL Hit
COALINDIA.EQ-NSE,2022-05-23,184.45,182.5,2.05,0.1,2022-05-26,7400.379506641366,3795.0664136622395,0,False,0,16214.7,16150.0,0.05,151.35,0,43.17070312740908,6531.727383176993,No SL Hit
COALINDIA.EQ-NSE,2022-06-27,182.3,180.0,1.85,0.05,2022-06-30,6911.684037301151,3839.8244651673062,0,False,0,15832.05,15750.0,0.05,87.0,0,44.21410998575674,3844.4168632615488,No SL Hit
COALINDIA.EQ-NSE,2022-07-25,200.5,197.5,0.5,0.05,2022-07-28,1571.072319201995,3491.271820448878,0,False,0,16631.0,16550.0,0.05,72.55,0,42.09007275569719,3051.5302747880464,No SL Hit
COALINDIA.EQ-NSE,2022-08-22,218.5,215.0,0.9,0.05,2022-08-25,2723.1121281464534,3203.6613272311215,0,False,0,17490.7,17400.0,0.05,67.4,0,40.02126844551676,2695.432429805554,No SL Hit
COALINDIA.EQ-NSE,2022-09-26,215.6,212.5,1.5,0.1,2022-09-29,4545.454545454545,3246.753246753247,0,False,0,17016.3,16900.0,81.45,85.0,0,41.137027438397304,146.03644740631032,No SL Hit
COALINDIA.EQ-NSE,2022-10-25,239.6,237.5,0.2,0.05,2022-10-27,438.2303839732889,2921.5358931552587,0,False,0,17656.35,17550.0,0.05,32.0,0,39.64579315656974,1266.6830913524032,No SL Hit
COALINDIA.EQ-NSE,2022-11-21,229.05,227.5,1.0,0.05,2022-11-24,2903.2962235319796,3056.1012879284,0,False,0,18159.95,18050.0,0.05,30.0,0,38.54636163645825,1154.4635310119245,No SL Hit
COALINDIA.EQ-NSE,2022-12-26,221.25,220.0,1.35,0.05,2022-12-29,4112.994350282486,3163.8418079096045,0,False,0,18014.6,17900.0,0.05,56.0,0,38.85737124332486,2174.0699210640264,No SL Hit
COALINDIA.EQ-NSE,2023-01-23,229.8,227.5,0.6,1.7999999999999998,2023-01-25,-3655.352480417753,3046.127067014795,0,False,0,18118.55,18000.0,160.8,18.8,0,38.63443818627871,-5486.090222451577,Intraday SL Hit
COALINDIA.EQ-NSE,2023-02-20,218.65,217.25,1.2,3.5999999999999996,2023-02-22,-7683.5124628401545,3201.4635261833982,0,False,0,17844.6,17750.0,226.9,40.0,0,39.22755343353172,-7331.629736727078,Intraday SL Hit
COALINDIA.EQ-NSE,2023-03-27,208.4,207.25,0.85,0.05,2023-03-29,2687.1401151631476,3358.925143953935,0,False,0,16985.7,16900.0,0.05,35.45,0,41.21113642652349,1458.8742294989318,No SL Hit
COALINDIA.EQ-NSE,2023-04-24,231.2,229.75,0.55,0.05,2023-04-27,1513.840830449827,3027.681660899654,0,False,0,17743.4,17650.0,0.05,24.3,0,39.45128892996832,956.6937565517318,No SL Hit
COALINDIA.EQ-NSE,2023-05-22,238.6,237.5,1.25,0.05,2023-05-25,3520.536462699078,2933.780385582565,0,False,0,18314.4,18250.0,0.05,42.15,0,38.22129035076224,1609.1163237670903,No SL Hit
COALINDIA.EQ-NSE,2023-06-26,224.3,222.5,0.45,0.05,2023-06-28,1248.3281319661169,3120.820329915292,0,False,0,18691.2,18650.0,0.05,38.6,0,37.450778976202706,1443.7275295326144,No SL Hit
COALINDIA.EQ-NSE,2023-07-24,231.1,230.0,0.5,1.5,2023-07-27,-3028.991778450887,3028.991778450887,0,False,0,19672.35,19600.0,15.0,51.7,0,35.58293747315395,1305.89380526475,Intraday SL Hit
COALINDIA.EQ-NSE,2023-08-28,229.4,227.5,0.8,0.05,2023-08-31,2288.5789014821275,3051.438535309503,0,False,0,19306.05,19250.0,0.05,42.3,0,36.25806418195333,1531.9032116875283,No SL Hit
COALINDIA.EQ-NSE,2023-09-25,288.0,285.0,1.9,0.05,2023-09-28,4496.527777777777,2430.5555555555557,0,False,0,19674.55,19600.0,75.0,35.55,0,35.57895860388167,-1403.5899169231318,No SL Hit
COALINDIA.EQ-NSE,2023-10-23,305.5,302.5,0.9,0.05,2023-10-26,1947.6268412438626,2291.3256955810148,0,False,0,19281.75,19250.0,395.25,81.0,0,36.30375873559195,-11408.45618265977,No SL Hit
COALINDIA.EQ-NSE,2023-11-28,342.15,340.0,1.7,0.05,2023-11-30,3375.712406839106,2045.8863071752157,0,False,0,19889.7,19850.0,0.05,23.6,0,35.19409543633137,828.8209475256037,No SL Hit
COALINDIA.EQ-NSE,2023-12-26,366.0,364.75,2.15,0.05,2023-12-28,4016.393442622951,1912.568306010929,0,False,0,21441.35,21400.0,0.2,49.55,0,32.647198054227,1611.1392239761021,No SL Hit
COALINDIA.EQ-NSE,2024-01-23,376.55,374.75,4.6,0.05,2024-01-25,8458.372062143142,1858.9828708006905,0,False,0,21238.8,21200.0,0.05,111.0,0,32.9585475638925,3656.7508522138733,No SL Hit
COALINDIA.EQ-NSE,2024-02-26,443.0,440.0,3.2,9.600000000000001,2024-02-28,-10112.866817155758,1580.135440180587,0,False,0,22122.05,22050.0,197.0,91.35,0,31.642637097375697,-3343.0446093377427,Intraday SL Hit
COALINDIA.EQ-NSE,2024-03-26,435.7,432.5,2.1,0.1,2024-03-28,3213.220105577232,1606.610052788616,0,False,0,22004.7,21950.0,0.05,42.55,0,31.81138574940808,1351.9838943498432,No SL Hit
COALINDIA.EQ-NSE,2024-04-22,443.95,440.0,2.9,0.05,2024-04-25,4493.749296091903,1576.754138979615,0,False,0,22336.4,22250.0,0.15,56.75,0,31.338980319120356,1773.7862860622122,No SL Hit
COALINDIA.EQ-NSE,2024-05-27,494.75,490.0,2.5,7.5,2024-05-30,-7074.279939363315,1414.855987872663,0,False,0,22932.45,22850.0,436.8,71.05,0,30.524431536970535,-11164.310834646973,Intraday SL Hit
COALINDIA.EQ-NSE,2024-06-24,474.45,470.0,3.1,1.85,2024-06-27,1844.240699757614,1475.3925598060912,0,False,0,23537.85,23450.0,0.1,73.5,0,29.739334731082067,2182.867169261424,No SL Hit
INDUSINDBK.EQ-NSE,2019-01-28,1448.0,1440.0,18.8,0.05,2019-01-31,9064.226519337017,483.42541436464086,0,False,0,10661.55,10600.0,0.05,42.0,0,65.65649459975333,2754.2899484596524,No SL Hit
INDUSINDBK.EQ-NSE,2019-02-25,1488.0,1480.0,9.35,4.0,2019-02-28,2516.801075268817,470.4301075268817,0,False,0,10880.1,10850.0,47.0,36.5,0,64.33764395547834,-675.5452615325225,No SL Hit
INDUSINDBK.EQ-NSE,2019-03-25,1682.9,1650.0,4.9,0.05,2019-03-28,2017.3510012478462,415.94866005110225,0,False,0,11354.25,11300.0,0.1,30.35,0,61.650923662945594,1864.9404408041041,No SL Hit
INDUSINDBK.EQ-NSE,2019-04-22,1688.7,1680.0,18.5,0.05,2019-04-25,7647.894830342867,414.52004500503347,0,False,0,11594.45,11550.0,0.05,32.05,0,60.3737132852356,1931.958825127539,No SL Hit
INDUSINDBK.EQ-NSE,2019-05-27,1616.0,1600.0,15.95,11.0,2019-05-30,2144.1831683168316,433.16831683168317,0,False,0,11924.75,11900.0,0.05,60.65,0,58.701440281766914,3557.307281075075,No SL Hit
INDUSINDBK.EQ-NSE,2019-06-24,1459.0,1440.0,13.1,0.25,2019-06-27,6165.181631254283,479.78067169294036,0,False,0,11699.65,11650.0,0.05,36.0,0,59.83084964080122,2150.919044586804,No SL Hit
INDUSINDBK.EQ-NSE,2019-07-22,1412.1,1400.0,12.35,37.05,2019-07-24,-12244.17534168968,495.7156008781248,0,False,0,11346.2,11300.0,84.9,36.5,0,61.694664292891005,-2986.021751775925,Intraday SL Hit
INDUSINDBK.EQ-NSE,2019-08-26,1344.5,1340.0,19.9,0.05,2019-08-29,10334.696913350686,520.639642989959,0,False,0,11057.85,11000.0,50.1,56.3,0,63.30344506391387,392.4813593962657,No SL Hit
INDUSINDBK.EQ-NSE,2019-09-23,1516.0,1500.0,27.0,0.1,2019-09-26,12420.844327176781,461.7414248021108,0,False,0,11600.2,11550.0,0.05,72.0,0,60.34378717608317,4341.735487319184,No SL Hit
INDUSINDBK.EQ-NSE,2019-10-29,1314.0,1300.0,13.0,0.15,2019-10-31,6845.509893455099,532.7245053272451,0,False,0,11786.85,11750.0,0.05,32.75,0,59.388216529437464,1941.9946805126053,No SL Hit
INDUSINDBK.EQ-NSE,2019-11-25,1495.2,1480.0,13.9,0.05,2019-11-28,6484.082397003745,468.1647940074906,0,False,0,12073.75,12000.0,0.05,25.75,0,57.97701625427063,1490.009317734755,No SL Hit
INDUSINDBK.EQ-NSE,2019-12-23,1494.9,1480.0,9.15,0.1,2019-12-26,4237.7416549601985,468.25874640444175,0,False,0,12262.75,12200.0,73.35,15.6,0,57.08344376261442,-3296.5688772909825,No SL Hit
INDUSINDBK.EQ-NSE,2020-01-27,1273.5,1260.0,10.15,30.450000000000003,2020-01-30,-11158.225363172362,549.6662740478995,0,False,0,12119.0,12050.0,45.5,38.0,0,57.760541298787025,-433.20405974090266,Intraday SL Hit
INDUSINDBK.EQ-NSE,2020-02-24,1176.8,1160.0,15.8,47.400000000000006,2020-02-27,-18796.736913664176,594.8334466349422,0,False,0,11829.4,11800.0,260.55,76.0,0,59.17459888075473,-10920.672223443285,Intraday SL Hit
INDUSINDBK.EQ-NSE,2020-03-23,335.0,300.0,39.0,0.05,2020-03-26,81388.05970149254,2089.5522388059703,0,False,0,7610.25,7550.0,0.05,336.5,0,91.98120955290563,30947.077954075095,No SL Hit
INDUSINDBK.EQ-NSE,2020-04-27,408.5,400.0,28.5,0.05,2020-04-30,48751.5299877601,1713.5862913096696,0,False,0,9282.3,9200.0,0.05,80.0,0,75.41234392338106,6029.216896674316,No SL Hit
INDUSINDBK.EQ-NSE,2020-05-26,349.8,340.0,5.4,0.05,2020-05-28,10706.11778158948,2001.1435105774729,0,False,0,9029.05,8950.0,0.05,41.55,0,77.52753611952532,3217.392748960301,No SL Hit
INDUSINDBK.EQ-NSE,2020-06-22,491.0,480.0,14.0,0.4,2020-06-25,19389.002036659876,1425.661914460285,0,False,0,10311.2,10200.0,0.05,65.85,0,67.88734579874311,4466.987353557297,No SL Hit
INDUSINDBK.EQ-NSE,2020-07-27,507.15,490.0,9.4,0.05,2020-07-30,12905.452035886818,1380.2622498274673,0,False,0,11131.8,11000.0,0.05,49.0,0,62.88291201782282,3078.118543272427,No SL Hit
INDUSINDBK.EQ-NSE,2020-08-24,530.2,520.0,5.8,0.05,2020-08-27,7591.474915126366,1320.2565069784985,0,False,0,11466.45,11350.0,0.05,32.05,0,61.047665144835584,1953.5252846347385,No SL Hit
INDUSINDBK.EQ-NSE,2020-09-21,559.65,540.0,8.9,26.700000000000003,2020-09-24,-22263.91494684178,1250.7817385866167,0,False,0,11250.55,11150.0,351.05,75.1,0,62.21918039562511,-17169.38283017275,Intraday SL Hit
INDUSINDBK.EQ-NSE,2020-10-26,616.9,600.0,7.8,23.4,2020-10-29,-17701.41027719241,1134.7057869995137,0,False,0,11767.75,11650.0,80.9,46.05,0,59.484608357587476,-2073.038601261924,Intraday SL Hit
INDUSINDBK.EQ-NSE,2020-11-23,841.7,820.0,12.85,0.05,2020-11-26,10645.12296542711,831.6502316739931,0,False,0,12926.45,12800.0,0.05,40.3,0,54.152532211086566,2179.6394214962343,No SL Hit
INDUSINDBK.EQ-NSE,2020-12-28,870.0,840.0,6.1,0.05,2020-12-31,4867.816091954022,804.5977011494252,0,False,0,13873.2,13750.0,0.05,39.0,0,50.45699622293342,1965.3000028832569,No SL Hit
INDUSINDBK.EQ-NSE,2021-01-25,841.7,820.0,5.65,16.950000000000003,2021-01-27,-9397.647617916124,831.6502316739931,0,False,0,14238.9,14100.0,184.0,41.95,0,49.16110092774021,-6983.334386785497,Intraday SL Hit
INDUSINDBK.EQ-NSE,2021-02-22,1025.4,1000.0,9.9,0.05,2021-02-25,6724.205188219231,682.660425199922,0,False,0,14675.7,14550.0,0.05,87.5,0,47.697895160026434,4171.180931744312,No SL Hit
INDUSINDBK.EQ-NSE,2021-03-22,969.45,940.0,9.0,0.3,2021-03-25,6281.912424570632,722.0588993759347,0,False,0,14736.4,14600.0,275.05,73.45,0,47.501425042751286,-9576.28728861866,No SL Hit
INDUSINDBK.EQ-NSE,2021-04-26,859.0,840.0,8.4,0.05,2021-04-29,6804.423748544819,814.9010477299186,0,False,0,14485.0,14400.0,0.05,97.65,0,48.32585433206766,4716.603382809803,No SL Hit
INDUSINDBK.EQ-NSE,2021-05-24,1002.0,980.0,5.65,0.05,2021-05-27,3912.1756487025955,698.6027944111777,0,False,0,15197.7,15100.0,0.1,55.0,0,46.059601123854264,2528.672101699599,No SL Hit
INDUSINDBK.EQ-NSE,2021-06-21,1008.05,1000.0,10.5,0.15,2021-06-24,7187.143494866326,694.4099995039929,0,False,0,15746.5,15650.0,0.05,48.3,0,44.45432318292954,2144.9210935763504,No SL Hit
INDUSINDBK.EQ-NSE,2021-07-26,980.75,960.0,6.05,18.15,2021-07-27,-8636.247769564106,713.7394850879429,0,False,0,15824.45,15750.0,98.75,41.0,0,44.23534467232668,-2554.591154826866,Intraday SL Hit
INDUSINDBK.EQ-NSE,2021-08-23,986.0,980.0,9.0,0.05,2021-08-26,6353.955375253549,709.9391480730224,0,False,0,16496.45,16400.0,0.05,45.2,0,42.43337202852735,1915.8667470880102,No SL Hit
INDUSINDBK.EQ-NSE,2021-09-27,1151.0,1140.0,9.0,27.0,2021-09-29,-10947.002606429192,608.1668114682884,0,False,0,17855.1,17750.0,173.0,54.6,0,39.20448499308321,-4641.811023181052,Intraday SL Hit
INDUSINDBK.EQ-NSE,2021-10-25,1176.45,1160.0,17.3,0.1,2021-10-28,10234.179098134216,595.010412682222,0,False,0,18125.4,18050.0,191.0,79.0,0,38.619837355313535,-4325.421783795116,No SL Hit
INDUSINDBK.EQ-NSE,2021-11-22,1009.0,1000.0,10.05,30.150000000000002,2021-11-23,-13944.499504459864,693.7561942517344,0,False,0,17416.55,17350.0,176.2,71.15,0,40.191656786217706,-4222.133545392169,Intraday SL Hit
INDUSINDBK.EQ-NSE,2021-12-27,856.65,840.0,7.15,0.05,2021-12-30,5801.669293176911,817.136520165762,0,False,0,17086.25,17000.0,0.05,70.25,0,40.96861511449265,2875.996781037384,No SL Hit
INDUSINDBK.EQ-NSE,2022-01-24,849.05,840.0,13.0,0.05,2022-01-27,10676.638596077968,824.4508568399976,0,False,0,17149.1,17050.0,0.05,123.5,0,40.81846860768204,5039.039949618348,No SL Hit
INDUSINDBK.EQ-NSE,2022-02-21,954.0,940.0,7.95,23.85,2022-02-22,-11666.666666666668,733.7526205450733,0,False,0,17206.65,17100.0,316.55,101.0,0,40.68194564310891,-8768.993383372126,Intraday SL Hit
INDUSINDBK.EQ-NSE,2022-03-28,938.0,930.0,9.3,0.2,2022-03-31,6791.044776119405,746.2686567164179,0,False,0,17222.0,17150.0,0.05,79.0,0,40.64568575078388,3208.9768900243876,No SL Hit
INDUSINDBK.EQ-NSE,2022-04-25,951.45,940.0,7.25,0.05,2022-04-28,5297.177991486678,735.7191654842609,0,False,0,16953.95,16850.0,0.05,85.3,0,41.28831334290829,3519.8287124829317,No SL Hit
INDUSINDBK.EQ-NSE,2022-05-23,901.5,890.0,8.95,0.05,2022-05-26,6910.704381586244,776.483638380477,0,False,0,16214.7,16150.0,0.05,151.35,0,43.17070312740908,6531.727383176993,No SL Hit
INDUSINDBK.EQ-NSE,2022-06-27,823.65,820.0,10.5,31.5,2022-06-29,-17847.386632671645,849.875553936745,0,False,0,15832.05,15750.0,130.75,87.0,0,44.21410998575674,-1934.3673118768575,Intraday SL Hit
INDUSINDBK.EQ-NSE,2022-07-25,960.2,950.0,8.0,0.05,2022-07-28,5795.667569256405,729.0147885857112,0,False,0,16631.0,16550.0,0.05,72.55,0,42.09007275569719,3051.5302747880464,No SL Hit
INDUSINDBK.EQ-NSE,2022-08-22,1057.9,1040.0,9.15,0.05,2022-08-25,6021.363077795632,661.6882503072123,0,False,0,17490.7,17400.0,0.05,67.4,0,40.02126844551676,2695.432429805554,No SL Hit
INDUSINDBK.EQ-NSE,2022-09-26,1149.15,1130.0,9.2,0.2,2022-09-29,5482.313013966845,609.1458904407605,0,False,0,17016.3,16900.0,81.45,85.0,0,41.137027438397304,146.03644740631032,No SL Hit
INDUSINDBK.EQ-NSE,2022-10-25,1135.0,1120.0,2.45,0.05,2022-10-27,1480.1762114537446,616.7400881057268,0,False,0,17656.35,17550.0,0.05,32.0,0,39.64579315656974,1266.6830913524032,No SL Hit
INDUSINDBK.EQ-NSE,2022-11-21,1141.25,1130.0,6.7,0.05,2022-11-24,4078.860898138007,613.3625410733845,0,False,0,18159.95,18050.0,0.05,30.0,0,38.54636163645825,1154.4635310119245,No SL Hit
INDUSINDBK.EQ-NSE,2022-12-26,1194.0,1180.0,7.0,0.05,2022-12-29,4074.5393634840875,586.2646566164154,0,False,0,18014.6,17900.0,0.05,56.0,0,38.85737124332486,2174.0699210640264,No SL Hit
INDUSINDBK.EQ-NSE,2023-01-23,1202.0,1180.0,2.85,8.55,2023-01-25,-3319.4675540765397,582.3627287853577,0,False,0,18118.55,18000.0,160.8,18.8,0,38.63443818627871,-5486.090222451577,Intraday SL Hit
INDUSINDBK.EQ-NSE,2023-02-20,1110.0,1100.0,10.1,30.299999999999997,2023-02-23,-12738.738738738737,630.6306306306307,0,False,0,17844.6,17750.0,290.05,40.0,0,39.22755343353172,-9808.849736054606,Intraday SL Hit
INDUSINDBK.EQ-NSE,2023-03-27,1012.3,1000.0,6.45,0.05,2023-03-29,4425.5655438111235,691.4946162204881,0,False,0,16985.7,16900.0,0.05,35.45,0,41.21113642652349,1458.8742294989318,No SL Hit
INDUSINDBK.EQ-NSE,2023-04-24,1102.0,1090.0,9.15,0.15,2023-04-27,5716.878402903811,635.2087114337568,0,False,0,17743.4,17650.0,0.05,24.3,0,39.45128892996832,956.6937565517318,No SL Hit
INDUSINDBK.EQ-NSE,2023-05-22,1245.0,1230.0,6.25,0.05,2023-05-25,3485.9437751004016,562.2489959839357,0,False,0,18314.4,18250.0,0.05,42.15,0,38.22129035076224,1609.1163237670903,No SL Hit
INDUSINDBK.EQ-NSE,2023-06-26,1314.2,1300.0,5.75,0.05,2023-06-28,3036.067569624106,532.643433267387,0,False,0,18691.2,18650.0,0.05,38.6,0,37.450778976202706,1443.7275295326144,No SL Hit
INDUSINDBK.EQ-NSE,2023-07-24,1435.0,1420.0,8.9,1.0,2023-07-27,3853.658536585366,487.8048780487805,0,False,0,19672.35,19600.0,0.05,51.7,0,35.58293747315395,1837.8587204884016,No SL Hit
INDUSINDBK.EQ-NSE,2023-08-28,1409.5,1400.0,6.5,19.5,2023-08-31,-6456.190138346932,496.6300106420717,0,False,0,19306.05,19250.0,15.0,42.3,0,36.25806418195333,989.8451521673258,Intraday SL Hit
INDUSINDBK.EQ-NSE,2023-09-25,1441.0,1420.0,3.4,10.2,2023-09-26,-3303.2616238723103,485.7737682165163,0,False,0,19674.55,19600.0,50.0,35.55,0,35.57895860388167,-514.1159518260902,Intraday SL Hit
INDUSINDBK.EQ-NSE,2023-10-23,1445.0,1440.0,17.0,28.2,2023-10-26,-5425.605536332179,484.42906574394465,0,False,0,19281.75,19250.0,395.25,81.0,0,36.30375873559195,-11408.45618265977,No SL Hit
INDUSINDBK.EQ-NSE,2023-11-28,1479.0,1460.0,2.45,7.3500000000000005,2023-11-30,-2319.134550371873,473.29276538201486,0,False,0,19889.7,19850.0,8.05,23.6,0,35.19409543633137,547.2681840349528,Intraday SL Hit
INDUSINDBK.EQ-NSE,2023-12-26,1572.8,1560.0,4.15,0.05,2023-12-28,1824.771108850458,445.06612410986776,0,False,0,21441.35,21400.0,0.2,49.55,0,32.647198054227,1611.1392239761021,No SL Hit
INDUSINDBK.EQ-NSE,2024-01-23,1440.45,1440.0,22.1,0.05,2024-01-25,10715.401437050921,485.9592488458468,0,False,0,21238.8,21200.0,0.05,111.0,0,32.9585475638925,3656.7508522138733,No SL Hit
INDUSINDBK.EQ-NSE,2024-02-26,1467.0,1460.0,14.8,0.05,2024-02-29,7038.173142467621,477.16428084526245,0,False,0,22122.05,22050.0,67.1,91.35,0,31.642637097375697,767.3339496113607,No SL Hit
INDUSINDBK.EQ-NSE,2024-03-26,1520.0,1520.0,7.75,0.05,2024-03-28,3546.0526315789475,460.5263157894737,0,False,0,22004.7,21950.0,0.05,42.55,0,31.81138574940808,1351.9838943498432,No SL Hit
INDUSINDBK.EQ-NSE,2024-04-22,1482.95,1480.0,16.9,0.05,2024-04-25,7953.740854378097,472.0320981826764,0,False,0,22336.4,22250.0,0.15,56.75,0,31.338980319120356,1773.7862860622122,No SL Hit
INDUSINDBK.EQ-NSE,2024-05-27,1461.9,1460.0,12.5,16.2,2024-05-30,-1771.6670086873241,478.8289212668445,0,False,0,22932.45,22850.0,361.15,71.05,0,30.524431536970535,-8855.137588875152,No SL Hit
INDUSINDBK.EQ-NSE,2024-06-24,1490.25,1480.0,12.2,0.05,2024-06-27,5707.096124811273,469.7198456634793,0,False,0,23537.85,23450.0,0.1,73.5,0,29.739334731082067,2182.867169261424,No SL Hit
BAJAJFINSV.EQ-NSE,2019-01-28,605.0,600.0,8.5,0.005,2019-01-31,9828.92561983471,1157.0247933884298,0,False,0,10661.55,10600.0,0.05,42.0,0,65.65649459975333,2754.2899484596524,No SL Hit
BAJAJFINSV.EQ-NSE,2019-02-25,636.70498,630.0,4.0,0.005,2019-02-28,4392.144066471728,1099.410279467266,0,False,0,10880.1,10850.0,47.0,36.5,0,64.33764395547834,-675.5452615325225,No SL Hit
BAJAJFINSV.EQ-NSE,2019-03-25,693.8700200000001,675.0,1.42,0.025,2019-03-28,1407.3240979629009,1008.8344788264521,0,False,0,11354.25,11300.0,0.1,30.35,0,61.650923662945594,1864.9404408041041,No SL Hit
BAJAJFINSV.EQ-NSE,2019-04-22,748.5,740.0,2.5,0.1,2019-04-25,2244.4889779559117,935.2037408149632,0,False,0,11594.45,11550.0,0.05,32.05,0,60.3737132852356,1931.958825127539,No SL Hit
BAJAJFINSV.EQ-NSE,2019-05-27,821.0,810.0,3.5,0.01,2019-05-30,2975.6394640682097,852.6187576126674,0,False,0,11924.75,11900.0,0.05,60.65,0,58.701440281766914,3557.307281075075,No SL Hit
BAJAJFINSV.EQ-NSE,2019-06-24,837.5,830.0,4.7700000000000005,0.005,2019-06-27,3982.6865671641795,835.820895522388,0,False,0,11699.65,11650.0,0.05,36.0,0,59.83084964080122,2150.919044586804,No SL Hit
BAJAJFINSV.EQ-NSE,2019-07-22,714.48999,710.0,10.7,32.099999999999994,2019-07-25,-20966.004016375366,979.7198138493164,0,False,0,11346.2,11300.0,63.9,36.5,0,61.694664292891005,-1690.4338016252134,Intraday SL Hit
BAJAJFINSV.EQ-NSE,2019-08-26,717.8,710.0,7.195,12.5,2019-08-29,-5173.4466425188075,975.2020061298413,0,False,0,11057.85,11000.0,50.1,56.3,0,63.30344506391387,392.4813593962657,No SL Hit
BAJAJFINSV.EQ-NSE,2019-09-23,828.4,820.0,13.995,0.01,2019-09-26,11817.358763882183,845.0024142926123,0,False,0,11600.2,11550.0,0.05,72.0,0,60.34378717608317,4341.735487319184,No SL Hit
BAJAJFINSV.EQ-NSE,2019-10-29,815.0,810.0,4.5,0.1,2019-10-31,3779.1411042944787,858.8957055214723,0,False,0,11786.85,11750.0,0.05,32.75,0,59.388216529437464,1941.9946805126053,No SL Hit
BAJAJFINSV.EQ-NSE,2019-11-25,919.0,910.0,4.0,0.01,2019-11-28,3039.1730141458106,761.6974972796518,0,False,0,12073.75,12000.0,0.05,25.75,0,57.97701625427063,1490.009317734755,No SL Hit
BAJAJFINSV.EQ-NSE,2019-12-23,929.0,920.0,2.0,0.05,2019-12-26,1469.3218514531754,753.4983853606028,0,False,0,12262.75,12200.0,73.35,15.6,0,57.08344376261442,-3296.5688772909825,No SL Hit
BAJAJFINSV.EQ-NSE,2020-01-27,955.04502,950.0,7.604999999999999,0.09,2020-01-30,5508.117303203151,732.9497409451965,0,False,0,12119.0,12050.0,14.3,38.0,0,57.760541298787025,1368.9248287812525,No SL Hit
BAJAJFINSV.EQ-NSE,2020-02-24,946.9,940.0,6.225,0.1149999999999999,2020-02-27,4516.844439750765,739.2544091245115,0,False,0,11829.4,11800.0,166.75,76.0,0,59.17459888075473,-5370.094848428492,No SL Hit
BAJAJFINSV.EQ-NSE,2020-03-23,448.925,570.0,100.0,0.025,2020-06-25,155889.0683298992,1559.2805034248481,0,False,0,7610.25,7550.0,0.0,336.5,0,91.98120955290563,0.0,No SL Hit
BAJAJFINSV.EQ-NSE,2020-07-27,617.9,610.0,9.495,0.04,2020-07-30,10711.280142417867,1132.8693963424503,0,False,0,11131.8,11000.0,0.05,49.0,0,62.88291201782282,3078.118543272427,No SL Hit
BAJAJFINSV.EQ-NSE,2020-08-24,640.85498,630.0,3.315,0.005,2020-08-27,3615.482554259,1092.2908018909366,0,False,0,11466.45,11350.0,0.05,32.05,0,61.047665144835584,1953.5252846347385,No SL Hit
BAJAJFINSV.EQ-NSE,2020-09-21,569.0,560.0,7.1450000000000005,7.534999999999999,2020-09-24,-479.78910369068393,1230.2284710017575,0,False,0,11250.55,11150.0,344.05,75.1,0,62.21918039562511,-16733.848567403376,No SL Hit
BAJAJFINSV.EQ-NSE,2020-10-26,570.07998,560.0,5.0,0.2,2020-10-29,5893.90983349389,1227.8978819778938,0,False,0,11767.75,11650.0,0.05,46.05,0,59.484608357587476,2736.291984449024,No SL Hit
BAJAJFINSV.EQ-NSE,2020-11-23,870.2099599999999,850.0,13.5,0.04,2020-11-26,10827.272075810304,804.4035717541087,0,False,0,12926.45,12800.0,0.05,40.3,0,54.152532211086566,2179.6394214962343,No SL Hit
BAJAJFINSV.EQ-NSE,2020-12-28,898.6700199999999,880.0,5.1,0.095,2020-12-31,3898.538865244442,778.9288442046837,0,False,0,13873.2,13750.0,0.05,39.0,0,50.45699622293342,1965.3000028832569,No SL Hit
BAJAJFINSV.EQ-NSE,2021-01-25,919.0,900.0,5.21,15.629999999999999,2021-01-28,-7936.88792165397,761.6974972796518,0,False,0,14238.9,14100.0,397.2,41.95,0,49.16110092774021,-17464.48110457971,Intraday SL Hit
BAJAJFINSV.EQ-NSE,2021-02-22,998.47998,980.0,6.49,0.09,2021-02-25,4486.820056221858,701.0656337846654,0,False,0,14675.7,14550.0,0.05,87.5,0,47.697895160026434,4171.180931744312,No SL Hit
BAJAJFINSV.EQ-NSE,2021-03-22,940.1,920.0,4.58,13.74,2021-03-25,-6820.551005212211,744.6016381236038,0,False,0,14736.4,14600.0,341.55,73.45,0,47.501425042751286,-12735.13205396162,Intraday SL Hit
BAJAJFINSV.EQ-NSE,2021-04-26,1000.08496,990.0,12.3,0.02,2021-04-29,8595.26974588239,699.9405330523118,0,False,0,14485.0,14400.0,0.05,97.65,0,48.32585433206766,4716.603382809803,No SL Hit
BAJAJFINSV.EQ-NSE,2021-05-24,1115.9,1100.0,6.455,0.01,2021-05-27,4042.9249932789676,627.2963527197777,0,False,0,15197.7,15100.0,0.1,55.0,0,46.059601123854264,2528.672101699599,No SL Hit
BAJAJFINSV.EQ-NSE,2021-06-21,1216.11504,1200.0,9.5,0.095,2021-06-24,5413.5503496445535,575.6034396219621,0,False,0,15746.5,15650.0,0.05,48.3,0,44.45432318292954,2144.9210935763504,No SL Hit
BAJAJFINSV.EQ-NSE,2021-07-26,1354.4,1340.0,7.5,0.005,2021-07-29,3873.670998227997,516.8340224453632,0,False,0,15824.45,15750.0,0.05,41.0,0,44.23534467232668,1811.4373643317779,No SL Hit
BAJAJFINSV.EQ-NSE,2021-08-23,1532.0,1510.0,10.315,0.01,2021-08-26,4708.55091383812,456.9190600522193,0,False,0,16496.45,16400.0,0.05,45.2,0,42.43337202852735,1915.8667470880102,No SL Hit
BAJAJFINSV.EQ-NSE,2021-09-27,1805.0,1780.0,14.685,46.005,2021-09-29,-12146.260387811635,387.8116343490305,0,False,0,17855.1,17750.0,122.0,54.6,0,39.20448499308321,-2642.3822885338086,Overnight SL Hit
BAJAJFINSV.EQ-NSE,2021-10-25,1804.00508,1780.0,24.385,0.01,2021-10-28,9458.121925022517,388.02551487271865,0,False,0,18125.4,18050.0,191.0,79.0,0,38.619837355313535,-4325.421783795116,No SL Hit
BAJAJFINSV.EQ-NSE,2021-11-22,1705.0,1690.0,19.995,0.01,2021-11-25,8204.9853372434,410.55718475073314,0,False,0,17416.55,17350.0,0.05,71.15,0,40.191656786217706,2857.626797500079,No SL Hit
BAJAJFINSV.EQ-NSE,2021-12-27,1604.1,1575.0,6.7700000000000005,0.09,2021-12-30,2915.030235022755,436.3817717099932,0,False,0,17086.25,17000.0,0.05,70.25,0,40.96861511449265,2875.996781037384,No SL Hit
BAJAJFINSV.EQ-NSE,2022-01-24,1566.0,1550.0,19.4,15.175,2022-01-27,1888.5696040868445,446.9987228607918,0,False,0,17149.1,17050.0,0.05,123.5,0,40.81846860768204,5039.039949618348,No SL Hit
BAJAJFINSV.EQ-NSE,2022-02-21,1598.8,1575.0,10.34,31.02,2022-02-22,-9054.290718038528,437.82837127845886,0,False,0,17206.65,17100.0,316.55,101.0,0,40.68194564310891,-8768.993383372126,Intraday SL Hit
BAJAJFINSV.EQ-NSE,2022-03-28,1647.20996,1625.0,12.9,0.005,2022-03-31,5479.872159102292,424.9610049710967,0,False,0,17222.0,17150.0,0.05,79.0,0,40.64568575078388,3208.9768900243876,No SL Hit
BAJAJFINSV.EQ-NSE,2022-04-25,1532.1,1525.0,20.25,28.19,2022-04-28,-3627.700541740096,456.8892369949742,0,False,0,16953.95,16850.0,0.05,85.3,0,41.28831334290829,3519.8287124829317,No SL Hit
BAJAJFINSV.EQ-NSE,2022-05-23,1255.9,1250.0,17.06,4.0,2022-05-26,7279.241977864478,557.3692172943705,0,False,0,16214.7,16150.0,0.05,151.35,0,43.17070312740908,6531.727383176993,No SL Hit
BAJAJFINSV.EQ-NSE,2022-06-27,1157.9950199999998,1150.0,14.5,43.5,2022-06-29,-17530.299914415868,604.4931004970989,0,False,0,15832.05,15750.0,130.75,87.0,0,44.21410998575674,-1934.3673118768575,Intraday SL Hit
BAJAJFINSV.EQ-NSE,2022-07-25,1259.2,1250.0,10.555,0.005,2022-07-28,5864.834815756035,555.9085133418043,0,False,0,16631.0,16550.0,0.05,72.55,0,42.09007275569719,3051.5302747880464,No SL Hit
BAJAJFINSV.EQ-NSE,2022-08-22,1588.5,1575.0,14.89,0.015,2022-08-25,6554.926030846711,440.6672961913755,0,False,0,17490.7,17400.0,0.05,67.4,0,40.02126844551676,2695.432429805554,No SL Hit
BAJAJFINSV.EQ-NSE,2022-09-26,1677.8,1650.0,18.0,17.0,2022-09-29,417.2130170461318,417.2130170461318,0,False,0,17016.3,16900.0,81.45,85.0,0,41.137027438397304,146.03644740631032,No SL Hit
BAJAJFINSV.EQ-NSE,2022-10-25,1657.4,1640.0,6.05,18.15,2022-10-27,-5110.413901291178,422.3482563050561,0,False,0,17656.35,17550.0,8.8,32.0,0,39.64579315656974,919.7824012324179,Intraday SL Hit
BAJAJFINSV.EQ-NSE,2022-11-21,1634.7,1620.0,9.0,0.1,2022-11-24,3811.0968373401847,428.213127791032,0,False,0,18159.95,18050.0,0.05,30.0,0,38.54636163645825,1154.4635310119245,No SL Hit
BAJAJFINSV.EQ-NSE,2022-12-26,1538.0,1520.0,8.0,6.7,2022-12-29,591.6775032509752,455.1365409622887,0,False,0,18014.6,17900.0,0.05,56.0,0,38.85737124332486,2174.0699210640264,No SL Hit
BAJAJFINSV.EQ-NSE,2023-01-23,1333.9,1320.0,6.25,12.9,2023-01-25,-3489.766849089137,524.7769697878401,0,False,0,18118.55,18000.0,108.0,18.8,0,38.63443818627871,-3446.191886216061,No SL Hit
BAJAJFINSV.EQ-NSE,2023-02-20,1404.0,1380.0,4.3,12.899999999999999,2023-02-22,-4287.749287749287,498.57549857549856,0,False,0,17844.6,17750.0,226.9,40.0,0,39.22755343353172,-7331.629736727078,Intraday SL Hit
BAJAJFINSV.EQ-NSE,2023-03-27,1239.8,1220.0,7.05,0.1,2023-03-29,3924.0200032263274,564.6071947088241,0,False,0,16985.7,16900.0,0.05,35.45,0,41.21113642652349,1458.8742294989318,No SL Hit
BAJAJFINSV.EQ-NSE,2023-04-24,1321.0,1300.0,6.3,0.05,2023-04-27,3311.8849356548067,529.9015897047691,0,False,0,17743.4,17650.0,0.05,24.3,0,39.45128892996832,956.6937565517318,No SL Hit
BAJAJFINSV.EQ-NSE,2023-05-22,1413.0,1400.0,7.35,0.05,2023-05-25,3616.418966737438,495.3998584571833,0,False,0,18314.4,18250.0,0.05,42.15,0,38.22129035076224,1609.1163237670903,No SL Hit
BAJAJFINSV.EQ-NSE,2023-06-26,1508.5,1500.0,7.9,0.5,2023-06-28,3433.8747099767984,464.0371229698376,0,False,0,18691.2,18650.0,0.05,38.6,0,37.450778976202706,1443.7275295326144,No SL Hit
BAJAJFINSV.EQ-NSE,2023-07-24,1653.0,1640.0,16.0,29.0,2023-07-27,-5505.1421657592255,423.4724742891712,0,False,0,19672.35,19600.0,0.05,51.7,0,35.58293747315395,1837.8587204884016,No SL Hit
BAJAJFINSV.EQ-NSE,2023-08-28,1498.0,1480.0,5.75,0.05,2023-08-31,2663.551401869159,467.2897196261682,0,False,0,19306.05,19250.0,0.05,42.3,0,36.25806418195333,1531.9032116875283,No SL Hit
BAJAJFINSV.EQ-NSE,2023-09-25,1574.6,1560.0,7.4,22.200000000000003,2023-09-28,-6579.448748888608,444.55734789787886,0,False,0,19674.55,19600.0,96.5,35.55,0,35.57895860388167,-2168.5375269065876,Intraday SL Hit
BAJAJFINSV.EQ-NSE,2023-10-23,1607.0,1600.0,8.5,25.5,2023-10-26,-7405.102675793404,435.5942750466708,0,False,0,19281.75,19250.0,411.25,81.0,0,36.30375873559195,-11989.31632242924,Intraday SL Hit
BAJAJFINSV.EQ-NSE,2023-11-28,1656.05,1650.0,7.55,0.05,2023-11-30,3170.194136650464,422.69255155339516,0,False,0,19889.7,19850.0,0.05,23.6,0,35.19409543633137,828.8209475256037,No SL Hit
BAJAJFINSV.EQ-NSE,2023-12-26,1650.95,1640.0,13.0,0.25,2023-12-28,5405.978376086495,423.99830400678394,0,False,0,21441.35,21400.0,0.2,49.55,0,32.647198054227,1611.1392239761021,No SL Hit
BAJAJFINSV.EQ-NSE,2024-01-23,1579.0,1570.0,11.3,0.05,2024-01-25,4987.333755541482,443.3185560481317,0,False,0,21238.8,21200.0,0.05,111.0,0,32.9585475638925,3656.7508522138733,No SL Hit
BAJAJFINSV.EQ-NSE,2024-02-26,1611.95,1600.0,9.5,4.2,2024-02-29,2301.5602220912556,434.25664567759543,0,False,0,22122.05,22050.0,67.1,91.35,0,31.642637097375697,767.3339496113607,No SL Hit
BAJAJFINSV.EQ-NSE,2024-03-26,1595.0,1580.0,5.0,0.05,2024-03-28,2172.4137931034484,438.87147335423197,0,False,0,22004.7,21950.0,0.05,42.55,0,31.81138574940808,1351.9838943498432,No SL Hit
BAJAJFINSV.EQ-NSE,2024-04-22,1630.9,1620.0,10.3,0.1,2024-04-25,4377.95082469802,429.2108651664725,0,False,0,22336.4,22250.0,0.15,56.75,0,31.338980319120356,1773.7862860622122,No SL Hit
BAJAJFINSV.EQ-NSE,2024-05-27,1596.25,1580.0,7.0,21.0,2024-05-30,-6139.389193422083,438.5277995301488,0,False,0,22932.45,22850.0,436.8,71.05,0,30.524431536970535,-11164.310834646973,Intraday SL Hit
BAJAJFINSV.EQ-NSE,2024-06-24,1586.85,1580.0,8.55,0.05,2024-06-27,3749.5667517408706,441.1255002048083,0,False,0,23537.85,23450.0,0.1,73.5,0,29.739334731082067,2182.867169261424,No SL Hit
GRASIM.EQ-NSE,2019-01-28,732.0743684861332,717.15,6.2749231584525695,0.1494029323441088,2019-01-31,5857.142857142857,956.1870079504898,0,False,0,10661.55,10600.0,0.05,42.0,0,65.65649459975333,2754.2899484596524,No SL Hit
GRASIM.EQ-NSE,2019-02-25,776.8952481893658,776.9,8.964175940646529,2.4900488724018137,2019-02-28,5833.333333333334,901.0223728764231,0,False,0,10880.1,10850.0,47.0,36.5,0,64.33764395547834,-675.5452615325225,No SL Hit
GRASIM.EQ-NSE,2019-03-25,813.6483695460165,796.8,3.535869398810575,0.0498009774480362,2019-03-28,2999.1431019708657,860.3225007266618,0,False,0,11354.25,11300.0,0.1,30.35,0,61.650923662945594,1864.9404408041041,No SL Hit
GRASIM.EQ-NSE,2019-04-22,858.8676570688335,846.6,4.5318889477713,0.0996019548960725,2019-04-25,3612.431868259306,815.026615845541,0,False,0,11594.45,11550.0,0.05,32.05,0,60.3737132852356,1931.958825127539,No SL Hit
GRASIM.EQ-NSE,2019-05-27,930.2822587293176,916.35,6.424326090796679,7.968156391685803,2019-05-30,-1161.6702355460382,752.4597974770984,0,False,0,11924.75,11900.0,0.05,60.65,0,58.701440281766914,3557.307281075075,No SL Hit
GRASIM.EQ-NSE,2019-06-24,884.4653594771241,876.5,7.61954954954955,0.0498009774480362,2019-06-27,5990.990990990992,791.4385707698311,0,False,0,11699.65,11650.0,0.05,36.0,0,59.83084964080122,2150.919044586804,No SL Hit
GRASIM.EQ-NSE,2019-07-22,883.6685438379557,876.5,4.233083083083083,12.699249249249249,2019-07-24,-6706.4923354373295,792.1522214197587,0,False,0,11346.2,11300.0,84.9,36.5,0,61.694664292891005,-2986.021751775925,Intraday SL Hit
GRASIM.EQ-NSE,2019-08-26,732.3233733733733,727.1,6.623530000588825,24.60168285932992,2019-08-29,-17184.631077864673,955.8618848604012,0,False,0,11057.85,11000.0,20.3,56.3,0,63.30344506391387,2278.924022300899,Overnight SL Hit
GRASIM.EQ-NSE,2019-09-23,757.5724689395278,756.95,11.454224813048342,34.362674439145025,2019-09-25,-21167.49934262424,924.0040111012489,0,False,0,11600.2,11550.0,121.2,72.0,0,60.34378717608317,-2968.914329063292,Intraday SL Hit
GRASIM.EQ-NSE,2019-10-29,714.2456185597362,717.15,10.308802331743507,0.0498009774480362,2019-10-31,10054.385720262166,980.0550144242226,0,False,0,11786.85,11750.0,0.05,32.75,0,59.388216529437464,1941.9946805126053,No SL Hit
GRASIM.EQ-NSE,2019-11-25,819.1762780427487,816.75,10.458205264087615,31.77302361184714,2019-11-28,-18213.87318378017,854.5169321461608,0,False,0,12073.75,12000.0,2.1,25.75,0,57.97701625427063,1371.1564344135004,Overnight SL Hit
GRASIM.EQ-NSE,2019-12-23,741.0385444267797,737.05,5.378505564387917,5.079699699699699,2019-12-26,282.25806451612993,944.620229628508,0,False,0,12262.75,12200.0,73.35,15.6,0,57.08344376261442,-3296.5688772909825,No SL Hit
GRASIM.EQ-NSE,2020-01-27,808.5686698463169,796.8,4.631490902667373,13.89447270800212,2020-01-30,-8019.216555801922,865.7273353579823,0,False,0,12119.0,12050.0,45.5,38.0,0,57.760541298787025,-433.20405974090266,Intraday SL Hit
GRASIM.EQ-NSE,2020-02-24,720.6699446505328,717.15,7.221141729965259,28.386557145380674,2020-02-27,-20558.358095501353,971.318431129307,0,False,0,11829.4,11800.0,144.9,76.0,0,59.17459888075473,-4077.1298628840013,Overnight SL Hit
GRASIM.EQ-NSE,2020-03-23,435.260542895837,478.1,80.03017075899427,8.266962256374022,2020-03-26,115411.89931350111,1608.232152960206,0,False,0,7610.25,7550.0,0.05,336.5,0,91.98120955290563,30947.077954075095,No SL Hit
GRASIM.EQ-NSE,2020-04-27,497.013754931402,498.0,11.952234587528704,0.1494029323441088,2020-04-30,16623.24649298597,1408.4117251374948,0,False,0,9282.3,9200.0,0.05,80.0,0,75.41234392338106,6029.216896674316,No SL Hit
GRASIM.EQ-NSE,2020-05-26,532.8206577165402,517.95,3.585670376258612,0.0996019548960725,2020-05-28,4579.867277315637,1313.7628766120383,0,False,0,9029.05,8950.0,0.05,41.55,0,77.52753611952532,3217.392748960301,No SL Hit
GRASIM.EQ-NSE,2020-06-22,618.5281399046105,607.55,7.968156391685803,3.1872625566743213,2020-06-25,5410.628019323672,1131.7189224534782,0,False,0,10311.2,10200.0,0.05,65.85,0,67.88734579874311,4466.987353557297,No SL Hit
GRASIM.EQ-NSE,2020-07-27,568.2789536595418,557.75,3.9342772183948655,0.0498009774480362,2020-07-30,4784.856717202701,1231.789415202191,0,False,0,11131.8,11000.0,0.05,49.0,0,62.88291201782282,3078.118543272427,No SL Hit
GRASIM.EQ-NSE,2020-08-24,667.5821026909261,657.35,8.466166166166166,0.0498009774480362,2020-08-27,8825.065274151437,1048.5601653765164,0,False,0,11466.45,11350.0,0.05,32.05,0,61.047665144835584,1953.5252846347385,No SL Hit
GRASIM.EQ-NSE,2020-09-21,710.1619384089972,697.2,6.972136842725078,18.92437143025378,2020-09-24,-11781.206171107993,985.6906743949648,0,False,0,11250.55,11150.0,344.05,75.1,0,62.21918039562511,-16733.848567403376,No SL Hit
GRASIM.EQ-NSE,2020-10-26,776.5964423246777,766.95,6.324724135900606,0.4482087970323264,2020-10-29,5296.909067590098,901.3690532815313,0,False,0,11767.75,11650.0,0.05,46.05,0,59.484608357587476,2736.291984449024,No SL Hit
GRASIM.EQ-NSE,2020-11-23,848.9074615792263,836.65,6.573729023140787,0.0996019548960725,2020-11-26,5338.495834799953,824.5892887992608,0,False,0,12926.45,12800.0,0.05,40.3,0,54.152532211086566,2179.6394214962343,No SL Hit
GRASIM.EQ-NSE,2020-12-28,906.12878466702,896.4,6.822733910380968,0.0498009774480362,2020-12-31,5232.206650178619,772.5171210152349,0,False,0,13873.2,13750.0,0.05,39.0,0,50.45699622293342,1965.3000028832569,No SL Hit
GRASIM.EQ-NSE,2021-01-25,1058.6691785903552,1045.8,6.474127068244715,0.0498009774480362,2021-01-28,4247.812588202088,661.207499147248,0,False,0,14238.9,14100.0,282.5,41.95,0,49.16110092774021,-11825.702828167907,No SL Hit
GRASIM.EQ-NSE,2021-02-22,1221.1199670258493,1205.2,10.40840428663958,0.1494029323441088,2021-02-25,5880.913539967374,573.2442502802692,0,False,0,14675.7,14550.0,0.05,87.5,0,47.697895160026434,4171.180931744312,No SL Hit
GRASIM.EQ-NSE,2021-03-22,1410.3636813283872,1384.45,6.822733910380968,20.468201731142905,2021-03-25,-6772.598870056497,496.32588336413136,0,False,0,14736.4,14600.0,341.55,73.45,0,47.501425042751286,-12735.13205396162,Intraday SL Hit
GRASIM.EQ-NSE,2021-04-26,1314.7458046281574,1304.8,10.607608196431723,0.4980097744803627,2021-04-29,5382.575757575757,532.4223112451591,0,False,0,14485.0,14400.0,0.05,97.65,0,48.32585433206766,4716.603382809803,No SL Hit
GRASIM.EQ-NSE,2021-05-24,1369.5268798209977,1354.6,17.928351881293057,0.0996019548960725,2021-05-27,9112.72727272727,511.12541879535263,0,False,0,15197.7,15100.0,0.1,55.0,0,46.059601123854264,2528.672101699599,No SL Hit
GRASIM.EQ-NSE,2021-06-21,1486.3101719366423,1474.1,12.350642407112996,0.0498009774480362,2021-06-24,5793.265203551685,470.96495281863633,0,False,0,15746.5,15650.0,0.05,48.3,0,44.45432318292954,2144.9210935763504,No SL Hit
GRASIM.EQ-NSE,2021-07-26,1550.8024377318495,1533.85,7.370544662309368,22.111633986928105,2021-07-27,-6653.821451509313,451.3792234063005,0,False,0,15824.45,15750.0,98.75,41.0,0,44.23534467232668,-2554.591154826866,Intraday SL Hit
GRASIM.EQ-NSE,2021-08-23,1431.2800918565624,1414.35,12.94825413648943,0.0996019548960725,2021-08-26,6283.924843423799,489.07268673876825,0,False,0,16496.45,16400.0,0.05,45.2,0,42.43337202852735,1915.8667470880102,No SL Hit
GRASIM.EQ-NSE,2021-09-27,1640.1453912736265,1633.45,17.131536242124476,0.0498009774480362,2021-09-30,7290.3382522621,426.79143185984697,0,False,0,17855.1,17750.0,132.75,54.6,0,39.20448499308321,-3063.8305022094532,No SL Hit
GRASIM.EQ-NSE,2021-10-25,1702.2472101513276,1693.25,12.450244362009068,5.976117293764353,2021-10-28,2662.297767765718,411.22111748843514,0,False,0,18125.4,18050.0,191.0,79.0,0,38.619837355313535,-4325.421783795116,No SL Hit
GRASIM.EQ-NSE,2021-11-22,1780.5343466996408,1772.9,18.02795383618913,16.13551669316375,2021-11-25,743.9935110340394,393.14040826985706,0,False,0,17416.55,17350.0,0.05,71.15,0,40.191656786217706,2857.626797500079,No SL Hit
GRASIM.EQ-NSE,2021-12-27,1604.3882894659364,1593.65,13.09765706883354,0.0498009774480362,2021-12-30,5692.823441768066,436.30335910330894,0,False,0,17086.25,17000.0,0.05,70.25,0,40.96861511449265,2875.996781037384,No SL Hit
GRASIM.EQ-NSE,2022-01-24,1683.0240328563857,1673.3,18.82476947535771,0.9960195489607254,2022-01-27,7415.29812102382,415.91800612138485,0,False,0,17149.1,17050.0,0.05,123.5,0,40.81846860768204,5039.039949618348,No SL Hit
GRASIM.EQ-NSE,2022-02-21,1680.6335859388798,1673.3,13.745069775658012,41.23520932697404,2022-02-24,-11449.906658369635,416.5095865372389,0,False,0,17206.65,17100.0,869.8,101.0,0,40.68194564310891,-31276.27981042213,Intraday SL Hit
GRASIM.EQ-NSE,2022-03-28,1602.0974445033269,1593.65,13.944273685450156,0.0498009774480362,2022-03-31,6070.873484612994,436.927230863295,0,False,0,17222.0,17150.0,0.05,79.0,0,40.64568575078388,3208.9768900243876,No SL Hit
GRASIM.EQ-NSE,2022-04-25,1693.2332332332332,1673.3,12.94825413648943,0.2490048872401813,2022-04-28,5250.0,413.4102652021235,0,False,0,16953.95,16850.0,0.05,85.3,0,41.28831334290829,3519.8287124829317,No SL Hit
GRASIM.EQ-NSE,2022-05-23,1448.4116280986868,1434.25,19.92039097921451,59.76117293764353,2022-05-24,-19254.57296107826,483.2880283617178,0,False,0,16214.7,16150.0,192.2,151.35,0,43.17070312740908,-1763.5232227546605,Intraday SL Hit
GRASIM.EQ-NSE,2022-06-27,1343.2319637284345,1334.65,14.94029323441088,14.442283459930518,2022-06-30,259.5283998220374,521.1311366184265,0,False,0,15832.05,15750.0,0.05,87.0,0,44.21410998575674,3844.4168632615488,No SL Hit
GRASIM.EQ-NSE,2022-07-25,1493.0333038921274,1474.1,5.826714361420243,0.0498009774480362,2022-07-28,2708.4723148765843,468.8441966935357,0,False,0,16631.0,16550.0,0.05,72.55,0,42.09007275569719,3051.5302747880464,No SL Hit
GRASIM.EQ-NSE,2022-08-22,1554.388108108108,1533.85,10.856613083671908,0.0498009774480362,2022-08-25,4866.717929001666,450.33797952301035,0,False,0,17490.7,17400.0,0.05,67.4,0,40.02126844551676,2695.432429805554,No SL Hit
GRASIM.EQ-NSE,2022-09-26,1649.109567214273,1633.45,8.764972030854384,0.0498009774480362,2022-09-29,3699.341668176602,424.47149292964303,0,False,0,17016.3,16900.0,81.45,85.0,0,41.137027438397304,146.03644740631032,No SL Hit
GRASIM.EQ-NSE,2022-10-25,1706.5300942118588,1693.25,1.4940293234410882,0.0498009774480362,2022-10-27,592.4066886508887,410.18907452861936,0,False,0,17656.35,17550.0,0.05,32.0,0,39.64579315656974,1266.6830913524032,No SL Hit
GRASIM.EQ-NSE,2022-11-21,1676.599706765589,1653.4,5.47810751928399,0.0498009774480362,2022-11-24,2266.3815125051983,417.511703703208,0,False,0,18159.95,18050.0,0.05,30.0,0,38.54636163645825,1154.4635310119245,No SL Hit
GRASIM.EQ-NSE,2022-12-26,1719.129741506212,1693.25,5.976117293764353,0.0498009774480362,2022-12-29,2413.0938586326765,407.1827641040614,0,False,0,18014.6,17900.0,0.05,56.0,0,38.85737124332486,2174.0699210640264,No SL Hit
GRASIM.EQ-NSE,2023-01-23,1616.340524053465,1593.65,3.9840781958429017,11.952234587528705,2023-01-25,-3450.825733300469,433.0770586909108,0,False,0,18118.55,18000.0,160.8,18.8,0,38.63443818627871,-5486.090222451577,Intraday SL Hit
GRASIM.EQ-NSE,2023-02-20,1625.1054960843194,1613.55,9.013976918094563,27.04193075428369,2023-02-22,-7765.383672468742,430.74126675877056,0,False,0,17844.6,17750.0,226.9,40.0,0,39.22755343353172,-7331.629736727078,Intraday SL Hit
GRASIM.EQ-NSE,2023-03-27,1617.436145557322,1613.55,7.420345639757405,0.2490048872401813,2023-03-29,3103.6393866617404,432.7837002547016,0,False,0,16985.7,16900.0,0.05,35.45,0,41.21113642652349,1458.8742294989318,No SL Hit
GRASIM.EQ-NSE,2023-04-24,1684.2690572925867,1673.3,7.61954954954955,0.4980097744803627,2023-04-27,2959.787108219988,415.61055638297455,0,False,0,17743.4,17650.0,0.05,24.3,0,39.45128892996832,956.6937565517318,No SL Hit
GRASIM.EQ-NSE,2023-05-22,1712.107803686039,1693.25,8.217161278925985,0.0498009774480362,2023-05-25,3339.24779662003,408.85275944245615,0,False,0,18314.4,18250.0,0.05,42.15,0,38.22129035076224,1609.1163237670903,No SL Hit
GRASIM.EQ-NSE,2023-06-26,1716.14168285933,1713.15,10.707210151327798,0.0498009774480362,2023-06-28,4347.069065583284,407.89173003111426,0,False,0,18691.2,18650.0,0.05,38.6,0,37.450778976202706,1443.7275295326144,No SL Hit
GRASIM.EQ-NSE,2023-07-24,1807.7754813637168,1792.85,9.561787670022964,0.0498009774480362,2023-07-27,3683.195592286501,387.2162263601156,0,False,0,19672.35,19600.0,0.05,51.7,0,35.58293747315395,1837.8587204884016,No SL Hit
GRASIM.EQ-NSE,2023-08-28,1774.9068362480127,1772.9,9.013976918094563,1.5438303008891243,2023-08-31,2946.127946127946,394.38689721863636,0,False,0,19306.05,19250.0,0.05,42.3,0,36.25806418195333,1531.9032116875283,No SL Hit
GRASIM.EQ-NSE,2023-09-25,1937.208221751163,1932.3,14.99009421185892,39.84078195842902,2023-09-28,-8979.665287025373,361.3447393730481,0,False,0,19674.55,19600.0,75.0,35.55,0,35.57895860388167,-1403.5899169231318,No SL Hit
GRASIM.EQ-NSE,2023-10-23,1896.4212212212208,1892.45,14.890492256962844,44.67147677088853,2023-10-26,-10992.647058823532,369.1163082161818,0,False,0,19281.75,19250.0,411.25,81.0,0,36.30375873559195,-11989.31632242924,Intraday SL Hit
GRASIM.EQ-NSE,2023-11-28,1979.0908437849612,1972.1,7.420345639757405,0.3984078195842901,2023-11-30,2483.6436839456474,353.69776086744344,0,False,0,19889.7,19850.0,0.05,23.6,0,35.19409543633137,828.8209475256037,No SL Hit
GRASIM.EQ-NSE,2023-12-26,2071.670860860861,2051.8,10.95621503856798,0.0498009774480362,2023-12-28,3685.1847400177885,337.8915122207793,0,False,0,21441.35,21400.0,0.2,49.55,0,32.647198054227,1611.1392239761021,No SL Hit
GRASIM.EQ-NSE,2024-01-23,2052.75,2040.0,13.3,0.4,2024-01-25,4398.976982097187,341.00596760443307,0,False,0,21238.8,21200.0,0.05,111.0,0,32.9585475638925,3656.7508522138733,No SL Hit
GRASIM.EQ-NSE,2024-02-26,2183.55,2171.35,14.15,4.0,2024-02-29,3253.8755695999635,320.5788738522131,0,False,0,22122.05,22050.0,67.1,91.35,0,31.642637097375697,767.3339496113607,No SL Hit
GRASIM.EQ-NSE,2024-03-26,2237.55,2220.0,7.55,0.1,2024-03-28,2330.6741748787736,312.8421711246676,0,False,0,22004.7,21950.0,0.05,42.55,0,31.81138574940808,1351.9838943498432,No SL Hit
GRASIM.EQ-NSE,2024-04-22,2280.0,2260.0,12.75,0.1,2024-04-25,3883.771929824561,307.0175438596491,0,False,0,22336.4,22250.0,0.15,56.75,0,31.338980319120356,1773.7862860622122,No SL Hit
GRASIM.EQ-NSE,2024-05-27,2391.9,2380.0,11.35,34.05,2024-05-30,-6643.254316652032,292.65437518290895,0,False,0,22932.45,22850.0,436.8,71.05,0,30.524431536970535,-11164.310834646973,Intraday SL Hit
GRASIM.EQ-NSE,2024-06-24,2513.6,2500.0,16.35,0.05,2024-06-27,4539.306174411204,278.48504137492046,0,False,0,23537.85,23450.0,0.1,73.5,0,29.739334731082067,2182.867169261424,No SL Hit
CIPLA.EQ-NSE,2019-01-28,491.9,490.0,5.1,0.05,2019-01-31,7186.420004065867,1423.053466151657,0,False,0,10661.55,10600.0,0.05,42.0,0,65.65649459975333,2754.2899484596524,No SL Hit
CIPLA.EQ-NSE,2019-02-25,547.05,540.0,2.2,6.6000000000000005,2019-02-26,-5630.19833653231,1279.5905310300705,0,False,0,10880.1,10850.0,146.0,36.5,0,64.33764395547834,-7044.972013124879,Intraday SL Hit
CIPLA.EQ-NSE,2019-03-25,526.0,520.0,2.2,0.05,2019-03-28,2861.2167300380233,1330.7984790874525,0,False,0,11354.25,11300.0,0.1,30.35,0,61.650923662945594,1864.9404408041041,No SL Hit
CIPLA.EQ-NSE,2019-04-22,560.0,555.0,2.95,0.15,2019-04-25,3500.0000000000005,1250.0,0,False,0,11594.45,11550.0,0.05,32.05,0,60.3737132852356,1931.958825127539,No SL Hit
CIPLA.EQ-NSE,2019-05-27,577.5,570.0,3.65,10.95,2019-05-30,-8848.484848484846,1212.121212121212,0,False,0,11924.75,11900.0,50.05,60.65,0,58.701440281766914,622.2352669867294,Intraday SL Hit
CIPLA.EQ-NSE,2019-06-24,550.0,545.0,2.85,0.05,2019-06-27,3563.636363636364,1272.7272727272727,0,False,0,11699.65,11650.0,0.05,36.0,0,59.83084964080122,2150.919044586804,No SL Hit
CIPLA.EQ-NSE,2019-07-22,530.85,525.0,3.1,13.6,2019-07-26,-13845.719129697653,1318.6399171140622,0,False,0,11346.2,11300.0,179.0,36.5,0,61.694664292891005,-8791.489661736969,Overnight SL Hit
CIPLA.EQ-NSE,2019-09-23,447.45,440.0,3.95,1.0,2019-09-26,4615.040786680076,1564.420605654263,0,False,0,11600.2,11550.0,0.05,72.0,0,60.34378717608317,4341.735487319184,No SL Hit
CIPLA.EQ-NSE,2019-10-29,472.25,470.0,4.15,4.0,2019-10-31,222.33986236103812,1482.265749073584,0,False,0,11786.85,11750.0,0.05,32.75,0,59.388216529437464,1941.9946805126053,No SL Hit
CIPLA.EQ-NSE,2019-11-25,483.25,480.0,4.0,12.0,2019-11-27,-11588.204862907398,1448.5256078634247,0,False,0,12073.75,12000.0,20.0,25.75,0,57.97701625427063,333.3678434620561,Intraday SL Hit
CIPLA.EQ-NSE,2019-12-23,467.2,460.0,1.7,0.05,2019-12-26,2472.1746575342468,1498.2876712328768,0,False,0,12262.75,12200.0,73.35,15.6,0,57.08344376261442,-3296.5688772909825,No SL Hit
CIPLA.EQ-NSE,2020-01-27,464.2,460.0,2.8,8.399999999999999,2020-01-30,-8444.635932787589,1507.9707022834984,0,False,0,12119.0,12050.0,45.5,38.0,0,57.760541298787025,-433.20405974090266,Intraday SL Hit
CIPLA.EQ-NSE,2020-02-24,428.0,420.0,2.75,10.15,2020-02-26,-12102.803738317758,1635.5140186915887,0,False,0,11829.4,11800.0,119.85,76.0,0,59.17459888075473,-2594.8061609210945,Overnight SL Hit
CIPLA.EQ-NSE,2020-03-23,380.0,380.0,14.1,0.1,2020-03-26,25789.473684210527,1842.1052631578948,0,False,0,7610.25,7550.0,0.05,336.5,0,91.98120955290563,30947.077954075095,No SL Hit
CIPLA.EQ-NSE,2020-04-27,611.0,600.0,10.6,11.0,2020-04-30,-458.2651391162034,1145.6628477905074,0,False,0,9282.3,9200.0,0.05,80.0,0,75.41234392338106,6029.216896674316,No SL Hit
CIPLA.EQ-NSE,2020-05-26,628.8,620.0,4.75,0.05,2020-05-28,5232.188295165395,1113.23155216285,0,False,0,9029.05,8950.0,0.05,41.55,0,77.52753611952532,3217.392748960301,No SL Hit
CIPLA.EQ-NSE,2020-06-22,656.5,650.0,12.3,10.0,2020-06-25,2452.399086062453,1066.2604722010662,0,False,0,10311.2,10200.0,0.05,65.85,0,67.88734579874311,4466.987353557297,No SL Hit
CIPLA.EQ-NSE,2020-07-27,652.0,640.0,3.35,0.05,2020-07-30,3542.9447852760736,1073.6196319018404,0,False,0,11131.8,11000.0,0.05,49.0,0,62.88291201782282,3078.118543272427,No SL Hit
CIPLA.EQ-NSE,2020-08-24,753.5,740.0,3.1,0.05,2020-08-27,2833.4439283344395,928.9980092899801,0,False,0,11466.45,11350.0,0.05,32.05,0,61.047665144835584,1953.5252846347385,No SL Hit
CIPLA.EQ-NSE,2020-09-21,763.0,750.0,5.0,15.0,2020-09-24,-9174.311926605504,917.4311926605504,0,False,0,11250.55,11150.0,351.05,75.1,0,62.21918039562511,-17169.38283017275,Intraday SL Hit
CIPLA.EQ-NSE,2020-10-26,744.15,730.0,4.05,0.1,2020-10-29,3715.648726735201,940.6705637304307,0,False,0,11767.75,11650.0,0.05,46.05,0,59.484608357587476,2736.291984449024,No SL Hit
CIPLA.EQ-NSE,2020-11-23,746.3,740.0,8.3,1.0,2020-11-26,6847.112421278307,937.9606056545625,0,False,0,12926.45,12800.0,0.05,40.3,0,54.152532211086566,2179.6394214962343,No SL Hit
CIPLA.EQ-NSE,2020-12-28,829.95,820.0,5.3,3.0,2020-12-31,1939.8758961383214,843.4243026688355,0,False,0,13873.2,13750.0,0.05,39.0,0,50.45699622293342,1965.3000028832569,No SL Hit
CIPLA.EQ-NSE,2021-01-25,839.0,830.0,3.2,0.05,2021-01-28,2628.128724672229,834.326579261025,0,False,0,14238.9,14100.0,282.5,41.95,0,49.16110092774021,-11825.702828167907,No SL Hit
CIPLA.EQ-NSE,2021-02-22,788.0,780.0,6.25,0.05,2021-02-25,5507.61421319797,888.3248730964467,0,False,0,14675.7,14550.0,0.05,87.5,0,47.697895160026434,4171.180931744312,No SL Hit
CIPLA.EQ-NSE,2021-03-22,771.5,760.0,4.2,0.1,2021-03-25,3720.0259235256,907.3233959818535,0,False,0,14736.4,14600.0,275.05,73.45,0,47.501425042751286,-9576.28728861866,No SL Hit
CIPLA.EQ-NSE,2021-04-26,907.95,900.0,7.5,0.05,2021-04-29,5743.708353984251,770.9675642931879,0,False,0,14485.0,14400.0,0.05,97.65,0,48.32585433206766,4716.603382809803,No SL Hit
CIPLA.EQ-NSE,2021-05-24,933.0,920.0,4.85,0.05,2021-05-27,3601.2861736334407,750.2679528403002,0,False,0,15197.7,15100.0,0.1,55.0,0,46.059601123854264,2528.672101699599,No SL Hit
CIPLA.EQ-NSE,2021-06-21,960.05,950.0,3.8,0.05,2021-06-24,2734.2325920524977,729.1286912139993,0,False,0,15746.5,15650.0,0.05,48.3,0,44.45432318292954,2144.9210935763504,No SL Hit
CIPLA.EQ-NSE,2021-07-26,951.1,940.0,1.6,4.800000000000001,2021-07-27,-2355.16770055725,735.9899064241405,0,False,0,15824.45,15750.0,98.75,41.0,0,44.23534467232668,-2554.591154826866,Intraday SL Hit
CIPLA.EQ-NSE,2021-08-23,897.0,890.0,5.8,0.1,2021-08-26,4448.1605351170565,780.3790412486064,0,False,0,16496.45,16400.0,0.05,45.2,0,42.43337202852735,1915.8667470880102,No SL Hit
CIPLA.EQ-NSE,2021-09-27,961.1,950.0,3.7,11.100000000000001,2021-09-29,-5389.657683903861,728.3321194464676,0,False,0,17855.1,17750.0,173.0,54.6,0,39.20448499308321,-4641.811023181052,Intraday SL Hit
CIPLA.EQ-NSE,2021-10-25,902.45,900.0,17.35,15.0,2021-10-28,1822.8156684580872,775.666241897058,0,False,0,18125.4,18050.0,191.0,79.0,0,38.619837355313535,-4325.421783795116,No SL Hit
CIPLA.EQ-NSE,2021-11-22,894.45,890.0,7.55,0.05,2021-11-25,5869.528760690927,782.6038347587903,0,False,0,17416.55,17350.0,0.05,71.15,0,40.191656786217706,2857.626797500079,No SL Hit
CIPLA.EQ-NSE,2021-12-27,928.4,920.0,3.7,0.05,2021-12-30,2752.046531667385,753.9853511417492,0,False,0,17086.25,17000.0,0.05,70.25,0,40.96861511449265,2875.996781037384,No SL Hit
CIPLA.EQ-NSE,2022-01-24,892.0,880.0,10.85,0.05,2022-01-27,8475.336322869955,784.7533632286995,0,False,0,17149.1,17050.0,0.05,123.5,0,40.81846860768204,5039.039949618348,No SL Hit
CIPLA.EQ-NSE,2022-02-21,905.0,900.0,6.8,7.0,2022-02-24,-154.69613259668523,773.4806629834254,0,False,0,17206.65,17100.0,852.0,101.0,0,40.68194564310891,-30552.14117797479,No SL Hit
CIPLA.EQ-NSE,2022-03-28,1018.95,1010.0,7.1,0.05,2022-03-31,4843.220962755778,686.9816968447911,0,False,0,17222.0,17150.0,0.05,79.0,0,40.64568575078388,3208.9768900243876,No SL Hit
CIPLA.EQ-NSE,2022-04-25,955.75,950.0,8.4,0.15,2022-04-28,6042.375098090505,732.4091027988491,0,False,0,16953.95,16850.0,0.05,85.3,0,41.28831334290829,3519.8287124829317,No SL Hit
CIPLA.EQ-NSE,2022-05-23,969.9,960.0,6.0,0.3,2022-05-26,4113.82616764615,721.723889060728,0,False,0,16214.7,16150.0,0.05,151.35,0,43.17070312740908,6531.727383176993,No SL Hit
CIPLA.EQ-NSE,2022-06-27,933.0,930.0,7.55,12.5,2022-06-30,-3713.826366559486,750.2679528403002,0,False,0,15832.05,15750.0,0.05,87.0,0,44.21410998575674,3844.4168632615488,No SL Hit
CIPLA.EQ-NSE,2022-07-25,956.0,950.0,7.55,0.05,2022-07-28,5491.63179916318,732.2175732217573,0,False,0,16631.0,16550.0,0.05,72.55,0,42.09007275569719,3051.5302747880464,No SL Hit
CIPLA.EQ-NSE,2022-08-22,1021.0,1010.0,6.55,0.05,2022-08-25,4456.415279138099,685.6023506366307,0,False,0,17490.7,17400.0,0.05,67.4,0,40.02126844551676,2695.432429805554,No SL Hit
CIPLA.EQ-NSE,2022-09-26,1065.05,1060.0,9.25,0.1,2022-09-29,6013.802168912258,657.2461386789353,0,False,0,17016.3,16900.0,81.45,85.0,0,41.137027438397304,146.03644740631032,No SL Hit
CIPLA.EQ-NSE,2022-10-25,1155.05,1150.0,6.8,1.0,2022-10-27,3514.9993506774595,606.0343708064586,0,False,0,17656.35,17550.0,0.05,32.0,0,39.64579315656974,1266.6830913524032,No SL Hit
CIPLA.EQ-NSE,2022-11-21,1107.5,1100.0,4.95,1.0,2022-11-24,2496.6139954853275,632.0541760722348,0,False,0,18159.95,18050.0,0.05,30.0,0,38.54636163645825,1154.4635310119245,No SL Hit
CIPLA.EQ-NSE,2022-12-26,1097.2,1090.0,8.15,4.35,2022-12-29,2424.3528982865478,637.9876048122493,0,False,0,18014.6,17900.0,0.05,56.0,0,38.85737124332486,2174.0699210640264,No SL Hit
CIPLA.EQ-NSE,2023-01-23,1063.75,1060.0,5.0,15.0,2023-01-25,-6580.493537015276,658.0493537015276,0,False,0,18118.55,18000.0,160.8,18.8,0,38.63443818627871,-5486.090222451577,Intraday SL Hit
CIPLA.EQ-NSE,2023-02-20,963.5,960.0,11.6,1.0,2023-02-23,7701.089776855215,726.5179034769071,0,False,0,17844.6,17750.0,239.15,40.0,0,39.22755343353172,-7812.167266287842,No SL Hit
CIPLA.EQ-NSE,2023-03-27,890.0,880.0,2.35,0.05,2023-03-29,1808.988764044944,786.5168539325842,0,False,0,16985.7,16900.0,0.05,35.45,0,41.21113642652349,1458.8742294989318,No SL Hit
CIPLA.EQ-NSE,2023-04-24,904.5,900.0,4.5,0.05,2023-04-27,3443.8916528468767,773.9082365948037,0,False,0,17743.4,17650.0,0.05,24.3,0,39.45128892996832,956.6937565517318,No SL Hit
CIPLA.EQ-NSE,2023-05-22,924.5,920.0,5.5,0.1,2023-05-25,4088.6965927528395,757.1660356949702,0,False,0,18314.4,18250.0,0.05,42.15,0,38.22129035076224,1609.1163237670903,No SL Hit
CIPLA.EQ-NSE,2023-06-26,1023.8,1020.0,10.75,11.25,2023-06-28,-341.8636452432116,683.7272904864232,0,False,0,18691.2,18650.0,0.05,38.6,0,37.450778976202706,1443.7275295326144,No SL Hit
CIPLA.EQ-NSE,2023-07-24,1048.9,1040.0,6.75,0.05,2023-07-27,4471.350939079035,667.365811802841,0,False,0,19672.35,19600.0,0.05,51.7,0,35.58293747315395,1837.8587204884016,No SL Hit
CIPLA.EQ-NSE,2023-08-28,1232.95,1220.0,5.7,0.15,2023-08-31,3150.9793584492477,567.744028549414,0,False,0,19306.05,19250.0,0.05,42.3,0,36.25806418195333,1531.9032116875283,No SL Hit
CIPLA.EQ-NSE,2023-09-25,1177.8,1170.0,6.2,7.3,2023-09-28,-653.7612497877396,594.3284088979453,0,False,0,19674.55,19600.0,75.0,35.55,0,35.57895860388167,-1403.5899169231318,No SL Hit
CIPLA.EQ-NSE,2023-10-23,1184.0,1180.0,8.35,25.049999999999997,2023-10-25,-9873.310810810808,591.2162162162163,0,False,0,19281.75,19250.0,200.25,81.0,0,36.30375873559195,-4329.22322921934,Intraday SL Hit
CIPLA.EQ-NSE,2023-11-28,1191.5,1180.0,3.8,0.05,2023-11-30,2203.1053294167014,587.4947545111204,0,False,0,19889.7,19850.0,0.05,23.6,0,35.19409543633137,828.8209475256037,No SL Hit
CIPLA.EQ-NSE,2023-12-26,1246.95,1240.0,5.35,0.05,2023-12-28,2975.2596335057538,561.369742170897,0,False,0,21441.35,21400.0,0.2,49.55,0,32.647198054227,1611.1392239761021,No SL Hit
CIPLA.EQ-NSE,2024-01-23,1407.95,1400.0,14.2,35.35,2024-01-25,-10515.28818494975,497.1767463333215,0,False,0,21238.8,21200.0,0.05,111.0,0,32.9585475638925,3656.7508522138733,No SL Hit
CIPLA.EQ-NSE,2024-02-26,1466.0,1450.0,6.85,0.5,2024-02-29,3032.0600272851293,477.4897680763984,0,False,0,22122.05,22050.0,67.1,91.35,0,31.642637097375697,767.3339496113607,No SL Hit
CIPLA.EQ-NSE,2024-03-26,1469.2,1460.0,5.15,0.05,2024-03-28,2429.8938197658595,476.449768581541,0,False,0,22004.7,21950.0,0.05,42.55,0,31.81138574940808,1351.9838943498432,No SL Hit
CIPLA.EQ-NSE,2024-04-22,1359.0,1350.0,10.0,0.05,2024-04-25,5125.091979396615,515.0846210448859,0,False,0,22336.4,22250.0,0.15,56.75,0,31.338980319120356,1773.7862860622122,No SL Hit
CIPLA.EQ-NSE,2024-05-27,1478.25,1460.0,3.4,0.1,2024-05-30,1562.6585489599188,473.5328936242178,0,False,0,22932.45,22850.0,361.15,71.05,0,30.524431536970535,-8855.137588875152,No SL Hit
CIPLA.EQ-NSE,2024-06-24,1507.85,1500.0,6.0,18.0,2024-06-26,-5570.845906423053,464.23715886858776,0,False,0,23537.85,23450.0,30.1,73.5,0,29.739334731082067,1290.6871273289617,Intraday SL Hit
ADANIPORTS.EQ-NSE,2019-01-28,326.6,325.0,11.0,0.05,2019-01-31,23469.07532149418,2143.2945499081443,0,False,0,10661.55,10600.0,0.05,42.0,0,65.65649459975333,2754.2899484596524,No SL Hit
ADANIPORTS.EQ-NSE,2019-02-25,325.25,320.0,4.05,0.05,2019-02-28,8608.762490392006,2152.1906225980015,0,False,0,10880.1,10850.0,47.0,36.5,0,64.33764395547834,-675.5452615325225,No SL Hit
ADANIPORTS.EQ-NSE,2019-03-25,361.2,360.0,3.1,0.05,2019-03-28,5910.852713178295,1937.984496124031,0,False,0,11354.25,11300.0,0.1,30.35,0,61.650923662945594,1864.9404408041041,No SL Hit
ADANIPORTS.EQ-NSE,2019-04-22,390.05,390.0,5.1,0.15,2019-04-25,8883.476477374694,1794.6417126009485,0,False,0,11594.45,11550.0,0.05,32.05,0,60.3737132852356,1931.958825127539,No SL Hit
ADANIPORTS.EQ-NSE,2019-05-27,412.8,410.0,7.15,0.2,2019-05-30,11785.368217054265,1695.7364341085272,0,False,0,11924.75,11900.0,0.05,60.65,0,58.701440281766914,3557.307281075075,No SL Hit
ADANIPORTS.EQ-NSE,2019-06-24,406.0,400.0,2.1,0.05,2019-06-27,3534.48275862069,1724.1379310344828,0,False,0,11699.65,11650.0,0.05,36.0,0,59.83084964080122,2150.919044586804,No SL Hit
ADANIPORTS.EQ-NSE,2019-07-22,406.05,400.0,2.55,7.6499999999999995,2019-07-24,-8792.020687107499,1723.925624923039,0,False,0,11346.2,11300.0,84.9,36.5,0,61.694664292891005,-2986.021751775925,Intraday SL Hit
ADANIPORTS.EQ-NSE,2019-08-26,369.0,370.0,5.6,3.65,2019-08-29,3699.186991869918,1897.0189701897018,0,False,0,11057.85,11000.0,50.1,56.3,0,63.30344506391387,392.4813593962657,No SL Hit
ADANIPORTS.EQ-NSE,2019-09-23,411.0,410.0,7.4,0.05,2019-09-26,12518.248175182483,1703.1630170316303,0,False,0,11600.2,11550.0,0.05,72.0,0,60.34378717608317,4341.735487319184,No SL Hit
ADANIPORTS.EQ-NSE,2019-10-29,398.8,395.0,2.85,0.1,2019-10-31,4826.980942828485,1755.2657973921764,0,False,0,11786.85,11750.0,0.05,32.75,0,59.388216529437464,1941.9946805126053,No SL Hit
ADANIPORTS.EQ-NSE,2019-11-25,374.9,370.0,2.35,0.05,2019-11-28,4294.478527607363,1867.1645772205923,0,False,0,12073.75,12000.0,0.05,25.75,0,57.97701625427063,1490.009317734755,No SL Hit
ADANIPORTS.EQ-NSE,2019-12-23,366.9,365.0,2.8,2.5,2019-12-26,572.3630417007356,1907.8768056691197,0,False,0,12262.75,12200.0,73.35,15.6,0,57.08344376261442,-3296.5688772909825,No SL Hit
ADANIPORTS.EQ-NSE,2020-01-27,380.8,375.0,2.0,0.05,2020-01-30,3584.5588235294117,1838.235294117647,0,False,0,12119.0,12050.0,14.3,38.0,0,57.760541298787025,1368.9248287812525,No SL Hit
ADANIPORTS.EQ-NSE,2020-02-24,362.3,360.0,3.0,7.0,2020-02-27,-7728.401876897598,1932.1004692243996,0,False,0,11829.4,11800.0,166.75,76.0,0,59.17459888075473,-5370.094848428492,No SL Hit
ADANIPORTS.EQ-NSE,2020-03-23,215.0,240.0,41.15,0.4,2020-03-26,132674.41860465117,3255.813953488372,0,False,0,7610.25,7550.0,0.05,336.5,0,91.98120955290563,30947.077954075095,No SL Hit
ADANIPORTS.EQ-NSE,2020-04-27,271.0,265.0,2.95,0.2,2020-04-30,7103.321033210332,2583.0258302583024,0,False,0,9282.3,9200.0,0.05,80.0,0,75.41234392338106,6029.216896674316,No SL Hit
ADANIPORTS.EQ-NSE,2020-05-26,315.0,310.0,2.5,0.05,2020-05-28,5444.444444444444,2222.222222222222,0,False,0,9029.05,8950.0,0.05,41.55,0,77.52753611952532,3217.392748960301,No SL Hit
ADANIPORTS.EQ-NSE,2020-06-22,349.5,345.0,3.25,0.5,2020-06-25,5507.868383404864,2002.8612303290415,0,False,0,10311.2,10200.0,0.05,65.85,0,67.88734579874311,4466.987353557297,No SL Hit
ADANIPORTS.EQ-NSE,2020-07-27,309.7,305.0,6.5,0.05,2020-07-30,14578.624475298677,2260.251856635454,0,False,0,11131.8,11000.0,0.05,49.0,0,62.88291201782282,3078.118543272427,No SL Hit
ADANIPORTS.EQ-NSE,2020-08-24,350.0,345.0,2.75,0.1,2020-08-27,5300.0,2000.0,0,False,0,11466.45,11350.0,0.05,32.05,0,61.047665144835584,1953.5252846347385,No SL Hit
ADANIPORTS.EQ-NSE,2020-09-21,345.95,340.0,3.75,11.25,2020-09-22,-15175.60341089753,2023.4137881196705,0,False,0,11250.55,11150.0,130.85,75.1,0,62.21918039562511,-3468.7193070560998,Intraday SL Hit
ADANIPORTS.EQ-NSE,2020-10-26,360.45,355.0,3.5,10.5,2020-10-29,-13594.11846303232,1942.0169232903315,0,False,0,11767.75,11650.0,80.9,46.05,0,59.484608357587476,-2073.038601261924,Intraday SL Hit
ADANIPORTS.EQ-NSE,2020-11-23,375.4,370.0,3.5,0.05,2020-11-26,6433.137986148109,1864.6776771443795,0,False,0,12926.45,12800.0,0.05,40.3,0,54.152532211086566,2179.6394214962343,No SL Hit
ADANIPORTS.EQ-NSE,2020-12-28,483.7,475.0,4.2,14.0,2020-12-30,-14182.34442836469,1447.178002894356,0,False,0,13873.2,13750.0,19.4,39.0,0,50.45699622293342,988.9571259694951,Overnight SL Hit
ADANIPORTS.EQ-NSE,2021-01-25,523.75,515.0,3.15,9.45,2021-01-27,-8420.047732696896,1336.5155131264917,0,False,0,14238.9,14100.0,184.0,41.95,0,49.16110092774021,-6983.334386785497,Intraday SL Hit
ADANIPORTS.EQ-NSE,2021-02-22,672.05,660.0,6.45,0.1,2021-02-25,6614.091213451381,1041.5891674726583,0,False,0,14675.7,14550.0,0.05,87.5,0,47.697895160026434,4171.180931744312,No SL Hit
ADANIPORTS.EQ-NSE,2021-03-22,721.7,710.0,7.15,21.450000000000003,2021-03-25,-13870.029097963143,969.9321047526672,0,False,0,14736.4,14600.0,341.55,73.45,0,47.501425042751286,-12735.13205396162,Intraday SL Hit
ADANIPORTS.EQ-NSE,2021-04-26,731.0,720.0,8.95,0.05,2021-04-29,8522.571819425444,957.5923392612859,0,False,0,14485.0,14400.0,0.05,97.65,0,48.32585433206766,4716.603382809803,No SL Hit
ADANIPORTS.EQ-NSE,2021-05-24,766.4,760.0,7.75,10.0,2021-05-27,-2055.062630480167,913.3611691022965,0,False,0,15197.7,15100.0,0.1,55.0,0,46.059601123854264,2528.672101699599,No SL Hit
ADANIPORTS.EQ-NSE,2021-06-21,730.0,720.0,16.1,7.5,2021-06-24,8246.575342465754,958.9041095890411,0,False,0,15746.5,15650.0,0.05,48.3,0,44.45432318292954,2144.9210935763504,No SL Hit
ADANIPORTS.EQ-NSE,2021-07-26,682.25,670.0,5.8,17.4,2021-07-28,-11901.795529497982,1026.0168559912056,0,False,0,15824.45,15750.0,257.0,41.0,0,44.23534467232668,-9554.834449222564,Intraday SL Hit
ADANIPORTS.EQ-NSE,2021-08-23,668.1,660.0,6.4,0.05,2021-08-26,6653.195629396797,1047.747343212094,0,False,0,16496.45,16400.0,0.05,45.2,0,42.43337202852735,1915.8667470880102,No SL Hit
ADANIPORTS.EQ-NSE,2021-09-27,750.2,740.0,7.35,4.0,2021-09-30,3125.833111170354,933.0845107971207,0,False,0,17855.1,17750.0,132.75,54.6,0,39.20448499308321,-3063.8305022094532,No SL Hit
ADANIPORTS.EQ-NSE,2021-10-25,750.7,740.0,7.8,23.4,2021-10-28,-14546.42333821766,932.4630345011323,0,False,0,18125.4,18050.0,200.0,79.0,0,38.619837355313535,-4673.000319992938,Intraday SL Hit
ADANIPORTS.EQ-NSE,2021-11-22,714.0,700.0,4.7,0.05,2021-11-25,4558.823529411765,980.3921568627451,0,False,0,17416.55,17350.0,0.05,71.15,0,40.191656786217706,2857.626797500079,No SL Hit
ADANIPORTS.EQ-NSE,2021-12-27,724.55,710.0,3.4,0.05,2021-12-30,3236.491615485474,966.1169001449176,0,False,0,17086.25,17000.0,0.05,70.25,0,40.96861511449265,2875.996781037384,No SL Hit
ADANIPORTS.EQ-NSE,2022-01-24,700.9,690.0,5.6,0.05,2022-01-27,5542.873448423456,998.7159366528749,0,False,0,17149.1,17050.0,0.05,123.5,0,40.81846860768204,5039.039949618348,No SL Hit
ADANIPORTS.EQ-NSE,2022-02-21,712.0,700.0,4.35,13.049999999999999,2022-02-22,-8553.370786516854,983.1460674157304,0,False,0,17206.65,17100.0,316.55,101.0,0,40.68194564310891,-8768.993383372126,Intraday SL Hit
ADANIPORTS.EQ-NSE,2022-03-28,735.9,730.0,8.05,0.05,2022-03-31,7609.729582823754,951.2161978529692,0,False,0,17222.0,17150.0,0.05,79.0,0,40.64568575078388,3208.9768900243876,No SL Hit
ADANIPORTS.EQ-NSE,2022-04-25,858.6,850.0,8.75,0.05,2022-04-28,7092.941998602375,815.280689494526,0,False,0,16953.95,16850.0,0.05,85.3,0,41.28831334290829,3519.8287124829317,No SL Hit
ADANIPORTS.EQ-NSE,2022-05-23,752.25,740.0,8.6,25.799999999999997,2022-05-25,-16005.31738118976,930.5417082087072,0,False,0,16214.7,16150.0,195.35,151.35,0,43.17070312740908,-1899.5109376059993,Intraday SL Hit
ADANIPORTS.EQ-NSE,2022-06-27,685.0,680.0,7.3,14.8,2022-06-30,-7664.233576642337,1021.8978102189781,0,False,0,15832.05,15750.0,0.05,87.0,0,44.21410998575674,3844.4168632615488,No SL Hit
ADANIPORTS.EQ-NSE,2022-07-25,748.75,740.0,3.1,0.05,2022-07-28,2851.4190317195325,934.8914858096828,0,False,0,16631.0,16550.0,0.05,72.55,0,42.09007275569719,3051.5302747880464,No SL Hit
ADANIPORTS.EQ-NSE,2022-08-22,840.0,830.0,9.9,29.700000000000003,2022-08-23,-16500.000000000004,833.3333333333334,0,False,0,17490.7,17400.0,110.0,67.4,0,40.02126844551676,-1704.9060357790138,Intraday SL Hit
ADANIPORTS.EQ-NSE,2022-09-26,855.8,850.0,13.0,31.1,2022-09-29,-14804.86094881982,817.948118719327,0,False,0,17016.3,16900.0,81.45,85.0,0,41.137027438397304,146.03644740631032,No SL Hit
ADANIPORTS.EQ-NSE,2022-10-25,800.1,790.0,1.55,0.1,2022-10-27,1268.5914260717411,874.8906386701663,0,False,0,17656.35,17550.0,0.05,32.0,0,39.64579315656974,1266.6830913524032,No SL Hit
ADANIPORTS.EQ-NSE,2022-11-21,870.0,860.0,6.45,0.05,2022-11-24,5149.425287356322,804.5977011494252,0,False,0,18159.95,18050.0,0.05,30.0,0,38.54636163645825,1154.4635310119245,No SL Hit
ADANIPORTS.EQ-NSE,2022-12-26,805.95,800.0,8.3,0.05,2022-12-29,7165.456914200632,868.540232024319,0,False,0,18014.6,17900.0,0.05,56.0,0,38.85737124332486,2174.0699210640264,No SL Hit
ADANIPORTS.EQ-NSE,2023-01-23,767.8,760.0,2.8,8.399999999999999,2023-01-25,-5105.4962229747325,911.695754102631,0,False,0,18118.55,18000.0,160.8,18.8,0,38.63443818627871,-5486.090222451577,Intraday SL Hit
ADANIPORTS.EQ-NSE,2023-02-20,579.45,570.0,7.35,22.049999999999997,2023-02-22,-17758.219000776593,1208.0421088963672,0,False,0,17844.6,17750.0,226.9,40.0,0,39.22755343353172,-7331.629736727078,Intraday SL Hit
ADANIPORTS.EQ-NSE,2023-03-27,626.85,620.0,3.4,10.2,2023-03-28,-7593.523171412617,1116.6945840312674,0,False,0,16985.7,16900.0,52.7,35.45,0,41.21113642652349,-710.8921033575301,Intraday SL Hit
ADANIPORTS.EQ-NSE,2023-04-24,670.0,660.0,3.05,1.0,2023-04-27,2141.791044776119,1044.7761194029852,0,False,0,17743.4,17650.0,0.05,24.3,0,39.45128892996832,956.6937565517318,No SL Hit
ADANIPORTS.EQ-NSE,2023-05-22,732.05,720.0,9.0,0.05,2023-05-25,8558.158595724337,956.2188375110991,0,False,0,18314.4,18250.0,0.05,42.15,0,38.22129035076224,1609.1163237670903,No SL Hit
ADANIPORTS.EQ-NSE,2023-06-26,723.8,710.0,3.95,0.05,2023-06-28,3771.760154738879,967.1179883945842,0,False,0,18691.2,18650.0,0.05,38.6,0,37.450778976202706,1443.7275295326144,No SL Hit
ADANIPORTS.EQ-NSE,2023-07-24,735.55,720.0,2.5,0.05,2023-07-27,2331.588607164707,951.6688192509007,0,False,0,19672.35,19600.0,0.05,51.7,0,35.58293747315395,1837.8587204884016,No SL Hit
ADANIPORTS.EQ-NSE,2023-08-28,807.85,800.0,12.8,6.0,2023-08-31,5892.182954756453,866.4974933465371,0,False,0,19306.05,19250.0,0.05,42.3,0,36.25806418195333,1531.9032116875283,No SL Hit
ADANIPORTS.EQ-NSE,2023-09-25,824.6,810.0,3.15,0.05,2023-09-28,2631.5789473684213,848.8964346349745,0,False,0,19674.55,19600.0,75.0,35.55,0,35.57895860388167,-1403.5899169231318,No SL Hit
ADANIPORTS.EQ-NSE,2023-10-23,771.0,760.0,4.0,0.05,2023-10-26,3586.2516212710766,907.911802853437,0,False,0,19281.75,19250.0,395.25,81.0,0,36.30375873559195,-11408.45618265977,No SL Hit
ADANIPORTS.EQ-NSE,2023-11-28,840.5,830.0,6.05,3.0,2023-11-30,2540.1546698393813,832.8375966686497,0,False,0,19889.7,19850.0,0.05,23.6,0,35.19409543633137,828.8209475256037,No SL Hit
ADANIPORTS.EQ-NSE,2023-12-26,1026.25,1010.0,4.05,0.05,2023-12-28,2728.380024360536,682.095006090134,0,False,0,21441.35,21400.0,0.2,49.55,0,32.647198054227,1611.1392239761021,No SL Hit
ADANIPORTS.EQ-NSE,2024-01-23,1142.0,1130.0,9.5,0.45,2024-01-25,5547.285464098075,612.9597197898424,0,False,0,21238.8,21200.0,0.05,111.0,0,32.9585475638925,3656.7508522138733,No SL Hit
ADANIPORTS.EQ-NSE,2024-02-26,1335.0,1320.0,7.6,22.799999999999997,2024-02-28,-7970.037453183519,524.3445692883895,0,False,0,22122.05,22050.0,197.0,91.35,0,31.642637097375697,-3343.0446093377427,Intraday SL Hit
ADANIPORTS.EQ-NSE,2024-03-26,1304.35,1290.0,3.55,0.05,2024-03-28,1878.3302027829955,536.665772223713,0,False,0,22004.7,21950.0,0.05,42.55,0,31.81138574940808,1351.9838943498432,No SL Hit
ADANIPORTS.EQ-NSE,2024-04-22,1323.25,1310.0,7.55,0.05,2024-04-25,3967.5042508974116,529.0005667863215,0,False,0,22336.4,22250.0,0.15,56.75,0,31.338980319120356,1773.7862860622122,No SL Hit
ADANIPORTS.EQ-NSE,2024-05-27,1432.7,1420.0,13.25,39.75,2024-05-30,-12947.581489495358,488.5879807356739,0,False,0,22932.45,22850.0,436.8,71.05,0,30.524431536970535,-11164.310834646973,Intraday SL Hit
ADANIPORTS.EQ-NSE,2024-06-24,1460.2,1440.0,7.0,0.05,2024-06-27,3331.7353787152447,479.3863854266539,0,False,0,23537.85,23450.0,0.1,73.5,0,29.739334731082067,2182.867169261424,No SL Hit
TATAMOTORS.EQ-NSE,2019-01-28,172.2,170.0,1.6,0.05,2019-01-31,6300.813008130082,4065.0406504065045,0,False,0,10661.55,10600.0,0.05,42.0,0,65.65649459975333,2754.2899484596524,No SL Hit
TATAMOTORS.EQ-NSE,2019-02-25,176.45,175.0,1.8,0.05,2019-02-28,6942.476622272598,3967.129498441485,0,False,0,10880.1,10850.0,47.0,36.5,0,64.33764395547834,-675.5452615325225,No SL Hit
TATAMOTORS.EQ-NSE,2019-03-25,171.0,170.0,2.6,0.05,2019-03-28,10438.59649122807,4093.5672514619882,0,False,0,11354.25,11300.0,0.1,30.35,0,61.650923662945594,1864.9404408041041,No SL Hit
TATAMOTORS.EQ-NSE,2019-04-22,235.3,235.0,3.85,11.55,2019-04-24,-22906.927326816833,2974.9256268593285,0,False,0,11594.45,11550.0,25.2,32.05,0,60.3737132852356,413.55993600386375,Intraday SL Hit
TATAMOTORS.EQ-NSE,2019-05-27,181.0,180.0,2.15,6.449999999999999,2019-05-30,-16629.834254143643,3867.403314917127,0,False,0,11924.75,11900.0,50.05,60.65,0,58.701440281766914,622.2352669867294,Intraday SL Hit
TATAMOTORS.EQ-NSE,2019-06-24,158.9,155.0,0.95,0.05,2019-06-27,3964.7577092511006,4405.286343612334,0,False,0,11699.65,11650.0,0.05,36.0,0,59.83084964080122,2150.919044586804,No SL Hit
TATAMOTORS.EQ-NSE,2019-07-22,156.65,155.0,1.4,4.199999999999999,2019-07-24,-12511.969358442384,4468.560485157996,0,False,0,11346.2,11300.0,84.9,36.5,0,61.694664292891005,-2986.021751775925,Intraday SL Hit
TATAMOTORS.EQ-NSE,2019-08-26,110.45,110.0,2.45,0.05,2019-08-29,15210.502489814397,6337.709370755998,0,False,0,11057.85,11000.0,50.1,56.3,0,63.30344506391387,392.4813593962657,No SL Hit
TATAMOTORS.EQ-NSE,2019-09-23,127.7,125.0,1.9,0.3,2019-09-26,8770.555990602974,5481.59749412686,0,False,0,11600.2,11550.0,0.05,72.0,0,60.34378717608317,4341.735487319184,No SL Hit
TATAMOTORS.EQ-NSE,2019-10-29,172.25,170.0,4.1,0.05,2019-10-31,16458.63570391872,4063.8606676342524,0,False,0,11786.85,11750.0,0.05,32.75,0,59.388216529437464,1941.9946805126053,No SL Hit
TATAMOTORS.EQ-NSE,2019-11-25,166.0,165.0,2.4,0.1,2019-11-28,9698.795180722891,4216.8674698795185,0,False,0,12073.75,12000.0,0.05,25.75,0,57.97701625427063,1490.009317734755,No SL Hit
TATAMOTORS.EQ-NSE,2019-12-23,176.0,175.0,1.85,0.1,2019-12-26,6960.227272727273,3977.2727272727275,0,False,0,12262.75,12200.0,73.35,15.6,0,57.08344376261442,-3296.5688772909825,No SL Hit
TATAMOTORS.EQ-NSE,2020-01-27,182.35,180.0,1.7,5.1,2020-01-28,-13051.823416506717,3838.7715930902114,0,False,0,12119.0,12050.0,61.55,38.0,0,57.760541298787025,-1360.2607475864343,Intraday SL Hit
TATAMOTORS.EQ-NSE,2020-02-24,150.65,150.0,3.15,4.9,2020-02-27,-8131.430467972124,4646.531695984069,0,False,0,11829.4,11800.0,166.75,76.0,0,59.17459888075473,-5370.094848428492,No SL Hit
TATAMOTORS.EQ-NSE,2020-03-23,66.6,65.0,5.1,0.3,2020-03-26,50450.45045045046,10510.510510510512,0,False,0,7610.25,7550.0,0.05,336.5,0,91.98120955290563,30947.077954075095,No SL Hit
TATAMOTORS.EQ-NSE,2020-04-27,75.2,72.5,1.0,0.05,2020-04-30,8843.085106382978,9308.510638297872,0,False,0,9282.3,9200.0,0.05,80.0,0,75.41234392338106,6029.216896674316,No SL Hit
TATAMOTORS.EQ-NSE,2020-05-26,83.3,82.5,1.9,0.05,2020-05-28,15546.218487394959,8403.361344537816,0,False,0,9029.05,8950.0,0.05,41.55,0,77.52753611952532,3217.392748960301,No SL Hit
TATAMOTORS.EQ-NSE,2020-06-22,102.55,100.0,1.95,0.05,2020-06-25,12969.283276450513,6825.938566552902,0,False,0,10311.2,10200.0,0.05,65.85,0,67.88734579874311,4466.987353557297,No SL Hit
TATAMOTORS.EQ-NSE,2020-07-27,101.8,100.0,1.75,0.05,2020-07-30,11689.58742632613,6876.2278978389,0,False,0,11131.8,11000.0,0.05,49.0,0,62.88291201782282,3078.118543272427,No SL Hit
TATAMOTORS.EQ-NSE,2020-08-24,121.15,117.5,0.95,0.05,2020-08-27,5200.16508460586,5777.961205117623,0,False,0,11466.45,11350.0,0.05,32.05,0,61.047665144835584,1953.5252846347385,No SL Hit
TATAMOTORS.EQ-NSE,2020-09-21,136.4,132.5,2.55,7.6499999999999995,2020-09-24,-26173.020527859237,5131.964809384164,0,False,0,11250.55,11150.0,351.05,75.1,0,62.21918039562511,-17169.38283017275,Intraday SL Hit
TATAMOTORS.EQ-NSE,2020-10-26,133.65,130.0,2.2,0.05,2020-10-29,11260.755705200152,5237.560793116349,0,False,0,11767.75,11650.0,0.05,46.05,0,59.484608357587476,2736.291984449024,No SL Hit
TATAMOTORS.EQ-NSE,2020-11-23,170.45,167.5,2.2,0.05,2020-11-26,8829.56878850103,4106.7761806981525,0,False,0,12926.45,12800.0,0.05,40.3,0,54.152532211086566,2179.6394214962343,No SL Hit
TATAMOTORS.EQ-NSE,2020-12-28,186.0,180.0,1.7,0.05,2020-12-31,6209.677419354838,3763.440860215054,0,False,0,13873.2,13750.0,0.05,39.0,0,50.45699622293342,1965.3000028832569,No SL Hit
TATAMOTORS.EQ-NSE,2021-01-25,278.7,275.0,4.3,12.899999999999999,2021-01-28,-21600.287047003945,2511.661284535343,0,False,0,14238.9,14100.0,397.2,41.95,0,49.16110092774021,-17464.48110457971,Intraday SL Hit
TATAMOTORS.EQ-NSE,2021-02-22,303.0,295.0,3.1,0.05,2021-02-25,7046.2046204620465,2310.2310231023102,0,False,0,14675.7,14550.0,0.05,87.5,0,47.697895160026434,4171.180931744312,No SL Hit
TATAMOTORS.EQ-NSE,2021-03-22,302.9,295.0,2.85,8.55,2021-03-25,-13172.664245625623,2310.9937273027404,0,False,0,14736.4,14600.0,341.55,73.45,0,47.501425042751286,-12735.13205396162,Intraday SL Hit
TATAMOTORS.EQ-NSE,2021-04-26,295.85,290.0,3.25,0.05,2021-04-29,7571.404427919553,2366.0638837248603,0,False,0,14485.0,14400.0,0.05,97.65,0,48.32585433206766,4716.603382809803,No SL Hit
TATAMOTORS.EQ-NSE,2021-05-24,311.8,305.0,2.3,0.05,2021-05-27,5051.3149454778695,2245.028864656831,0,False,0,15197.7,15100.0,0.1,55.0,0,46.059601123854264,2528.672101699599,No SL Hit
TATAMOTORS.EQ-NSE,2021-06-21,334.2,330.0,3.9,0.05,2021-06-24,8064.033512866547,2094.554159186116,0,False,0,15746.5,15650.0,0.05,48.3,0,44.45432318292954,2144.9210935763504,No SL Hit
TATAMOTORS.EQ-NSE,2021-07-26,292.7,290.0,4.85,0.05,2021-07-29,11479.330372394945,2391.5271609156134,0,False,0,15824.45,15750.0,0.05,41.0,0,44.23534467232668,1811.4373643317779,No SL Hit
TATAMOTORS.EQ-NSE,2021-08-23,276.9,275.0,3.95,0.05,2021-08-26,9859.154929577468,2527.9884434814016,0,False,0,16496.45,16400.0,0.05,45.2,0,42.43337202852735,1915.8667470880102,No SL Hit
TATAMOTORS.EQ-NSE,2021-09-27,331.05,330.0,4.55,0.05,2021-09-30,9515.1789759855,2114.4842168856667,0,False,0,17855.1,17750.0,132.75,54.6,0,39.20448499308321,-3063.8305022094532,No SL Hit
TATAMOTORS.EQ-NSE,2021-10-25,478.8,470.0,5.45,0.05,2021-10-28,7894.736842105263,1461.9883040935672,0,False,0,18125.4,18050.0,191.0,79.0,0,38.619837355313535,-4325.421783795116,No SL Hit
TATAMOTORS.EQ-NSE,2021-11-22,486.5,480.0,5.55,0.05,2021-11-25,7913.669064748201,1438.8489208633093,0,False,0,17416.55,17350.0,0.05,71.15,0,40.191656786217706,2857.626797500079,No SL Hit
TATAMOTORS.EQ-NSE,2021-12-27,472.05,465.0,2.35,0.1,2021-12-30,3336.510962821735,1482.8937612541044,0,False,0,17086.25,17000.0,0.05,70.25,0,40.96861511449265,2875.996781037384,No SL Hit
TATAMOTORS.EQ-NSE,2022-01-24,477.65,470.0,4.65,0.05,2022-01-27,6741.337799644092,1465.5082173139328,0,False,0,17149.1,17050.0,0.05,123.5,0,40.81846860768204,5039.039949618348,No SL Hit
TATAMOTORS.EQ-NSE,2022-02-21,494.0,490.0,5.7,17.1,2022-02-22,-16153.846153846156,1417.004048582996,0,False,0,17206.65,17100.0,316.55,101.0,0,40.68194564310891,-8768.993383372126,Intraday SL Hit
TATAMOTORS.EQ-NSE,2022-03-28,432.5,430.0,4.85,0.05,2022-03-31,7768.78612716763,1618.4971098265896,0,False,0,17222.0,17150.0,0.05,79.0,0,40.64568575078388,3208.9768900243876,No SL Hit
TATAMOTORS.EQ-NSE,2022-04-25,427.3,420.0,2.8,0.05,2022-04-28,4505.031593728059,1638.1933068102035,0,False,0,16953.95,16850.0,0.05,85.3,0,41.28831334290829,3519.8287124829317,No SL Hit
TATAMOTORS.EQ-NSE,2022-05-23,420.8,410.0,3.1,0.05,2022-05-26,5073.669201520913,1663.4980988593156,0,False,0,16214.7,16150.0,0.05,151.35,0,43.17070312740908,6531.727383176993,No SL Hit
TATAMOTORS.EQ-NSE,2022-06-27,413.0,410.0,4.2,0.05,2022-06-30,7033.898305084746,1694.915254237288,0,False,0,15832.05,15750.0,0.05,87.0,0,44.21410998575674,3844.4168632615488,No SL Hit
TATAMOTORS.EQ-NSE,2022-07-25,449.0,440.0,2.65,7.949999999999999,2022-07-28,-8262.806236080176,1559.0200445434298,0,False,0,16631.0,16550.0,12.0,72.55,0,42.09007275569719,2548.553905357465,Intraday SL Hit
TATAMOTORS.EQ-NSE,2022-08-22,453.8,450.0,4.8,0.05,2022-08-25,7327.0163067430585,1542.5297487880123,0,False,0,17490.7,17400.0,0.05,67.4,0,40.02126844551676,2695.432429805554,No SL Hit
TATAMOTORS.EQ-NSE,2022-09-26,397.9,390.0,4.2,0.05,2022-09-29,7300.829354109074,1759.2359889419454,0,False,0,17016.3,16900.0,81.45,85.0,0,41.137027438397304,146.03644740631032,No SL Hit
TATAMOTORS.EQ-NSE,2022-10-25,404.2,400.0,1.05,0.05,2022-10-27,1731.815932706581,1731.815932706581,0,False,0,17656.35,17550.0,0.05,32.0,0,39.64579315656974,1266.6830913524032,No SL Hit
TATAMOTORS.EQ-NSE,2022-11-21,420.3,415.0,1.3,0.05,2022-11-24,2081.8463002617177,1665.4770402093743,0,False,0,18159.95,18050.0,0.05,30.0,0,38.54636163645825,1154.4635310119245,No SL Hit
TATAMOTORS.EQ-NSE,2022-12-26,385.3,380.0,2.7,0.05,2022-12-29,4814.4303140410075,1816.7661562418893,0,False,0,18014.6,17900.0,0.05,56.0,0,38.85737124332486,2174.0699210640264,No SL Hit
TATAMOTORS.EQ-NSE,2023-01-23,408.0,405.0,2.1,0.05,2023-01-25,3517.156862745099,1715.686274509804,0,False,0,18118.55,18000.0,108.0,18.8,0,38.63443818627871,-3446.191886216061,No SL Hit
TATAMOTORS.EQ-NSE,2023-02-20,442.15,435.0,1.8,5.4,2023-02-22,-5699.423272645031,1583.1731312902862,0,False,0,17844.6,17750.0,226.9,40.0,0,39.22755343353172,-7331.629736727078,Intraday SL Hit
TATAMOTORS.EQ-NSE,2023-03-27,412.5,410.0,2.4,7.199999999999999,2023-03-28,-8145.454545454544,1696.969696969697,0,False,0,16985.7,16900.0,52.7,35.45,0,41.21113642652349,-710.8921033575301,Intraday SL Hit
TATAMOTORS.EQ-NSE,2023-04-24,474.4,470.0,1.9,0.05,2023-04-27,2729.7639123102867,1475.5480607082632,0,False,0,17743.4,17650.0,0.05,24.3,0,39.45128892996832,956.6937565517318,No SL Hit
TATAMOTORS.EQ-NSE,2023-05-22,522.1,515.0,1.65,4.949999999999999,2023-05-25,-4424.4397624976045,1340.7393219689714,0,False,0,18314.4,18250.0,55.0,42.15,0,38.22129035076224,-491.1435810072948,Intraday SL Hit
TATAMOTORS.EQ-NSE,2023-06-26,568.5,565.0,3.6,0.05,2023-06-28,4371.152154793316,1231.3104661389623,0,False,0,18691.2,18650.0,0.05,38.6,0,37.450778976202706,1443.7275295326144,No SL Hit
TATAMOTORS.EQ-NSE,2023-07-24,630.0,625.0,8.25,0.05,2023-07-27,9111.11111111111,1111.111111111111,0,False,0,19672.35,19600.0,0.05,51.7,0,35.58293747315395,1837.8587204884016,No SL Hit
TATAMOTORS.EQ-NSE,2023-08-28,602.4,595.0,2.55,0.05,2023-08-31,2905.046480743692,1162.0185922974767,0,False,0,19306.05,19250.0,0.05,42.3,0,36.25806418195333,1531.9032116875283,No SL Hit
TATAMOTORS.EQ-NSE,2023-09-25,619.0,615.0,1.9,0.1,2023-09-28,2035.5411954765748,1130.8562197092083,0,False,0,19674.55,19600.0,75.0,35.55,0,35.57895860388167,-1403.5899169231318,No SL Hit
TATAMOTORS.EQ-NSE,2023-10-23,646.45,640.0,2.3,6.8999999999999995,2023-10-26,-4981.050351922036,1082.8370330265295,0,False,0,19281.75,19250.0,411.25,81.0,0,36.30375873559195,-11989.31632242924,Intraday SL Hit
TATAMOTORS.EQ-NSE,2023-11-28,698.0,695.0,4.05,0.1,2023-11-30,3961.318051575931,1002.8653295128939,0,False,0,19889.7,19850.0,0.05,23.6,0,35.19409543633137,828.8209475256037,No SL Hit
TATAMOTORS.EQ-NSE,2023-12-26,720.3,715.0,2.6,0.05,2023-12-28,2478.1341107871726,971.8172983479107,0,False,0,21441.35,21400.0,0.2,49.55,0,32.647198054227,1611.1392239761021,No SL Hit
TATAMOTORS.EQ-NSE,2024-01-23,802.5,800.0,7.3,0.05,2024-01-25,6323.987538940811,872.2741433021807,0,False,0,21238.8,21200.0,0.05,111.0,0,32.9585475638925,3656.7508522138733,No SL Hit
TATAMOTORS.EQ-NSE,2024-02-26,937.0,930.0,5.65,0.05,2024-02-29,4183.564567769477,747.0651013874066,0,False,0,22122.05,22050.0,67.1,91.35,0,31.642637097375697,767.3339496113607,No SL Hit
TATAMOTORS.EQ-NSE,2024-03-26,987.15,980.0,2.55,0.05,2024-03-28,1772.7802259028517,709.1120903611406,0,False,0,22004.7,21950.0,0.05,42.55,0,31.81138574940808,1351.9838943498432,No SL Hit
TATAMOTORS.EQ-NSE,2024-04-22,974.4,970.0,6.45,0.05,2024-04-25,4597.701149425287,718.3908045977012,0,False,0,22336.4,22250.0,0.15,56.75,0,31.338980319120356,1773.7862860622122,No SL Hit
TATAMOTORS.EQ-NSE,2024-05-27,959.2,950.0,4.2,12.600000000000001,2024-05-30,-6130.108423686406,729.7748123436196,0,False,0,22932.45,22850.0,436.8,71.05,0,30.524431536970535,-11164.310834646973,Intraday SL Hit
TATAMOTORS.EQ-NSE,2024-06-24,959.0,950.0,3.65,0.05,2024-06-27,2627.737226277372,729.92700729927,0,False,0,23537.85,23450.0,0.1,73.5,0,29.739334731082067,2182.867169261424,No SL Hit
DRREDDY.EQ-NSE,2019-01-28,2627.25,2600.0,18.0,0.5,2019-01-31,4662.670092301837,266.4382909886764,0,False,0,10661.55,10600.0,0.05,42.0,0,65.65649459975333,2754.2899484596524,No SL Hit
DRREDDY.EQ-NSE,2019-02-25,2656.0,2650.0,26.7,13.85,2019-02-28,3386.671686746988,263.5542168674699,0,False,0,10880.1,10850.0,47.0,36.5,0,64.33764395547834,-675.5452615325225,No SL Hit
DRREDDY.EQ-NSE,2019-03-25,2766.0,2750.0,26.0,29.4,2019-03-28,-860.4483007953721,253.07302964569777,0,False,0,11354.25,11300.0,0.1,30.35,0,61.650923662945594,1864.9404408041041,No SL Hit
DRREDDY.EQ-NSE,2019-04-22,2796.0,2750.0,14.95,0.2,2019-04-25,3692.77539341917,250.3576537911302,0,False,0,11594.45,11550.0,0.05,32.05,0,60.3737132852356,1931.958825127539,No SL Hit
DRREDDY.EQ-NSE,2019-05-27,2658.1499,2650.0,17.4,52.199999999999996,2019-05-29,-9164.268726906635,263.3410553708803,0,False,0,11924.75,11900.0,73.0,60.65,0,58.701440281766914,-724.9627874798215,Intraday SL Hit
DRREDDY.EQ-NSE,2019-06-24,2508.0,2500.0,20.0,0.1,2019-06-27,5554.226475279106,279.10685805422645,0,False,0,11699.65,11650.0,0.05,36.0,0,59.83084964080122,2150.919044586804,No SL Hit
DRREDDY.EQ-NSE,2019-07-22,2629.1001,2600.0,14.5,43.5,2019-07-24,-7721.273145895053,266.25079813431216,0,False,0,11346.2,11300.0,84.9,36.5,0,61.694664292891005,-2986.021751775925,Intraday SL Hit
DRREDDY.EQ-NSE,2019-08-26,2570.0,2550.0,21.5,32.65,2019-08-29,-3036.9649805447466,272.3735408560311,0,False,0,11057.85,11000.0,50.1,56.3,0,63.30344506391387,392.4813593962657,No SL Hit
DRREDDY.EQ-NSE,2019-09-23,2738.0,2700.0,10.0,0.05,2019-09-26,2543.827611395179,255.6610664718773,0,False,0,11600.2,11550.0,0.05,72.0,0,60.34378717608317,4341.735487319184,No SL Hit
DRREDDY.EQ-NSE,2019-10-29,2805.0,2800.0,24.35,18.85,2019-10-31,1372.549019607843,249.55436720142603,0,False,0,11786.85,11750.0,0.05,32.75,0,59.388216529437464,1941.9946805126053,No SL Hit
DRREDDY.EQ-NSE,2019-11-25,2930.05,2900.0,17.0,0.2,2019-11-28,4013.583385949045,238.90377297315743,0,False,0,12073.75,12000.0,0.05,25.75,0,57.97701625427063,1490.009317734755,No SL Hit
DRREDDY.EQ-NSE,2019-12-23,2905.0,2900.0,20.55,40.0,2019-12-26,-4686.746987951808,240.96385542168676,0,False,0,12262.75,12200.0,73.35,15.6,0,57.08344376261442,-3296.5688772909825,No SL Hit
DRREDDY.EQ-NSE,2020-01-27,3200.0,3150.0,24.0,0.05,2020-01-30,5239.0625,218.75,0,False,0,12119.0,12050.0,14.3,38.0,0,57.760541298787025,1368.9248287812525,No SL Hit
DRREDDY.EQ-NSE,2020-02-24,3169.8999,3150.0,25.0,75.0,2020-02-25,-11041.35811985735,220.827162397147,0,False,0,11829.4,11800.0,74.95,76.0,0,59.17459888075473,62.1333288247923,Intraday SL Hit
DRREDDY.EQ-NSE,2020-03-23,2775.0,2750.0,81.0,8.0,2020-03-26,18414.414414414416,252.25225225225225,0,False,0,7610.25,7550.0,0.05,336.5,0,91.98120955290563,30947.077954075095,No SL Hit
DRREDDY.EQ-NSE,2020-04-27,3979.0,3950.0,70.45,0.05,2020-04-30,12385.021362151296,175.92359889419453,0,False,0,9282.3,9200.0,0.05,80.0,0,75.41234392338106,6029.216896674316,No SL Hit
DRREDDY.EQ-NSE,2020-05-26,3867.0,3850.0,30.85,0.05,2020-05-28,5575.381432635118,181.01887768295836,0,False,0,9029.05,8950.0,0.05,41.55,0,77.52753611952532,3217.392748960301,No SL Hit
DRREDDY.EQ-NSE,2020-06-22,4038.0,4000.0,42.3,0.15,2020-06-25,7306.8350668647845,173.3531451213472,0,False,0,10311.2,10200.0,0.05,65.85,0,67.88734579874311,4466.987353557297,No SL Hit
DRREDDY.EQ-NSE,2020-07-27,4003.0,3950.0,46.45,0.05,2020-07-30,8113.914564076944,174.8688483637272,0,False,0,11131.8,11000.0,0.05,49.0,0,62.88291201782282,3078.118543272427,No SL Hit
DRREDDY.EQ-NSE,2020-08-24,4477.7002,4450.0,23.75,24.0,2020-08-27,-39.08256296390723,156.33025185562892,0,False,0,11466.45,11350.0,0.05,32.05,0,61.047665144835584,1953.5252846347385,No SL Hit
DRREDDY.EQ-NSE,2020-09-21,5130.0,5050.0,64.1,28.0,2020-09-24,4925.925925925925,136.45224171539962,0,False,0,11250.55,11150.0,344.05,75.1,0,62.21918039562511,-16733.848567403376,No SL Hit
DRREDDY.EQ-NSE,2020-10-26,4951.2998,4900.0,65.0,0.05,2020-10-29,9182.437306664406,141.37701780853587,0,False,0,11767.75,11650.0,0.05,46.05,0,59.484608357587476,2736.291984449024,No SL Hit
DRREDDY.EQ-NSE,2020-11-23,4835.0,4800.0,70.0,0.05,2020-11-26,10127.19751809721,144.77766287487074,0,False,0,12926.45,12800.0,0.05,40.3,0,54.152532211086566,2179.6394214962343,No SL Hit
DRREDDY.EQ-NSE,2020-12-28,5198.0,5150.0,37.1,0.45,2020-12-31,4935.5521354367065,134.66717968449404,0,False,0,13873.2,13750.0,0.05,39.0,0,50.45699622293342,1965.3000028832569,No SL Hit
DRREDDY.EQ-NSE,2021-01-25,5087.0,5050.0,35.3,105.89999999999999,2021-01-27,-9714.959701199135,137.60566149007275,0,False,0,14238.9,14100.0,184.0,41.95,0,49.16110092774021,-6983.334386785497,Intraday SL Hit
DRREDDY.EQ-NSE,2021-02-22,4477.9502,4450.0,47.55,0.3,2021-02-25,7386.1920125864735,156.3215240759042,0,False,0,14675.7,14550.0,0.05,87.5,0,47.697895160026434,4171.180931744312,No SL Hit
DRREDDY.EQ-NSE,2021-03-22,4354.0,4300.0,27.0,0.05,2021-03-25,4332.797427652733,160.77170418006432,0,False,0,14736.4,14600.0,275.05,73.45,0,47.501425042751286,-9576.28728861866,No SL Hit
DRREDDY.EQ-NSE,2021-04-26,5065.0,5000.0,28.0,0.05,2021-04-29,3862.783810463968,138.20335636722606,0,False,0,14485.0,14400.0,0.05,97.65,0,48.32585433206766,4716.603382809803,No SL Hit
DRREDDY.EQ-NSE,2021-05-24,5274.3501,5200.0,18.0,0.05,2021-05-27,2382.2840277515897,132.71777313379332,0,False,0,15197.7,15100.0,0.1,55.0,0,46.059601123854264,2528.672101699599,No SL Hit
DRREDDY.EQ-NSE,2021-06-21,5298.7998,5250.0,27.25,0.15,2021-06-24,3580.0559968315847,132.10538733695884,0,False,0,15746.5,15650.0,0.05,48.3,0,44.45432318292954,2144.9210935763504,No SL Hit
DRREDDY.EQ-NSE,2021-07-26,5408.0,5350.0,32.2,96.60000000000001,2021-07-27,-8335.798816568047,129.4378698224852,0,False,0,15824.45,15750.0,98.75,41.0,0,44.23534467232668,-2554.591154826866,Intraday SL Hit
DRREDDY.EQ-NSE,2021-08-23,4510.0,4450.0,28.1,0.2,2021-08-26,4330.376940133038,155.21064301552107,0,False,0,16496.45,16400.0,0.05,45.2,0,42.43337202852735,1915.8667470880102,No SL Hit
DRREDDY.EQ-NSE,2021-09-27,4798.0,4750.0,21.0,0.55,2021-09-30,2983.534806169237,145.89412255106294,0,False,0,17855.1,17750.0,132.75,54.6,0,39.20448499308321,-3063.8305022094532,No SL Hit
DRREDDY.EQ-NSE,2021-10-25,4670.0,4650.0,44.1,90.0,2021-10-28,-6880.085653104924,149.89293361884367,0,False,0,18125.4,18050.0,191.0,79.0,0,38.619837355313535,-4325.421783795116,No SL Hit
DRREDDY.EQ-NSE,2021-11-22,4600.0,4550.0,18.85,56.550000000000004,2021-11-23,-5736.956521739131,152.17391304347825,0,False,0,17416.55,17350.0,176.2,71.15,0,40.191656786217706,-4222.133545392169,Intraday SL Hit
DRREDDY.EQ-NSE,2021-12-27,4734.0,4700.0,19.05,0.05,2021-12-30,2809.4634558512885,147.8664976763836,0,False,0,17086.25,17000.0,0.05,70.25,0,40.96861511449265,2875.996781037384,No SL Hit
DRREDDY.EQ-NSE,2022-01-24,4350.2002,4300.0,39.0,37.1,2022-01-27,305.7330556878736,160.91213457256518,0,False,0,17149.1,17050.0,0.05,123.5,0,40.81846860768204,5039.039949618348,No SL Hit
DRREDDY.EQ-NSE,2022-02-21,4299.0,4250.0,25.0,100.1,2022-02-22,-12228.425215166317,162.82856478250756,0,False,0,17206.65,17100.0,180.0,101.0,0,40.68194564310891,-3213.873705805604,Overnight SL Hit
DRREDDY.EQ-NSE,2022-03-28,4309.0498,4250.0,27.0,0.1,2022-03-31,4369.872912585044,162.4488071592953,0,False,0,17222.0,17150.0,0.05,79.0,0,40.64568575078388,3208.9768900243876,No SL Hit
DRREDDY.EQ-NSE,2022-04-25,4123.4502,4100.0,33.0,0.55,2022-04-28,5508.736348992405,169.7607503541573,0,False,0,16953.95,16850.0,0.05,85.3,0,41.28831334290829,3519.8287124829317,No SL Hit
DRREDDY.EQ-NSE,2022-05-23,4268.9502,4250.0,46.0,0.05,2022-05-26,7534.639312494205,163.97474020662034,0,False,0,16214.7,16150.0,0.05,151.35,0,43.17070312740908,6531.727383176993,No SL Hit
DRREDDY.EQ-NSE,2022-06-27,4320.0,4300.0,31.0,0.05,2022-06-30,5015.0462962962965,162.03703703703704,0,False,0,15832.05,15750.0,0.05,87.0,0,44.21410998575674,3844.4168632615488,No SL Hit
DRREDDY.EQ-NSE,2022-07-25,4324.0,4300.0,39.2,117.60000000000001,2022-07-27,-12691.951896392231,161.88714153561517,0,False,0,16631.0,16550.0,146.9,72.55,0,42.09007275569719,-3129.3969093860865,Intraday SL Hit
DRREDDY.EQ-NSE,2022-08-22,4176.0,4150.0,34.0,0.05,2022-08-25,5690.852490421456,167.62452107279694,0,False,0,17490.7,17400.0,0.05,67.4,0,40.02126844551676,2695.432429805554,No SL Hit
DRREDDY.EQ-NSE,2022-09-26,4129.8999,4100.0,30.5,0.05,2022-09-29,5161.1420412393045,169.4956335382366,0,False,0,17016.3,16900.0,81.45,85.0,0,41.137027438397304,146.03644740631032,No SL Hit
DRREDDY.EQ-NSE,2022-10-25,4441.25,4400.0,7.0,0.05,2022-10-27,1095.4123276104701,157.61328454826906,0,False,0,17656.35,17550.0,0.05,32.0,0,39.64579315656974,1266.6830913524032,No SL Hit
DRREDDY.EQ-NSE,2022-11-21,4358.0498,4300.0,14.5,0.2,2022-11-24,2296.8989477816435,160.62230404067435,0,False,0,18159.95,18050.0,0.05,30.0,0,38.54636163645825,1154.4635310119245,No SL Hit
DRREDDY.EQ-NSE,2022-12-26,4255.25,4200.0,27.9,0.05,2022-12-29,4581.399447741025,164.50267316843897,0,False,0,18014.6,17900.0,0.05,56.0,0,38.85737124332486,2174.0699210640264,No SL Hit
DRREDDY.EQ-NSE,2023-01-23,4340.0,4300.0,13.0,39.0,2023-01-24,-4193.548387096774,161.29032258064515,0,False,0,18118.55,18000.0,18.2,18.8,0,38.63443818627871,23.18066291176728,Intraday SL Hit
DRREDDY.EQ-NSE,2023-02-20,4474.25,4450.0,20.0,0.05,2023-02-23,3121.1934961166676,156.45080181035928,0,False,0,17844.6,17750.0,239.15,40.0,0,39.22755343353172,-7812.167266287842,No SL Hit
DRREDDY.EQ-NSE,2023-03-27,4486.0,4450.0,12.0,0.05,2023-03-29,1864.690147124387,156.0410164957646,0,False,0,16985.7,16900.0,0.05,35.45,0,41.21113642652349,1458.8742294989318,No SL Hit
DRREDDY.EQ-NSE,2023-04-24,4802.0,4750.0,8.55,25.650000000000002,2023-04-25,-2492.711370262391,145.7725947521866,0,False,0,17743.4,17650.0,30.6,24.3,0,39.45128892996832,-248.54312025880046,Intraday SL Hit
DRREDDY.EQ-NSE,2023-05-22,4455.0,4450.0,27.4,0.05,2023-05-25,4297.418630751964,157.12682379349047,0,False,0,18314.4,18250.0,0.05,42.15,0,38.22129035076224,1609.1163237670903,No SL Hit
DRREDDY.EQ-NSE,2023-06-26,5040.0,5000.0,24.2,0.05,2023-06-28,3354.1666666666665,138.88888888888889,0,False,0,18691.2,18650.0,0.05,38.6,0,37.450778976202706,1443.7275295326144,No SL Hit
DRREDDY.EQ-NSE,2023-07-24,5390.0,5350.0,46.3,14.35,2023-07-27,4149.350649350648,129.87012987012986,0,False,0,19672.35,19600.0,0.05,51.7,0,35.58293747315395,1837.8587204884016,No SL Hit
DRREDDY.EQ-NSE,2023-08-28,5781.95,5750.0,28.05,84.15,2023-08-30,-6791.826286979308,121.06642222779513,0,False,0,19306.05,19250.0,17.9,42.3,0,36.25806418195333,884.6967660396612,Intraday SL Hit
DRREDDY.EQ-NSE,2023-09-25,5440.1,5400.0,25.95,0.15,2023-09-28,3319.7919155897866,128.67410525541808,0,False,0,19674.55,19600.0,75.0,35.55,0,35.57895860388167,-1403.5899169231318,No SL Hit
DRREDDY.EQ-NSE,2023-10-23,5551.85,5500.0,16.05,48.150000000000006,2023-10-26,-4047.2995487990497,126.08409809342831,0,False,0,19281.75,19250.0,411.25,81.0,0,36.30375873559195,-11989.31632242924,Intraday SL Hit
DRREDDY.EQ-NSE,2023-11-28,5664.0,5650.0,24.0,0.25,2023-11-30,2935.204802259887,123.58757062146893,0,False,0,19889.7,19850.0,0.05,23.6,0,35.19409543633137,828.8209475256037,No SL Hit
DRREDDY.EQ-NSE,2023-12-26,5630.0,5600.0,26.2,0.25,2023-12-28,3226.4653641207815,124.33392539964476,0,False,0,21441.35,21400.0,0.2,49.55,0,32.647198054227,1611.1392239761021,No SL Hit
DRREDDY.EQ-NSE,2024-01-23,5683.1,5650.0,33.3,0.1,2024-01-25,4089.317449983283,123.17221234889408,0,False,0,21238.8,21200.0,0.05,111.0,0,32.9585475638925,3656.7508522138733,No SL Hit
DRREDDY.EQ-NSE,2024-02-26,6435.0,6400.0,41.85,3.0,2024-02-29,4226.107226107226,108.78010878010878,0,False,0,22122.05,22050.0,67.1,91.35,0,31.642637097375697,767.3339496113607,No SL Hit
DRREDDY.EQ-NSE,2024-03-26,6131.85,6100.0,27.0,1.0,2024-03-28,2968.109135089736,114.15804365729754,0,False,0,22004.7,21950.0,0.05,42.55,0,31.81138574940808,1351.9838943498432,No SL Hit
DRREDDY.EQ-NSE,2024-04-22,6013.0,5950.0,21.55,0.15,2024-04-25,2491.268917345751,116.41443538998836,0,False,0,22336.4,22250.0,0.15,56.75,0,31.338980319120356,1773.7862860622122,No SL Hit
DRREDDY.EQ-NSE,2024-05-27,5885.0,5850.0,23.5,3.0,2024-05-30,2438.4027187765505,118.946474086661,0,False,0,22932.45,22850.0,361.15,71.05,0,30.524431536970535,-8855.137588875152,No SL Hit
DRREDDY.EQ-NSE,2024-06-24,6070.95,6050.0,53.0,0.45,2024-06-27,6059.183488580865,115.30320625272816,0,False,0,23537.85,23450.0,0.1,73.5,0,29.739334731082067,2182.867169261424,No SL Hit
BRITANNIA.EQ-NSE,2019-01-28,3200.0,3150.0,38.7,1.75,2019-01-31,8082.812500000001,218.75,0,False,0,10661.55,10600.0,0.05,42.0,0,65.65649459975333,2754.2899484596524,No SL Hit
BRITANNIA.EQ-NSE,2019-02-25,3056.0,3050.0,32.0,0.1,2019-02-28,7306.9371727748685,229.05759162303664,0,False,0,10880.1,10850.0,47.0,36.5,0,64.33764395547834,-675.5452615325225,No SL Hit
BRITANNIA.EQ-NSE,2019-03-25,3094.0,3050.0,6.0,18.0,2019-03-26,-2714.9321266968327,226.2443438914027,0,False,0,11354.25,11300.0,29.8,30.35,0,61.650923662945594,33.90800801462012,Intraday SL Hit
BRITANNIA.EQ-NSE,2019-04-22,2998.0,2950.0,10.65,0.05,2019-04-25,2474.98332221481,233.48899266177452,0,False,0,11594.45,11550.0,0.05,32.05,0,60.3737132852356,1931.958825127539,No SL Hit
BRITANNIA.EQ-NSE,2019-05-27,2900.0,2850.0,15.85,0.05,2019-05-30,3813.793103448276,241.3793103448276,0,False,0,11924.75,11900.0,0.05,60.65,0,58.701440281766914,3557.307281075075,No SL Hit
BRITANNIA.EQ-NSE,2019-06-24,2776.0,2750.0,30.0,25.5,2019-06-27,1134.7262247838617,252.1613832853026,0,False,0,11699.65,11650.0,0.05,36.0,0,59.83084964080122,2150.919044586804,No SL Hit
BRITANNIA.EQ-NSE,2019-07-22,2725.25,2700.0,14.95,44.849999999999994,2019-07-24,-7680.0293551050345,256.85716906705807,0,False,0,11346.2,11300.0,84.9,36.5,0,61.694664292891005,-2986.021751775925,Intraday SL Hit
BRITANNIA.EQ-NSE,2019-08-26,2527.0,2500.0,14.35,0.05,2019-08-29,3961.218836565097,277.0083102493075,0,False,0,11057.85,11000.0,50.1,56.3,0,63.30344506391387,392.4813593962657,No SL Hit
BRITANNIA.EQ-NSE,2019-09-23,3055.0,3000.0,35.5,0.05,2019-09-26,8122.749590834697,229.13256955810147,0,False,0,11600.2,11550.0,0.05,72.0,0,60.34378717608317,4341.735487319184,No SL Hit
BRITANNIA.EQ-NSE,2019-10-29,3356.25,3350.0,20.65,61.949999999999996,2019-10-30,-8613.780260707634,208.56610800744878,0,False,0,11786.85,11750.0,34.3,32.75,0,59.388216529437464,-92.0517356206279,Intraday SL Hit
BRITANNIA.EQ-NSE,2019-11-25,3043.0,3000.0,13.35,0.3,2019-11-28,3001.9717384160367,230.03614853762735,0,False,0,12073.75,12000.0,0.05,25.75,0,57.97701625427063,1490.009317734755,No SL Hit
BRITANNIA.EQ-NSE,2019-12-23,3092.0,3050.0,7.45,0.05,2019-12-26,1675.2910737386806,226.39068564036222,0,False,0,12262.75,12200.0,73.35,15.6,0,57.08344376261442,-3296.5688772909825,No SL Hit
BRITANNIA.EQ-NSE,2020-01-27,3173.0,3150.0,18.9,0.2,2020-01-30,4125.433343838638,220.6114087614245,0,False,0,12119.0,12050.0,14.3,38.0,0,57.760541298787025,1368.9248287812525,No SL Hit
BRITANNIA.EQ-NSE,2020-02-24,3026.0,3000.0,17.5,0.05,2020-02-27,4036.682088565763,231.32848645076007,0,False,0,11829.4,11800.0,166.75,76.0,0,59.17459888075473,-5370.094848428492,No SL Hit
BRITANNIA.EQ-NSE,2020-03-23,2156.8999,2200.0,30.45,2.0,2020-03-26,9233.159128061528,324.53986390374445,0,False,0,7610.25,7550.0,0.05,336.5,0,91.98120955290563,30947.077954075095,No SL Hit
BRITANNIA.EQ-NSE,2020-04-27,3277.0,3200.0,74.9,30.0,2020-04-30,9591.08941104669,213.61000915471467,0,False,0,9282.3,9200.0,0.05,80.0,0,75.41234392338106,6029.216896674316,No SL Hit
BRITANNIA.EQ-NSE,2020-05-26,3166.0,3150.0,29.6,0.05,2020-05-28,6533.48073278585,221.09917877447884,0,False,0,9029.05,8950.0,0.05,41.55,0,77.52753611952532,3217.392748960301,No SL Hit
BRITANNIA.EQ-NSE,2020-06-22,3427.0,3400.0,35.65,0.05,2020-06-25,7271.666180332652,204.26028596440034,0,False,0,10311.2,10200.0,0.05,65.85,0,67.88734579874311,4466.987353557297,No SL Hit
BRITANNIA.EQ-NSE,2020-07-27,3770.8,3700.0,18.05,0.5,2020-07-30,3257.929351861674,185.6370001060783,0,False,0,11131.8,11000.0,0.05,49.0,0,62.88291201782282,3078.118543272427,No SL Hit
BRITANNIA.EQ-NSE,2020-08-24,3909.8999,3850.0,45.0,30.0,2020-08-27,2685.490746195318,179.0327164130212,0,False,0,11466.45,11350.0,0.05,32.05,0,61.047665144835584,1953.5252846347385,No SL Hit
BRITANNIA.EQ-NSE,2020-09-21,3640.0,3600.0,34.0,2.0,2020-09-24,6153.846153846154,192.30769230769232,0,False,0,11250.55,11150.0,344.05,75.1,0,62.21918039562511,-16733.848567403376,No SL Hit
BRITANNIA.EQ-NSE,2020-10-26,3482.0,3450.0,23.05,0.05,2020-10-29,4623.779437105112,201.03388856978748,0,False,0,11767.75,11650.0,0.05,46.05,0,59.484608357587476,2736.291984449024,No SL Hit
BRITANNIA.EQ-NSE,2020-11-23,3552.0,3500.0,21.45,0.05,2020-11-26,4217.342342342342,197.07207207207207,0,False,0,12926.45,12800.0,0.05,40.3,0,54.152532211086566,2179.6394214962343,No SL Hit
BRITANNIA.EQ-NSE,2020-12-28,3606.3,3550.0,12.0,0.05,2020-12-31,2319.5518952943457,194.10476111249756,0,False,0,13873.2,13750.0,0.05,39.0,0,50.45699622293342,1965.3000028832569,No SL Hit
BRITANNIA.EQ-NSE,2021-01-25,3608.0,3550.0,7.25,0.65,2021-01-28,1280.4878048780486,194.01330376940132,0,False,0,14238.9,14100.0,282.5,41.95,0,49.16110092774021,-11825.702828167907,No SL Hit
BRITANNIA.EQ-NSE,2021-02-22,3338.0,3300.0,15.5,0.2,2021-02-25,3208.5080886758537,209.7064110245656,0,False,0,14675.7,14550.0,0.05,87.5,0,47.697895160026434,4171.180931744312,No SL Hit
BRITANNIA.EQ-NSE,2021-03-22,3555.1001,3500.0,12.6,37.8,2021-03-25,-4961.885602039728,196.90022230316384,0,False,0,14736.4,14600.0,341.55,73.45,0,47.501425042751286,-12735.13205396162,Intraday SL Hit
BRITANNIA.EQ-NSE,2021-04-26,3545.0,3500.0,46.75,42.0,2021-04-29,937.9407616361073,197.46121297602258,0,False,0,14485.0,14400.0,0.05,97.65,0,48.32585433206766,4716.603382809803,No SL Hit
BRITANNIA.EQ-NSE,2021-05-24,3385.0,3350.0,17.0,0.15,2021-05-27,3484.4903988183164,206.79468242245198,0,False,0,15197.7,15100.0,0.1,55.0,0,46.059601123854264,2528.672101699599,No SL Hit
BRITANNIA.EQ-NSE,2021-06-21,3650.0,3640.0,22.2,0.05,2021-06-24,4247.945205479452,191.78082191780823,0,False,0,15746.5,15650.0,0.05,48.3,0,44.45432318292954,2144.9210935763504,No SL Hit
BRITANNIA.EQ-NSE,2021-07-26,3481.0,3460.0,15.1,45.3,2021-07-28,-6072.967538063774,201.09164033323756,0,False,0,15824.45,15750.0,257.0,41.0,0,44.23534467232668,-9554.834449222564,Intraday SL Hit
BRITANNIA.EQ-NSE,2021-08-23,3862.0,3840.0,33.8,0.1,2021-08-26,6108.234075608492,181.25323666494046,0,False,0,16496.45,16400.0,0.05,45.2,0,42.43337202852735,1915.8667470880102,No SL Hit
BRITANNIA.EQ-NSE,2021-09-27,4009.8999,3980.0,19.95,16.15,2021-09-30,663.3582050265146,174.56794869118804,0,False,0,17855.1,17750.0,132.75,54.6,0,39.20448499308321,-3063.8305022094532,No SL Hit
BRITANNIA.EQ-NSE,2021-10-25,3626.0,3600.0,12.05,0.1,2021-10-28,2306.949806949807,193.05019305019306,0,False,0,18125.4,18050.0,191.0,79.0,0,38.619837355313535,-4325.421783795116,No SL Hit
BRITANNIA.EQ-NSE,2021-11-22,3585.0,3560.0,18.9,3.0,2021-11-25,3104.602510460251,195.25801952580196,0,False,0,17416.55,17350.0,0.05,71.15,0,40.191656786217706,2857.626797500079,No SL Hit
BRITANNIA.EQ-NSE,2021-12-27,3509.0,3480.0,3.5,0.65,2021-12-30,568.5380450270733,199.48703334283272,0,False,0,17086.25,17000.0,0.05,70.25,0,40.96861511449265,2875.996781037384,No SL Hit
BRITANNIA.EQ-NSE,2022-01-24,3509.0,3480.0,10.0,40.35,2022-01-25,-6054.431461954973,199.48703334283272,0,False,0,17149.1,17050.0,189.95,123.5,0,40.81846860768204,-2712.3872389804715,Overnight SL Hit
BRITANNIA.EQ-NSE,2022-02-21,3456.05,3440.0,17.4,0.05,2022-02-24,3514.127399777202,202.54336598139494,0,False,0,17206.65,17100.0,852.0,101.0,0,40.68194564310891,-30552.14117797479,No SL Hit
BRITANNIA.EQ-NSE,2022-03-28,3088.3501,3060.0,16.3,0.2,2022-03-31,3649.197673540963,226.65824059260638,0,False,0,17222.0,17150.0,0.05,79.0,0,40.64568575078388,3208.9768900243876,No SL Hit
BRITANNIA.EQ-NSE,2022-04-25,3310.0,3280.0,34.65,0.15,2022-04-28,7296.072507552871,211.48036253776436,0,False,0,16953.95,16850.0,0.05,85.3,0,41.28831334290829,3519.8287124829317,No SL Hit
BRITANNIA.EQ-NSE,2022-05-23,3475.0,3460.0,30.4,0.05,2022-05-26,6113.669064748201,201.4388489208633,0,False,0,16214.7,16150.0,0.05,151.35,0,43.17070312740908,6531.727383176993,No SL Hit
BRITANNIA.EQ-NSE,2022-06-27,3463.0,3440.0,25.75,2.5,2022-06-30,4699.682356338435,202.13687554143806,0,False,0,15832.05,15750.0,0.05,87.0,0,44.21410998575674,3844.4168632615488,No SL Hit
BRITANNIA.EQ-NSE,2022-07-25,3880.0,3850.0,17.6,52.800000000000004,2022-07-26,-6350.515463917526,180.41237113402062,0,False,0,16631.0,16550.0,129.0,72.55,0,42.09007275569719,-2375.9846070591066,Intraday SL Hit
BRITANNIA.EQ-NSE,2022-08-22,3675.0,3650.0,27.6,11.0,2022-08-25,3161.9047619047624,190.47619047619048,0,False,0,17490.7,17400.0,0.05,67.4,0,40.02126844551676,2695.432429805554,No SL Hit
BRITANNIA.EQ-NSE,2022-09-26,3791.6001,3750.0,22.0,0.05,2022-09-29,4052.378836048664,184.61862578809405,0,False,0,17016.3,16900.0,81.45,85.0,0,41.137027438397304,146.03644740631032,No SL Hit
BRITANNIA.EQ-NSE,2022-10-25,3695.0,3650.0,8.4,0.2,2022-10-27,1553.4506089309882,189.4451962110961,0,False,0,17656.35,17550.0,0.05,32.0,0,39.64579315656974,1266.6830913524032,No SL Hit
BRITANNIA.EQ-NSE,2022-11-21,4124.2002,4100.0,16.6,0.05,2022-11-24,2809.029493767058,169.72987877746573,0,False,0,18159.95,18050.0,0.05,30.0,0,38.54636163645825,1154.4635310119245,No SL Hit
BRITANNIA.EQ-NSE,2022-12-26,4372.0,4350.0,16.0,3.0,2022-12-29,2081.427264409881,160.10978956999085,0,False,0,18014.6,17900.0,0.05,56.0,0,38.85737124332486,2174.0699210640264,No SL Hit
BRITANNIA.EQ-NSE,2023-01-23,4340.0,4300.0,4.8,1.0,2023-01-25,612.9032258064516,161.29032258064515,0,False,0,18118.55,18000.0,108.0,18.8,0,38.63443818627871,-3446.191886216061,No SL Hit
BRITANNIA.EQ-NSE,2023-02-20,4447.0,4400.0,12.6,0.05,2023-02-23,1975.4890937710813,157.40948954351248,0,False,0,17844.6,17750.0,239.15,40.0,0,39.22755343353172,-7812.167266287842,No SL Hit
BRITANNIA.EQ-NSE,2023-03-27,4202.0,4150.0,4.9,14.700000000000001,2023-03-28,-1632.5559257496432,166.58733936220847,0,False,0,16985.7,16900.0,52.7,35.45,0,41.21113642652349,-710.8921033575301,Intraday SL Hit
BRITANNIA.EQ-NSE,2023-04-24,4313.4502,4300.0,16.25,0.1,2023-04-27,2620.8718023451383,162.2830837365411,0,False,0,17743.4,17650.0,0.05,24.3,0,39.45128892996832,956.6937565517318,No SL Hit
BRITANNIA.EQ-NSE,2023-05-22,4499.8501,4450.0,12.8,0.05,2023-05-25,1983.3994025712102,155.5607374565655,0,False,0,18314.4,18250.0,0.05,42.15,0,38.22129035076224,1609.1163237670903,No SL Hit
BRITANNIA.EQ-NSE,2023-06-26,5008.2998,5000.0,28.0,0.05,2023-06-28,3906.5153407948937,139.76799072611428,0,False,0,18691.2,18650.0,0.05,38.6,0,37.450778976202706,1443.7275295326144,No SL Hit
BRITANNIA.EQ-NSE,2023-07-24,4972.9502,4950.0,30.0,90.0,2023-07-27,-8445.690849669076,140.76151416115127,0,False,0,19672.35,19600.0,15.0,51.7,0,35.58293747315395,1305.89380526475,Intraday SL Hit
BRITANNIA.EQ-NSE,2023-08-28,4518.8,4500.0,23.05,46.25,2023-08-31,-3593.874479950429,154.908382756484,0,False,0,19306.05,19250.0,0.05,42.3,0,36.25806418195333,1531.9032116875283,No SL Hit
BRITANNIA.EQ-NSE,2023-09-25,4585.0,4550.0,23.65,20.0,2023-09-28,557.2519083969464,152.67175572519085,0,False,0,19674.55,19600.0,75.0,35.55,0,35.57895860388167,-1403.5899169231318,No SL Hit
BRITANNIA.EQ-NSE,2023-10-23,4521.3,4500.0,9.5,0.1,2023-10-26,1455.3336429787894,154.82272797646695,0,False,0,19281.75,19250.0,395.25,81.0,0,36.30375873559195,-11408.45618265977,No SL Hit
BRITANNIA.EQ-NSE,2023-11-28,4717.0,4700.0,15.65,0.05,2023-11-30,2315.03073987704,148.39940640237438,0,False,0,19889.7,19850.0,0.05,23.6,0,35.19409543633137,828.8209475256037,No SL Hit
BRITANNIA.EQ-NSE,2023-12-26,5237.9,5200.0,31.0,0.1,2023-12-28,4129.517554745222,133.64134481376124,0,False,0,21441.35,21400.0,0.2,49.55,0,32.647198054227,1611.1392239761021,No SL Hit
BRITANNIA.EQ-NSE,2024-01-23,5030.7,5000.0,24.75,0.05,2024-01-25,3436.8974496590927,139.14564573518595,0,False,0,21238.8,21200.0,0.05,111.0,0,32.9585475638925,3656.7508522138733,No SL Hit
HEROMOTOCO.EQ-NSE,2019-01-28,2598.6499,2550.0,21.05,0.05,2019-01-31,5656.7835474874855,269.3706451184517,0,False,0,10661.55,10600.0,0.05,42.0,0,65.65649459975333,2754.2899484596524,No SL Hit
HEROMOTOCO.EQ-NSE,2019-02-25,2715.0,2700.0,25.55,76.65,2019-02-26,-13174.95395948435,257.8268876611418,0,False,0,10880.1,10850.0,146.0,36.5,0,64.33764395547834,-7044.972013124879,Intraday SL Hit
HEROMOTOCO.EQ-NSE,2019-03-25,2571.0,2500.0,10.25,0.05,2019-03-28,2777.129521586931,272.2676001555815,0,False,0,11354.25,11300.0,0.1,30.35,0,61.650923662945594,1864.9404408041041,No SL Hit
HEROMOTOCO.EQ-NSE,2019-04-22,2692.0,2650.0,10.0,30.0,2019-04-23,-5200.594353640417,260.0297176820208,0,False,0,11594.45,11550.0,39.9,32.05,0,60.3737132852356,-473.93364928909955,Intraday SL Hit
HEROMOTOCO.EQ-NSE,2019-05-27,2811.95,2800.0,20.65,61.949999999999996,2019-05-28,-10281.121641565462,248.93757001369158,0,False,0,11924.75,11900.0,83.1,60.65,0,58.701440281766914,-1317.847334325667,Intraday SL Hit
HEROMOTOCO.EQ-NSE,2019-06-24,2572.0,2550.0,19.45,0.05,2019-06-27,5279.937791601866,272.1617418351477,0,False,0,11699.65,11650.0,0.05,36.0,0,59.83084964080122,2150.919044586804,No SL Hit
HEROMOTOCO.EQ-NSE,2019-07-22,2412.8999,2400.0,25.25,10.0,2019-07-25,4424.137114017867,290.10735173887656,0,False,0,11346.2,11300.0,40.0,36.5,0,61.694664292891005,-215.93132502511853,No SL Hit
HEROMOTOCO.EQ-NSE,2019-08-26,2586.0,2550.0,21.05,1.8,2019-08-29,5210.750193348801,270.68832173240526,0,False,0,11057.85,11000.0,50.1,56.3,0,63.30344506391387,392.4813593962657,No SL Hit
HEROMOTOCO.EQ-NSE,2019-09-23,2823.6001,2800.0,51.0,39.7,2019-09-26,2801.3881994125154,247.9104601250014,0,False,0,11600.2,11550.0,0.05,72.0,0,60.34378717608317,4341.735487319184,No SL Hit
HEROMOTOCO.EQ-NSE,2019-10-29,2700.0,2700.0,24.0,2.0,2019-10-31,5703.7037037037035,259.25925925925924,0,False,0,11786.85,11750.0,0.05,32.75,0,59.388216529437464,1941.9946805126053,No SL Hit
HEROMOTOCO.EQ-NSE,2019-11-25,2476.0,2450.0,18.0,0.1,2019-11-28,5060.5815831987065,282.7140549273021,0,False,0,12073.75,12000.0,0.05,25.75,0,57.97701625427063,1490.009317734755,No SL Hit
HEROMOTOCO.EQ-NSE,2019-12-23,2419.0,2400.0,15.35,0.35,2019-12-26,4340.63662670525,289.37577511368335,0,False,0,12262.75,12200.0,73.35,15.6,0,57.08344376261442,-3296.5688772909825,No SL Hit
HEROMOTOCO.EQ-NSE,2020-01-27,2455.0,2450.0,29.7,0.05,2020-01-30,8454.17515274949,285.132382892057,0,False,0,12119.0,12050.0,14.3,38.0,0,57.760541298787025,1368.9248287812525,No SL Hit
HEROMOTOCO.EQ-NSE,2020-02-24,2182.0,2150.0,16.0,48.0,2020-02-27,-10265.811182401467,320.80659945004584,0,False,0,11829.4,11800.0,260.55,76.0,0,59.17459888075473,-10920.672223443285,Intraday SL Hit
HEROMOTOCO.EQ-NSE,2020-03-23,1615.15,1600.0,87.0,2.0,2020-03-26,36838.68371358697,433.39627898337613,0,False,0,7610.25,7550.0,0.05,336.5,0,91.98120955290563,30947.077954075095,No SL Hit
HEROMOTOCO.EQ-NSE,2020-04-27,1942.0,1900.0,26.25,0.1,2020-04-30,9425.84963954686,360.4531410916581,0,False,0,9282.3,9200.0,0.05,80.0,0,75.41234392338106,6029.216896674316,No SL Hit
HEROMOTOCO.EQ-NSE,2020-05-26,2115.0,2100.0,23.0,0.05,2020-05-28,7595.744680851063,330.9692671394799,0,False,0,9029.05,8950.0,0.05,41.55,0,77.52753611952532,3217.392748960301,No SL Hit
HEROMOTOCO.EQ-NSE,2020-06-22,2414.0,2400.0,31.0,1.7,2020-06-25,8496.271748135874,289.9751449875725,0,False,0,10311.2,10200.0,0.05,65.85,0,67.88734579874311,4466.987353557297,No SL Hit
HEROMOTOCO.EQ-NSE,2020-07-27,2740.0,2700.0,30.0,1.05,2020-07-30,7395.985401459853,255.47445255474452,0,False,0,11131.8,11000.0,0.05,49.0,0,62.88291201782282,3078.118543272427,No SL Hit
HEROMOTOCO.EQ-NSE,2020-08-24,3015.0,2950.0,13.35,0.05,2020-08-27,3087.893864013267,232.17247097844114,0,False,0,11466.45,11350.0,0.05,32.05,0,61.047665144835584,1953.5252846347385,No SL Hit
HEROMOTOCO.EQ-NSE,2020-09-21,3042.8999,3000.0,25.0,75.0,2020-09-24,-11502.185793229675,230.0437158645935,0,False,0,11250.55,11150.0,351.05,75.1,0,62.21918039562511,-17169.38283017275,Intraday SL Hit
HEROMOTOCO.EQ-NSE,2020-10-26,2902.0,2850.0,34.3,0.05,2020-10-29,8261.543762922123,241.2129565816678,0,False,0,11767.75,11650.0,0.05,46.05,0,59.484608357587476,2736.291984449024,No SL Hit
HEROMOTOCO.EQ-NSE,2020-11-23,3063.1001,3000.0,20.05,0.15,2020-11-26,4547.680305974983,228.5266485414564,0,False,0,12926.45,12800.0,0.05,40.3,0,54.152532211086566,2179.6394214962343,No SL Hit
HEROMOTOCO.EQ-NSE,2020-12-28,3081.0,3050.0,30.55,0.05,2020-12-31,6929.568321973385,227.19896137617656,0,False,0,13873.2,13750.0,0.05,39.0,0,50.45699622293342,1965.3000028832569,No SL Hit
HEROMOTOCO.EQ-NSE,2021-01-25,3455.0,3400.0,25.45,35.0,2021-01-28,-1934.8769898697542,202.60492040520984,0,False,0,14238.9,14100.0,282.5,41.95,0,49.16110092774021,-11825.702828167907,No SL Hit
HEROMOTOCO.EQ-NSE,2021-02-22,3375.1001,3350.0,31.0,0.1,2021-02-25,6408.69881162932,207.40125603978382,0,False,0,14675.7,14550.0,0.05,87.5,0,47.697895160026434,4171.180931744312,No SL Hit
HEROMOTOCO.EQ-NSE,2021-03-22,3100.0,3050.0,15.25,45.75,2021-03-25,-6887.096774193548,225.80645161290323,0,False,0,14736.4,14600.0,341.55,73.45,0,47.501425042751286,-12735.13205396162,Intraday SL Hit
HEROMOTOCO.EQ-NSE,2021-04-26,2865.05,2850.0,27.6,0.55,2021-04-29,6608.959704019127,244.3238337899862,0,False,0,14485.0,14400.0,0.05,97.65,0,48.32585433206766,4716.603382809803,No SL Hit
HEROMOTOCO.EQ-NSE,2021-05-24,2907.5,2900.0,23.0,0.05,2021-05-27,5525.36543422184,240.7566638005159,0,False,0,15197.7,15100.0,0.1,55.0,0,46.059601123854264,2528.672101699599,No SL Hit
HEROMOTOCO.EQ-NSE,2021-06-21,2894.7,2850.0,8.8,0.1,2021-06-24,2103.844958026739,241.82125954330328,0,False,0,15746.5,15650.0,0.05,48.3,0,44.45432318292954,2144.9210935763504,No SL Hit
HEROMOTOCO.EQ-NSE,2021-07-26,2810.0,2800.0,11.5,34.5,2021-07-28,-5729.537366548043,249.1103202846975,0,False,0,15824.45,15750.0,257.0,41.0,0,44.23534467232668,-9554.834449222564,Intraday SL Hit
HEROMOTOCO.EQ-NSE,2021-08-23,2674.75,2650.0,14.4,0.05,2021-08-26,3755.4911673988217,261.7067015608935,0,False,0,16496.45,16400.0,0.05,45.2,0,42.43337202852735,1915.8667470880102,No SL Hit
HEROMOTOCO.EQ-NSE,2021-09-27,2914.8999,2900.0,20.85,62.550000000000004,2021-09-30,-10014.066006177434,240.1454677740392,0,False,0,17855.1,17750.0,170.6,54.6,0,39.20448499308321,-4547.720259197653,Intraday SL Hit
HEROMOTOCO.EQ-NSE,2021-10-25,2685.1499,2660.0,17.0,40.0,2021-10-28,-5995.9408597635465,260.69308085928463,0,False,0,18125.4,18050.0,191.0,79.0,0,38.619837355313535,-4325.421783795116,No SL Hit
HEROMOTOCO.EQ-NSE,2021-11-22,2640.0,2620.0,15.1,25.0,2021-11-25,-2625.0,265.1515151515151,0,False,0,17416.55,17350.0,0.05,71.15,0,40.191656786217706,2857.626797500079,No SL Hit
HEROMOTOCO.EQ-NSE,2021-12-27,2403.0,2380.0,8.1,0.05,2021-12-30,2344.985434873075,291.3025384935497,0,False,0,17086.25,17000.0,0.05,70.25,0,40.96861511449265,2875.996781037384,No SL Hit
HEROMOTOCO.EQ-NSE,2022-01-24,2712.0,2700.0,17.5,0.05,2022-01-27,4504.05604719764,258.1120943952802,0,False,0,17149.1,17050.0,0.05,123.5,0,40.81846860768204,5039.039949618348,No SL Hit
HEROMOTOCO.EQ-NSE,2022-02-21,2713.6001,2700.0,22.0,66.0,2022-02-22,-11350.235430784365,257.9598961541901,0,False,0,17206.65,17100.0,316.55,101.0,0,40.68194564310891,-8768.993383372126,Intraday SL Hit
HEROMOTOCO.EQ-NSE,2022-03-28,2375.95,2360.0,18.05,54.150000000000006,2022-03-29,-10635.745701719316,294.6189945074602,0,False,0,17222.0,17150.0,63.25,79.0,0,40.64568575078388,640.1695505748462,Intraday SL Hit
HEROMOTOCO.EQ-NSE,2022-04-25,2289.0,2280.0,24.7,0.25,2022-04-28,7477.064220183485,305.8103975535168,0,False,0,16953.95,16850.0,0.05,85.3,0,41.28831334290829,3519.8287124829317,No SL Hit
HEROMOTOCO.EQ-NSE,2022-05-23,2621.8,2600.0,23.95,1.0,2022-05-26,6127.469677320924,266.99214280265466,0,False,0,16214.7,16150.0,0.05,151.35,0,43.17070312740908,6531.727383176993,No SL Hit
HEROMOTOCO.EQ-NSE,2022-06-27,2760.0,2740.0,26.05,3.05,2022-06-30,5833.333333333333,253.6231884057971,0,False,0,15832.05,15750.0,0.05,87.0,0,44.21410998575674,3844.4168632615488,No SL Hit
HEROMOTOCO.EQ-NSE,2022-07-25,2832.25,2800.0,25.0,15.0,2022-07-28,2471.5332332950834,247.15332332950834,0,False,0,16631.0,16550.0,0.05,72.55,0,42.09007275569719,3051.5302747880464,No SL Hit
HEROMOTOCO.EQ-NSE,2022-08-22,2785.0,2760.0,19.1,0.05,2022-08-25,4788.150807899461,251.34649910233392,0,False,0,17490.7,17400.0,0.05,67.4,0,40.02126844551676,2695.432429805554,No SL Hit
HEROMOTOCO.EQ-NSE,2022-09-26,2722.0,2700.0,18.2,54.599999999999994,2022-09-27,-9360.764144011755,257.1638501102131,0,False,0,17016.3,16900.0,116.0,85.0,0,41.137027438397304,-1275.2478505903164,Intraday SL Hit
HEROMOTOCO.EQ-NSE,2022-10-25,2585.0,2550.0,3.0,9.0,2022-10-27,-1624.7582205029014,270.79303675048357,0,False,0,17656.35,17550.0,8.8,32.0,0,39.64579315656974,919.7824012324179,Intraday SL Hit
HEROMOTOCO.EQ-NSE,2022-11-21,2668.25,2650.0,8.0,0.2,2022-11-24,2046.2850182704017,262.34423311159,0,False,0,18159.95,18050.0,0.05,30.0,0,38.54636163645825,1154.4635310119245,No SL Hit
HEROMOTOCO.EQ-NSE,2022-12-26,2690.0,2650.0,7.0,0.05,2022-12-29,1808.5501858736059,260.2230483271375,0,False,0,18014.6,17900.0,0.05,56.0,0,38.85737124332486,2174.0699210640264,No SL Hit
HEROMOTOCO.EQ-NSE,2023-01-23,2775.25,2750.0,5.1,0.4,2023-01-25,1185.4787856949822,252.22952887127286,0,False,0,18118.55,18000.0,108.0,18.8,0,38.63443818627871,-3446.191886216061,No SL Hit
HEROMOTOCO.EQ-NSE,2023-02-20,2531.5,2515.0,11.0,33.0,2023-02-23,-6083.349792613075,276.5158996642307,0,False,0,17844.6,17750.0,290.05,40.0,0,39.22755343353172,-9808.849736054606,Intraday SL Hit
HEROMOTOCO.EQ-NSE,2023-03-27,2310.7,2295.0,8.8,26.400000000000002,2023-03-28,-5331.717661314754,302.93850348379283,0,False,0,16985.7,16900.0,52.7,35.45,0,41.21113642652349,-710.8921033575301,Intraday SL Hit
HEROMOTOCO.EQ-NSE,2023-04-24,2501.55,2480.0,7.9,0.05,2023-04-27,2196.6380843876796,279.8265075653095,0,False,0,17743.4,17650.0,0.05,24.3,0,39.45128892996832,956.6937565517318,No SL Hit
HEROMOTOCO.EQ-NSE,2023-05-22,2691.0,2680.0,12.35,0.05,2023-05-25,3199.5540691192864,260.12634708286885,0,False,0,18314.4,18250.0,0.05,42.15,0,38.22129035076224,1609.1163237670903,No SL Hit
HEROMOTOCO.EQ-NSE,2023-06-26,2848.1499,2820.0,11.4,0.05,2023-06-28,2789.530143761043,245.77358094810953,0,False,0,18691.2,18650.0,0.05,38.6,0,37.450778976202706,1443.7275295326144,No SL Hit
HEROMOTOCO.EQ-NSE,2023-07-24,3132.0,3120.0,42.15,1.4,2023-07-27,9107.598978288634,223.4993614303959,0,False,0,19672.35,19600.0,0.05,51.7,0,35.58293747315395,1837.8587204884016,No SL Hit
HEROMOTOCO.EQ-NSE,2023-08-28,2945.0,2920.0,20.5,3.0,2023-08-31,4159.592529711375,237.69100169779287,0,False,0,19306.05,19250.0,0.05,42.3,0,36.25806418195333,1531.9032116875283,No SL Hit
HEROMOTOCO.EQ-NSE,2023-09-25,2973.3,2960.0,8.8,0.5,2023-09-28,1954.0577809168265,235.42864830323208,0,False,0,19674.55,19600.0,75.0,35.55,0,35.57895860388167,-1403.5899169231318,No SL Hit
HEROMOTOCO.EQ-NSE,2023-10-23,3145.0,3120.0,10.35,31.049999999999997,2023-10-25,-4607.313195548489,222.57551669316376,0,False,0,19281.75,19250.0,200.25,81.0,0,36.30375873559195,-4329.22322921934,Intraday SL Hit
HEROMOTOCO.EQ-NSE,2023-11-28,3625.0,3600.0,13.15,0.2,2023-11-30,2500.689655172414,193.10344827586206,0,False,0,19889.7,19850.0,0.05,23.6,0,35.19409543633137,828.8209475256037,No SL Hit
HEROMOTOCO.EQ-NSE,2023-12-26,4051.9,4020.0,36.0,0.05,2023-12-28,6210.666600853921,172.75845899454578,0,False,0,21441.35,21400.0,0.2,49.55,0,32.647198054227,1611.1392239761021,No SL Hit
HEROMOTOCO.EQ-NSE,2024-01-23,4431.6,4400.0,42.3,1.0,2024-01-25,6523.603213286397,157.95649426843576,0,False,0,21238.8,21200.0,0.05,111.0,0,32.9585475638925,3656.7508522138733,No SL Hit
HEROMOTOCO.EQ-NSE,2024-02-26,4496.9,4450.0,52.0,37.9,2024-02-29,2194.8453378994423,155.66278992194626,0,False,0,22122.05,22050.0,67.1,91.35,0,31.642637097375697,767.3339496113607,No SL Hit
HEROMOTOCO.EQ-NSE,2024-03-26,4673.95,4650.0,29.05,0.1,2024-03-28,4335.733159319206,149.76625766214872,0,False,0,22004.7,21950.0,0.05,42.55,0,31.81138574940808,1351.9838943498432,No SL Hit
HEROMOTOCO.EQ-NSE,2024-04-22,4320.0,4300.0,26.95,0.4,2024-04-25,4302.083333333333,162.03703703703704,0,False,0,22336.4,22250.0,0.15,56.75,0,31.338980319120356,1773.7862860622122,No SL Hit
HEROMOTOCO.EQ-NSE,2024-05-27,5095.0,5050.0,32.95,0.3,2024-05-30,4485.77036310108,137.38959764474976,0,False,0,22932.45,22850.0,361.15,71.05,0,30.524431536970535,-8855.137588875152,No SL Hit
HEROMOTOCO.EQ-NSE,2024-06-24,5520.0,5450.0,27.15,0.05,2024-06-27,3436.5942028985505,126.81159420289855,0,False,0,23537.85,23450.0,0.1,73.5,0,29.739334731082067,2182.867169261424,No SL Hit
DIVISLAB.EQ-NSE,2019-01-28,1473.0,1460.0,10.0,0.05,2019-01-31,4728.4453496266115,475.22063815342835,0,False,0,10661.55,10600.0,0.05,42.0,0,65.65649459975333,2754.2899484596524,No SL Hit
DIVISLAB.EQ-NSE,2019-02-25,1593.0,1580.0,11.55,0.05,2019-02-28,5053.358443188952,439.4224733207784,0,False,0,10880.1,10850.0,47.0,36.5,0,64.33764395547834,-675.5452615325225,No SL Hit
DIVISLAB.EQ-NSE,2019-03-25,1708.65,1700.0,16.4,49.199999999999996,2019-03-28,-13437.509144646356,409.6801568489743,0,False,0,11354.25,11300.0,9.5,30.35,0,61.650923662945594,1285.4217583724158,Intraday SL Hit
DIVISLAB.EQ-NSE,2019-04-22,1704.0,1680.0,11.0,0.05,2019-04-25,4498.239436619718,410.7981220657277,0,False,0,11594.45,11550.0,0.05,32.05,0,60.3737132852356,1931.958825127539,No SL Hit
DIVISLAB.EQ-NSE,2019-05-27,1593.0,1580.0,20.0,0.05,2019-05-30,8766.47834274953,439.4224733207784,0,False,0,11924.75,11900.0,0.05,60.65,0,58.701440281766914,3557.307281075075,No SL Hit
DIVISLAB.EQ-NSE,2019-06-24,1576.9,1560.0,10.0,0.1,2019-06-27,4394.698459001839,443.908935252711,0,False,0,11699.65,11650.0,0.05,36.0,0,59.83084964080122,2150.919044586804,No SL Hit
DIVISLAB.EQ-NSE,2019-07-22,1628.0,1620.0,20.75,0.3,2019-07-25,8792.997542997542,429.97542997542996,0,False,0,11346.2,11300.0,40.0,36.5,0,61.694664292891005,-215.93132502511853,No SL Hit
DIVISLAB.EQ-NSE,2019-08-26,1624.5,1600.0,5.3,15.899999999999999,2019-08-27,-4567.559248999692,430.9018159433672,0,False,0,11057.85,11000.0,63.1,56.3,0,63.30344506391387,-430.4634264346146,Intraday SL Hit
DIVISLAB.EQ-NSE,2019-09-23,1614.0,1600.0,18.3,0.05,2019-09-26,7915.117719950434,433.70508054522924,0,False,0,11600.2,11550.0,0.05,72.0,0,60.34378717608317,4341.735487319184,No SL Hit
DIVISLAB.EQ-NSE,2019-10-29,1746.2,1740.0,8.0,1.0,2019-10-31,2806.09323101592,400.87046157370287,0,False,0,11786.85,11750.0,0.05,32.75,0,59.388216529437464,1941.9946805126053,No SL Hit
DIVISLAB.EQ-NSE,2019-11-25,1765.0,1740.0,5.2,0.1,2019-11-28,2022.6628895184137,396.60056657223794,0,False,0,12073.75,12000.0,0.05,25.75,0,57.97701625427063,1490.009317734755,No SL Hit
DIVISLAB.EQ-NSE,2019-12-23,1806.15,1780.0,5.4,0.05,2019-12-26,2073.471195637129,387.56470946488383,0,False,0,12262.75,12200.0,73.35,15.6,0,57.08344376261442,-3296.5688772909825,No SL Hit
DIVISLAB.EQ-NSE,2020-01-27,1914.15,1900.0,7.7,0.05,2020-01-30,2797.586396050466,365.697568111172,0,False,0,12119.0,12050.0,14.3,38.0,0,57.760541298787025,1368.9248287812525,No SL Hit
DIVISLAB.EQ-NSE,2020-02-24,2160.0,2140.0,27.25,0.7,2020-02-27,8604.166666666666,324.0740740740741,0,False,0,11829.4,11800.0,166.75,76.0,0,59.17459888075473,-5370.094848428492,No SL Hit
DIVISLAB.EQ-NSE,2020-03-23,1821.35,1800.0,32.0,1.0,2020-03-26,11914.23943777967,384.3303044445055,0,False,0,7610.25,7550.0,0.05,336.5,0,91.98120955290563,30947.077954075095,No SL Hit
DIVISLAB.EQ-NSE,2020-04-27,2424.6001,2400.0,30.65,49.0,2020-04-30,-5297.780858789868,288.70740374876664,0,False,0,9282.3,9200.0,0.05,80.0,0,75.41234392338106,6029.216896674316,No SL Hit
DIVISLAB.EQ-NSE,2020-05-26,2294.5,2280.0,20.0,101.35,2020-06-30,-24818.04314665504,305.0773589017215,0,False,0,9029.05,8950.0,37.0,41.55,0,77.52753611952532,352.75028934384,Overnight SL Hit
DIVISLAB.EQ-NSE,2020-08-24,3243.0,3200.0,20.0,0.05,2020-08-27,4306.197964847363,215.8495220474869,0,False,0,11466.45,11350.0,0.05,32.05,0,61.047665144835584,1953.5252846347385,No SL Hit
DIVISLAB.EQ-NSE,2020-09-21,3150.0,3120.0,18.6,60.05,2020-09-22,-9211.111111111111,222.22222222222223,0,False,0,11250.55,11150.0,62.9,75.1,0,62.21918039562511,759.074000826626,Overnight SL Hit
DIVISLAB.EQ-NSE,2020-10-26,3040.05,3000.0,24.55,0.05,2020-10-29,5641.354582983832,230.25937073403398,0,False,0,11767.75,11650.0,0.05,46.05,0,59.484608357587476,2736.291984449024,No SL Hit
DIVISLAB.EQ-NSE,2020-11-23,3538.2,3500.0,30.0,1.5,2020-11-26,5638.460234017298,197.8407099655192,0,False,0,12926.45,12800.0,0.05,40.3,0,54.152532211086566,2179.6394214962343,No SL Hit
DIVISLAB.EQ-NSE,2020-12-28,3761.6001,3700.0,22.0,0.5,2020-12-31,4000.9569331944667,186.09102014857984,0,False,0,13873.2,13750.0,0.05,39.0,0,50.45699622293342,1965.3000028832569,No SL Hit
DIVISLAB.EQ-NSE,2021-01-25,3582.0,3550.0,27.95,103.9,2021-01-28,-14842.266890005585,195.4215522054718,0,False,0,14238.9,14100.0,180.0,41.95,0,49.16110092774021,-6786.689983074536,Overnight SL Hit
DIVISLAB.EQ-NSE,2021-02-22,3479.0,3450.0,27.0,20.5,2021-02-25,1307.84708249497,201.2072434607646,0,False,0,14675.7,14550.0,0.05,87.5,0,47.697895160026434,4171.180931744312,No SL Hit
DIVISLAB.EQ-NSE,2021-03-22,3403.45,3350.0,19.35,1.5,2021-03-25,3671.2747359297186,205.6736546739338,0,False,0,14736.4,14600.0,275.05,73.45,0,47.501425042751286,-9576.28728861866,No SL Hit
DIVISLAB.EQ-NSE,2021-04-26,3780.0,3750.0,36.65,0.05,2021-04-29,6777.777777777778,185.1851851851852,0,False,0,14485.0,14400.0,0.05,97.65,0,48.32585433206766,4716.603382809803,No SL Hit
DIVISLAB.EQ-NSE,2021-05-24,4096.0,4050.0,20.8,0.15,2021-05-27,3529.0527343750005,170.8984375,0,False,0,15197.7,15100.0,0.1,55.0,0,46.059601123854264,2528.672101699599,No SL Hit
DIVISLAB.EQ-NSE,2021-06-21,4231.0,4200.0,24.6,0.15,2021-06-24,4045.142992200426,165.44552115339164,0,False,0,15746.5,15650.0,0.05,48.3,0,44.45432318292954,2144.9210935763504,No SL Hit
DIVISLAB.EQ-NSE,2021-07-26,4914.8999,4850.0,10.7,32.099999999999994,2021-07-27,-3047.874891612746,142.42406035573583,0,False,0,15824.45,15750.0,98.75,41.0,0,44.23534467232668,-2554.591154826866,Intraday SL Hit
DIVISLAB.EQ-NSE,2021-08-23,4865.0,4800.0,24.05,0.1,2021-08-26,3446.0431654676254,143.88489208633092,0,False,0,16496.45,16400.0,0.05,45.2,0,42.43337202852735,1915.8667470880102,No SL Hit
DIVISLAB.EQ-NSE,2021-09-27,4943.0,4900.0,43.0,129.0,2021-09-28,-12178.838761885494,141.61440420797086,0,False,0,17855.1,17750.0,198.0,54.6,0,39.20448499308321,-5621.923148008133,Intraday SL Hit
DIVISLAB.EQ-NSE,2021-10-25,4998.8999,4950.0,45.0,6.0,2021-10-28,5461.201573570217,140.0308095787235,0,False,0,18125.4,18050.0,191.0,79.0,0,38.619837355313535,-4325.421783795116,No SL Hit
DIVISLAB.EQ-NSE,2021-11-22,4687.6499,4650.0,28.75,0.1,2021-11-25,4278.263186847636,149.32855800515307,0,False,0,17416.55,17350.0,0.05,71.15,0,40.191656786217706,2857.626797500079,No SL Hit
DIVISLAB.EQ-NSE,2021-12-27,4469.6001,4450.0,33.6,0.05,2021-12-30,5254.385062323586,156.613563705621,0,False,0,17086.25,17000.0,0.05,70.25,0,40.96861511449265,2875.996781037384,No SL Hit
DIVISLAB.EQ-NSE,2022-01-24,4056.0,4000.0,52.0,52.0,2022-01-27,0.0,172.58382642998026,0,False,0,17149.1,17050.0,0.05,123.5,0,40.81846860768204,5039.039949618348,No SL Hit
DIVISLAB.EQ-NSE,2022-02-21,4251.75,4200.0,20.8,62.400000000000006,2022-02-22,-6848.944552243195,164.6380901981537,0,False,0,17206.65,17100.0,316.55,101.0,0,40.68194564310891,-8768.993383372126,Intraday SL Hit
DIVISLAB.EQ-NSE,2022-03-28,4405.5498,4350.0,21.0,0.55,2022-03-31,3249.3106762747298,158.8904976173462,0,False,0,17222.0,17150.0,0.05,79.0,0,40.64568575078388,3208.9768900243876,No SL Hit
DIVISLAB.EQ-NSE,2022-04-25,4404.0498,4350.0,24.25,0.9,2022-04-28,3711.3567607705077,158.94461502229154,0,False,0,16953.95,16850.0,0.05,85.3,0,41.28831334290829,3519.8287124829317,No SL Hit
DIVISLAB.EQ-NSE,2022-05-23,3890.0,3850.0,85.0,255.0,2022-05-25,-30591.25964010283,179.94858611825194,0,False,0,16214.7,16150.0,195.35,151.35,0,43.17070312740908,-1899.5109376059993,Intraday SL Hit
DIVISLAB.EQ-NSE,2022-06-27,3675.0,3650.0,30.8,92.4,2022-06-29,-11733.333333333336,190.47619047619048,0,False,0,15832.05,15750.0,130.75,87.0,0,44.21410998575674,-1934.3673118768575,Intraday SL Hit
DIVISLAB.EQ-NSE,2022-07-25,3762.2,3750.0,29.95,0.05,2022-07-28,5563.234277816171,186.06134708415289,0,False,0,16631.0,16550.0,0.05,72.55,0,42.09007275569719,3051.5302747880464,No SL Hit
DIVISLAB.EQ-NSE,2022-08-22,3578.2,3550.0,45.0,27.95,2022-08-25,3335.4759376222682,195.62908725057292,0,False,0,17490.7,17400.0,0.05,67.4,0,40.02126844551676,2695.432429805554,No SL Hit
DIVISLAB.EQ-NSE,2022-09-26,3670.0,3650.0,38.55,0.15,2022-09-29,7324.250681198911,190.7356948228883,0,False,0,17016.3,16900.0,81.45,85.0,0,41.137027438397304,146.03644740631032,No SL Hit
DIVISLAB.EQ-NSE,2022-10-25,3593.0,3550.0,4.4,0.05,2022-10-27,847.4812134706375,194.82326746451434,0,False,0,17656.35,17550.0,0.05,32.0,0,39.64579315656974,1266.6830913524032,No SL Hit
DIVISLAB.EQ-NSE,2022-11-21,3260.0,3250.0,21.0,0.05,2022-11-24,4498.4662576687115,214.72392638036808,0,False,0,18159.95,18050.0,0.05,30.0,0,38.54636163645825,1154.4635310119245,No SL Hit
DIVISLAB.EQ-NSE,2022-12-26,3435.0,3400.0,22.1,0.05,2022-12-29,4493.4497816593885,203.78457059679766,0,False,0,18014.6,17900.0,0.05,56.0,0,38.85737124332486,2174.0699210640264,No SL Hit
DIVISLAB.EQ-NSE,2023-01-23,3383.5,3350.0,7.0,21.0,2023-01-25,-2896.4090438894636,206.88636027781882,0,False,0,18118.55,18000.0,160.8,18.8,0,38.63443818627871,-5486.090222451577,Intraday SL Hit
DIVISLAB.EQ-NSE,2023-02-20,2902.0,2880.0,16.7,20.0,2023-02-23,-796.002756719504,241.2129565816678,0,False,0,17844.6,17750.0,239.15,40.0,0,39.22755343353172,-7812.167266287842,No SL Hit
DIVISLAB.EQ-NSE,2023-03-27,2833.0,2800.0,8.0,24.0,2023-03-28,-3953.4062830921284,247.08789269325803,0,False,0,16985.7,16900.0,52.7,35.45,0,41.21113642652349,-710.8921033575301,Intraday SL Hit
DIVISLAB.EQ-NSE,2023-04-24,3195.0,3160.0,9.85,0.05,2023-04-27,2147.104851330203,219.0923317683881,0,False,0,17743.4,17650.0,0.05,24.3,0,39.45128892996832,956.6937565517318,No SL Hit
DIVISLAB.EQ-NSE,2023-05-22,3255.0,3220.0,21.0,0.05,2023-05-25,4505.376344086021,215.05376344086022,0,False,0,18314.4,18250.0,0.05,42.15,0,38.22129035076224,1609.1163237670903,No SL Hit
DIVISLAB.EQ-NSE,2023-06-26,3525.0,3500.0,17.2,0.05,2023-06-28,3405.6737588652477,198.58156028368793,0,False,0,18691.2,18650.0,0.05,38.6,0,37.450778976202706,1443.7275295326144,No SL Hit
DIVISLAB.EQ-NSE,2023-07-24,3688.0,3650.0,17.3,0.05,2023-07-27,3274.1323210412147,189.80477223427332,0,False,0,19672.35,19600.0,0.05,51.7,0,35.58293747315395,1837.8587204884016,No SL Hit
DIVISLAB.EQ-NSE,2023-08-28,3628.0,3600.0,15.3,13.0,2023-08-31,443.7706725468579,192.94377067254686,0,False,0,19306.05,19250.0,0.05,42.3,0,36.25806418195333,1531.9032116875283,No SL Hit
DIVISLAB.EQ-NSE,2023-09-25,3725.9,3700.0,10.05,30.150000000000002,2023-09-28,-3776.2688209560106,187.87407069432888,0,False,0,19674.55,19600.0,96.5,35.55,0,35.57895860388167,-2168.5375269065876,Intraday SL Hit
DIVISLAB.EQ-NSE,2023-10-23,3506.75,3450.0,12.0,42.2,2023-10-26,-6028.373850431311,199.6150281599772,0,False,0,19281.75,19250.0,220.0,81.0,0,36.30375873559195,-5046.222464247281,Overnight SL Hit
DIVISLAB.EQ-NSE,2023-11-28,3760.4,3750.0,19.0,0.05,2023-11-30,3527.550260610573,186.15040953090096,0,False,0,19889.7,19850.0,0.05,23.6,0,35.19409543633137,828.8209475256037,No SL Hit
DIVISLAB.EQ-NSE,2023-12-26,3863.0,3850.0,31.0,0.1,2023-12-28,5599.275174734662,181.2063163344551,0,False,0,21441.35,21400.0,0.2,49.55,0,32.647198054227,1611.1392239761021,No SL Hit
DIVISLAB.EQ-NSE,2024-01-23,3621.95,3600.0,24.3,10.0,2024-01-25,2763.704634243985,193.26605833874018,0,False,0,21238.8,21200.0,0.05,111.0,0,32.9585475638925,3656.7508522138733,No SL Hit
DIVISLAB.EQ-NSE,2024-02-26,3571.25,3550.0,27.3,55.0,2024-02-29,-5429.471473573679,196.0098004900245,0,False,0,22122.05,22050.0,67.1,91.35,0,31.642637097375697,767.3339496113607,No SL Hit
DIVISLAB.EQ-NSE,2024-03-26,3386.0,3350.0,7.05,0.05,2024-03-28,1447.1352628470172,206.7336089781453,0,False,0,22004.7,21950.0,0.05,42.55,0,31.81138574940808,1351.9838943498432,No SL Hit
DIVISLAB.EQ-NSE,2024-04-22,3725.25,3700.0,9.25,0.9,2024-04-25,1569.022213274277,187.90685188913497,0,False,0,22336.4,22250.0,0.15,56.75,0,31.338980319120356,1773.7862860622122,No SL Hit
DIVISLAB.EQ-NSE,2024-05-27,4245.55,4220.0,46.0,0.05,2024-05-30,7576.167987657665,164.87851986197313,0,False,0,22932.45,22850.0,361.15,71.05,0,30.524431536970535,-8855.137588875152,No SL Hit
DIVISLAB.EQ-NSE,2024-06-24,4522.9,4500.0,20.0,0.05,2024-06-27,3087.620774281987,154.76795861062593,0,False,0,23537.85,23450.0,0.1,73.5,0,29.739334731082067,2182.867169261424,No SL Hit
EICHERMOT.EQ-NSE,2019-01-28,1990.0,1950.0,16.595,49.785,2019-01-29,-11674.874371859296,351.75879396984925,0,False,0,10661.55,10600.0,71.65,42.0,0,65.65649459975333,-1946.7150648826866,Intraday SL Hit
EICHERMOT.EQ-NSE,2019-02-25,2067.5,2050.0,14.29,42.87,2019-02-28,-9676.420798065295,338.57315598548973,0,False,0,10880.1,10850.0,64.0,36.5,0,64.33764395547834,-1769.2852087756544,Intraday SL Hit
EICHERMOT.EQ-NSE,2019-03-25,2117.0,2100.0,18.5,7.0,2019-03-28,3802.550779404818,330.65658951346245,0,False,0,11354.25,11300.0,0.1,30.35,0,61.650923662945594,1864.9404408041041,No SL Hit
EICHERMOT.EQ-NSE,2019-04-22,2039.0,2000.0,10.2,0.03,2019-04-25,3491.417361451692,343.3055419323198,0,False,0,11594.45,11550.0,0.05,32.05,0,60.3737132852356,1931.958825127539,No SL Hit
EICHERMOT.EQ-NSE,2019-05-27,2088.0,2050.0,10.5,31.5,2019-05-30,-7040.229885057472,335.2490421455939,0,False,0,11924.75,11900.0,50.05,60.65,0,58.701440281766914,622.2352669867294,Intraday SL Hit
EICHERMOT.EQ-NSE,2019-06-24,1907.5,1900.0,22.5,0.025,2019-06-27,8247.70642201835,366.9724770642202,0,False,0,11699.65,11650.0,0.05,36.0,0,59.83084964080122,2150.919044586804,No SL Hit
EICHERMOT.EQ-NSE,2019-07-22,1703.0,1700.0,21.405,64.215,2019-07-24,-17596.594245449207,411.03934233705223,0,False,0,11346.2,11300.0,84.9,36.5,0,61.694664292891005,-2986.021751775925,Intraday SL Hit
EICHERMOT.EQ-NSE,2019-08-26,1558.7,1550.0,22.5,0.15,2019-08-29,10037.210495926092,449.09219221145827,0,False,0,11057.85,11000.0,50.1,56.3,0,63.30344506391387,392.4813593962657,No SL Hit
EICHERMOT.EQ-NSE,2019-09-23,1950.0,1900.0,42.005,126.01500000000001,2019-09-25,-30157.435897435902,358.97435897435895,0,False,0,11600.2,11550.0,121.2,72.0,0,60.34378717608317,-2968.914329063292,Intraday SL Hit
EICHERMOT.EQ-NSE,2019-10-29,2211.0,2200.0,18.5,0.22,2019-10-31,5787.426503844415,316.59882406151064,0,False,0,11786.85,11750.0,0.05,32.75,0,59.388216529437464,1941.9946805126053,No SL Hit
EICHERMOT.EQ-NSE,2019-11-25,2332.2,2300.0,16.0,0.19,2019-11-28,4745.304862361719,300.1457850956179,0,False,0,12073.75,12000.0,0.05,25.75,0,57.97701625427063,1490.009317734755,No SL Hit
EICHERMOT.EQ-NSE,2019-12-23,2215.0,2200.0,16.03,0.89,2019-12-26,4784.650112866818,316.0270880361174,0,False,0,12262.75,12200.0,73.35,15.6,0,57.08344376261442,-3296.5688772909825,No SL Hit
EICHERMOT.EQ-NSE,2020-01-27,2109.1,2100.0,20.795,62.385000000000005,2020-01-29,-13803.518088284105,331.89512114171924,0,False,0,12119.0,12050.0,29.95,38.0,0,57.760541298787025,464.97235745523557,Intraday SL Hit
EICHERMOT.EQ-NSE,2020-02-24,1799.5,1800.0,33.415,100.245,2020-02-27,-25996.66574048347,388.99694359544316,0,False,0,11829.4,11800.0,260.55,76.0,0,59.17459888075473,-10920.672223443285,Intraday SL Hit
EICHERMOT.EQ-NSE,2020-03-23,1336.44004,1450.0,135.0,10.005,2020-03-26,65469.82833588255,523.7795778701752,0,False,0,7610.25,7550.0,0.05,336.5,0,91.98120955290563,30947.077954075095,No SL Hit
EICHERMOT.EQ-NSE,2020-04-27,1400.9,1400.0,34.0,0.005,2020-04-30,16986.58005567849,499.6787779284745,0,False,0,9282.3,9200.0,0.05,80.0,0,75.41234392338106,6029.216896674316,No SL Hit
EICHERMOT.EQ-NSE,2020-05-26,1472.0,1450.0,20.2,0.005,2020-05-28,9603.60054347826,475.54347826086956,0,False,0,9029.05,8950.0,0.05,41.55,0,77.52753611952532,3217.392748960301,No SL Hit
EICHERMOT.EQ-NSE,2020-06-22,1762.0,1725.0,18.6,2.995,2020-06-25,6199.489216799092,397.27582292849036,0,False,0,10311.2,10200.0,0.05,65.85,0,67.88734579874311,4466.987353557297,No SL Hit
EICHERMOT.EQ-NSE,2020-07-27,2049.025,2025.0,17.5,0.6,2020-07-30,5773.477629604323,341.6258952428594,0,False,0,11131.8,11000.0,0.05,49.0,0,62.88291201782282,3078.118543272427,No SL Hit
EICHERMOT.EQ-NSE,2020-08-24,2180.0,2150.0,27.5,0.05,2020-08-27,8814.220183486239,321.10091743119267,0,False,0,11466.45,11350.0,0.05,32.05,0,61.047665144835584,1953.5252846347385,No SL Hit
EICHERMOT.EQ-NSE,2020-09-21,2094.3999,2050.0,26.3,28.0,2020-09-24,-568.1818453104394,334.2246148884939,0,False,0,11250.55,11150.0,344.05,75.1,0,62.21918039562511,-16733.848567403376,No SL Hit
EICHERMOT.EQ-NSE,2020-10-26,2112.2,2100.0,30.0,0.05,2020-10-29,9925.669917621437,331.40801060505635,0,False,0,11767.75,11650.0,0.05,46.05,0,59.484608357587476,2736.291984449024,No SL Hit
EICHERMOT.EQ-NSE,2020-11-23,2593.5,2550.0,20.0,0.05,2020-11-26,5384.615384615385,269.9055330634278,0,False,0,12926.45,12800.0,0.05,40.3,0,54.152532211086566,2179.6394214962343,No SL Hit
EICHERMOT.EQ-NSE,2020-12-28,2451.3501,2400.0,12.5,0.05,2020-12-31,3555.1837332415307,285.5569263647816,0,False,0,13873.2,13750.0,0.05,39.0,0,50.45699622293342,1965.3000028832569,No SL Hit
EICHERMOT.EQ-NSE,2021-01-25,2888.0,2850.0,15.05,45.150000000000006,2021-01-27,-7295.706371191137,242.38227146814404,0,False,0,14238.9,14100.0,184.0,41.95,0,49.16110092774021,-6983.334386785497,Intraday SL Hit
EICHERMOT.EQ-NSE,2021-02-22,2452.0,2400.0,22.55,0.2,2021-02-25,6380.5057096247965,285.48123980424145,0,False,0,14675.7,14550.0,0.05,87.5,0,47.697895160026434,4171.180931744312,No SL Hit
EICHERMOT.EQ-NSE,2021-03-22,2679.0,2650.0,27.25,81.75,2021-03-25,-14240.388204553938,261.29152668906306,0,False,0,14736.4,14600.0,341.55,73.45,0,47.501425042751286,-12735.13205396162,Intraday SL Hit
EICHERMOT.EQ-NSE,2021-04-26,2366.55,2350.0,20.9,0.45,2021-04-29,6048.889734000972,295.78922904650227,0,False,0,14485.0,14400.0,0.05,97.65,0,48.32585433206766,4716.603382809803,No SL Hit
EICHERMOT.EQ-NSE,2021-05-24,2559.3501,2550.0,21.65,0.05,2021-05-27,5907.7497838220725,273.5069344362071,0,False,0,15197.7,15100.0,0.1,55.0,0,46.059601123854264,2528.672101699599,No SL Hit
EICHERMOT.EQ-NSE,2021-06-21,2695.1499,2650.0,10.35,0.05,2021-06-24,2675.1758779725014,259.7258133953885,0,False,0,15746.5,15650.0,0.05,48.3,0,44.45432318292954,2144.9210935763504,No SL Hit
EICHERMOT.EQ-NSE,2021-07-26,2564.8999,2550.0,18.45,36.4,2021-07-29,-4898.826655964235,272.91513403700475,0,False,0,15824.45,15750.0,0.05,41.0,0,44.23534467232668,1811.4373643317779,No SL Hit
EICHERMOT.EQ-NSE,2021-08-23,2536.0,2500.0,21.5,0.05,2021-08-26,5920.741324921136,276.02523659305996,0,False,0,16496.45,16400.0,0.05,45.2,0,42.43337202852735,1915.8667470880102,No SL Hit
EICHERMOT.EQ-NSE,2021-09-27,2876.1499,2850.0,39.55,60.0,2021-09-30,-4977.1397519997145,243.38091696820115,0,False,0,17855.1,17750.0,132.75,54.6,0,39.20448499308321,-3063.8305022094532,No SL Hit
EICHERMOT.EQ-NSE,2021-10-25,2561.0,2550.0,27.0,40.9,2021-10-28,-3799.2971495509564,273.33073018352206,0,False,0,18125.4,18050.0,191.0,79.0,0,38.619837355313535,-4325.421783795116,No SL Hit
EICHERMOT.EQ-NSE,2021-11-22,2560.0,2540.0,40.9,26.85,2021-11-25,3841.796874999999,273.4375,0,False,0,17416.55,17350.0,0.05,71.15,0,40.191656786217706,2857.626797500079,No SL Hit
EICHERMOT.EQ-NSE,2021-12-27,2447.0,2420.0,12.3,0.1,2021-12-30,3489.987740089906,286.06456885982834,0,False,0,17086.25,17000.0,0.05,70.25,0,40.96861511449265,2875.996781037384,No SL Hit
EICHERMOT.EQ-NSE,2022-01-24,2653.0,2620.0,15.75,9.0,2022-01-27,1781.0026385224276,263.85224274406335,0,False,0,17149.1,17050.0,0.05,123.5,0,40.81846860768204,5039.039949618348,No SL Hit
EICHERMOT.EQ-NSE,2022-02-21,2703.0,2680.0,17.55,52.650000000000006,2022-02-24,-9089.900110987794,258.97151313355533,0,False,0,17206.65,17100.0,869.8,101.0,0,40.68194564310891,-31276.27981042213,Intraday SL Hit
EICHERMOT.EQ-NSE,2022-03-28,2375.05,2360.0,18.05,0.1,2022-03-31,5290.41493863287,294.7306372497421,0,False,0,17222.0,17150.0,0.05,79.0,0,40.64568575078388,3208.9768900243876,No SL Hit
EICHERMOT.EQ-NSE,2022-04-25,2609.95,2580.0,13.55,0.15,2022-04-28,3593.938581198874,268.20437173125924,0,False,0,16953.95,16850.0,0.05,85.3,0,41.28831334290829,3519.8287124829317,No SL Hit
EICHERMOT.EQ-NSE,2022-05-23,2729.0,2700.0,26.0,0.45,2022-05-26,6553.682667643826,256.5042139978014,0,False,0,16214.7,16150.0,0.05,151.35,0,43.17070312740908,6531.727383176993,No SL Hit
EICHERMOT.EQ-NSE,2022-06-27,2836.0,2800.0,18.0,2.0,2022-06-30,3949.224259520451,246.8265162200282,0,False,0,15832.05,15750.0,0.05,87.0,0,44.21410998575674,3844.4168632615488,No SL Hit
EICHERMOT.EQ-NSE,2022-07-25,3078.1001,3050.0,13.1,39.3,2022-07-26,-5958.220786906832,227.41300713384857,0,False,0,16631.0,16550.0,129.0,72.55,0,42.09007275569719,-2375.9846070591066,Intraday SL Hit
EICHERMOT.EQ-NSE,2022-08-22,3361.3501,3350.0,41.9,0.1,2022-08-25,8704.835595673296,208.2496553988827,0,False,0,17490.7,17400.0,0.05,67.4,0,40.02126844551676,2695.432429805554,No SL Hit
EICHERMOT.EQ-NSE,2022-09-26,3512.0,3500.0,40.1,0.25,2022-09-29,7942.767653758543,199.31662870159454,0,False,0,17016.3,16900.0,81.45,85.0,0,41.137027438397304,146.03644740631032,No SL Hit
EICHERMOT.EQ-NSE,2022-10-25,3702.0,3650.0,6.0,0.65,2022-10-27,1011.6153430578065,189.08698001080498,0,False,0,17656.35,17550.0,0.05,32.0,0,39.64579315656974,1266.6830913524032,No SL Hit
EICHERMOT.EQ-NSE,2022-11-21,3377.6001,3350.0,22.0,0.05,2022-11-24,4549.087975216486,207.24774374562577,0,False,0,18159.95,18050.0,0.05,30.0,0,38.54636163645825,1154.4635310119245,No SL Hit
EICHERMOT.EQ-NSE,2022-12-26,3164.3999,3150.0,21.4,0.05,2022-12-29,4722.854402820579,221.21097905482807,0,False,0,18014.6,17900.0,0.05,56.0,0,38.85737124332486,2174.0699210640264,No SL Hit
EICHERMOT.EQ-NSE,2023-01-23,3204.0,3150.0,7.0,0.05,2023-01-25,1518.4144818976279,218.4769038701623,0,False,0,18118.55,18000.0,108.0,18.8,0,38.63443818627871,-3446.191886216061,No SL Hit
EICHERMOT.EQ-NSE,2023-02-20,3290.0,3250.0,19.0,26.0,2023-02-23,-1489.3617021276596,212.7659574468085,0,False,0,17844.6,17750.0,239.15,40.0,0,39.22755343353172,-7812.167266287842,No SL Hit
EICHERMOT.EQ-NSE,2023-03-27,2882.0,2850.0,10.8,0.1,2023-03-29,2598.8896599583627,242.88688410825816,0,False,0,16985.7,16900.0,0.05,35.45,0,41.21113642652349,1458.8742294989318,No SL Hit
EICHERMOT.EQ-NSE,2023-04-24,3186.0,3150.0,10.6,0.1,2023-04-27,2306.9679849340864,219.7112366603892,0,False,0,17743.4,17650.0,0.05,24.3,0,39.45128892996832,956.6937565517318,No SL Hit
EICHERMOT.EQ-NSE,2023-05-22,3546.0,3500.0,8.9,0.05,2023-05-25,1747.0389170896783,197.40552735476592,0,False,0,18314.4,18250.0,0.05,42.15,0,38.22129035076224,1609.1163237670903,No SL Hit
EICHERMOT.EQ-NSE,2023-06-26,3537.2,3500.0,12.5,0.45,2023-06-28,2384.6545290059935,197.89664141128577,0,False,0,18691.2,18650.0,0.05,38.6,0,37.450778976202706,1443.7275295326144,No SL Hit
EICHERMOT.EQ-NSE,2023-07-24,3309.0,3300.0,17.7,0.1,2023-07-27,3723.1792082200054,211.54427319431852,0,False,0,19672.35,19600.0,0.05,51.7,0,35.58293747315395,1837.8587204884016,No SL Hit
EICHERMOT.EQ-NSE,2023-08-28,3342.0,3300.0,14.0,4.0,2023-08-31,2094.554159186116,209.4554159186116,0,False,0,19306.05,19250.0,0.05,42.3,0,36.25806418195333,1531.9032116875283,No SL Hit
EICHERMOT.EQ-NSE,2023-09-25,3382.0,3350.0,13.3,0.25,2023-09-28,2701.064458900059,206.97811945594322,0,False,0,19674.55,19600.0,75.0,35.55,0,35.57895860388167,-1403.5899169231318,No SL Hit
EICHERMOT.EQ-NSE,2023-10-23,3438.9,3420.0,17.7,72.5,2023-10-26,-11154.729710081712,203.55346186280497,0,False,0,19281.75,19250.0,220.0,81.0,0,36.30375873559195,-5046.222464247281,Overnight SL Hit
EICHERMOT.EQ-NSE,2023-11-28,3840.0,3820.0,17.0,0.05,2023-11-30,3089.8437499999995,182.29166666666666,0,False,0,19889.7,19850.0,0.05,23.6,0,35.19409543633137,828.8209475256037,No SL Hit
EICHERMOT.EQ-NSE,2023-12-26,4035.25,4000.0,15.3,0.45,2023-12-28,2576.0485719596063,173.4712843070442,0,False,0,21441.35,21400.0,0.2,49.55,0,32.647198054227,1611.1392239761021,No SL Hit
EICHERMOT.EQ-NSE,2024-01-23,3618.4,3600.0,29.0,3.6,2024-01-25,4913.774043776254,193.45567101481316,0,False,0,21238.8,21200.0,0.05,111.0,0,32.9585475638925,3656.7508522138733,No SL Hit
EICHERMOT.EQ-NSE,2024-02-26,3955.0,3920.0,24.2,72.6,2024-02-28,-8566.371681415927,176.99115044247787,0,False,0,22122.05,22050.0,197.0,91.35,0,31.642637097375697,-3343.0446093377427,Intraday SL Hit
EICHERMOT.EQ-NSE,2024-03-26,3919.2,3900.0,22.5,0.05,2024-03-28,4009.7468871198203,178.60787915901204,0,False,0,22004.7,21950.0,0.05,42.55,0,31.81138574940808,1351.9838943498432,No SL Hit
EICHERMOT.EQ-NSE,2024-04-22,4465.0,4450.0,40.05,0.8,2024-04-25,6153.415453527436,156.77491601343786,0,False,0,22336.4,22250.0,0.15,56.75,0,31.338980319120356,1773.7862860622122,No SL Hit
EICHERMOT.EQ-NSE,2024-05-27,4796.65,4750.0,21.5,10.0,2024-05-30,1678.254615200192,145.93518393045147,0,False,0,22932.45,22850.0,361.15,71.05,0,30.524431536970535,-8855.137588875152,No SL Hit
EICHERMOT.EQ-NSE,2024-06-24,4875.0,4850.0,38.6,115.80000000000001,2024-06-26,-11085.128205128207,143.5897435897436,0,False,0,23537.85,23450.0,30.1,73.5,0,29.739334731082067,1290.6871273289617,Intraday SL Hit
APOLLOHOSP.EQ-NSE,2019-01-28,1266.0,1260.0,14.95,0.1,2019-01-31,8210.900473933649,552.9225908372828,0,False,0,10661.55,10600.0,0.05,42.0,0,65.65649459975333,2754.2899484596524,No SL Hit
APOLLOHOSP.EQ-NSE,2019-02-25,1184.0,1180.0,15.85,38.6,2019-02-28,-13450.16891891892,591.2162162162163,0,False,0,10880.1,10850.0,47.0,36.5,0,64.33764395547834,-675.5452615325225,No SL Hit
APOLLOHOSP.EQ-NSE,2019-03-25,1146.0,1140.0,6.65,0.1,2019-03-28,4000.8726003490406,610.8202443280977,0,False,0,11354.25,11300.0,0.1,30.35,0,61.650923662945594,1864.9404408041041,No SL Hit
APOLLOHOSP.EQ-NSE,2019-04-22,1233.0,1220.0,10.75,0.2,2019-04-25,5989.456609894567,567.7210056772101,0,False,0,11594.45,11550.0,0.05,32.05,0,60.3737132852356,1931.958825127539,No SL Hit
APOLLOHOSP.EQ-NSE,2019-05-27,1204.5,1200.0,13.6,0.3,2019-05-30,7729.348277293482,581.1540058115401,0,False,0,11924.75,11900.0,0.05,60.65,0,58.701440281766914,3557.307281075075,No SL Hit
APOLLOHOSP.EQ-NSE,2019-06-24,1345.0,1340.0,11.35,37.7,2019-06-27,-13713.754646840149,520.446096654275,0,False,0,11699.65,11650.0,1.0,36.0,0,59.83084964080122,2094.079737428043,Overnight SL Hit
APOLLOHOSP.EQ-NSE,2019-07-22,1361.4,1340.0,6.15,18.450000000000003,2019-07-24,-6324.371970030852,514.1765829293374,0,False,0,11346.2,11300.0,84.9,36.5,0,61.694664292891005,-2986.021751775925,Intraday SL Hit
APOLLOHOSP.EQ-NSE,2019-08-26,1463.0,1440.0,6.5,0.05,2019-08-29,3086.1244019138758,478.4688995215311,0,False,0,11057.85,11000.0,50.1,56.3,0,63.30344506391387,392.4813593962657,No SL Hit
APOLLOHOSP.EQ-NSE,2019-09-23,1452.05,1440.0,5.05,15.149999999999999,2019-09-24,-4868.97834096622,482.077063462002,0,False,0,11600.2,11550.0,83.45,72.0,0,60.34378717608317,-690.9363631661524,Intraday SL Hit
APOLLOHOSP.EQ-NSE,2019-10-29,1432.0,1420.0,10.5,0.05,2019-10-31,5108.240223463687,488.8268156424581,0,False,0,11786.85,11750.0,0.05,32.75,0,59.388216529437464,1941.9946805126053,No SL Hit
APOLLOHOSP.EQ-NSE,2019-11-25,1450.05,1440.0,15.0,0.05,2019-11-28,7216.992517499397,482.7419744146754,0,False,0,12073.75,12000.0,0.05,25.75,0,57.97701625427063,1490.009317734755,No SL Hit
APOLLOHOSP.EQ-NSE,2019-12-23,1382.0,1360.0,4.2,0.05,2019-12-26,2102.0260492040525,506.5123010130246,0,False,0,12262.75,12200.0,73.35,15.6,0,57.08344376261442,-3296.5688772909825,No SL Hit
APOLLOHOSP.EQ-NSE,2020-01-27,1690.35,1680.0,11.35,0.2,2020-01-30,4617.386931700536,414.1154198834561,0,False,0,12119.0,12050.0,14.3,38.0,0,57.760541298787025,1368.9248287812525,No SL Hit
APOLLOHOSP.EQ-NSE,2020-02-24,1792.15,1780.0,13.25,0.35,2020-02-27,5038.640738777446,390.59230533158495,0,False,0,11829.4,11800.0,166.75,76.0,0,59.17459888075473,-5370.094848428492,No SL Hit
APOLLOHOSP.EQ-NSE,2020-03-23,1200.0,1200.0,35.0,105.0,2020-04-03,-40833.333333333336,583.3333333333334,0,False,0,7610.25,7550.0,0.0,336.5,0,91.98120955290563,0.0,Intraday SL Hit
APOLLOHOSP.EQ-NSE,2020-05-26,1323.0,1300.0,17.45,0.05,2020-05-28,9206.349206349207,529.1005291005291,0,False,0,9029.05,8950.0,0.05,41.55,0,77.52753611952532,3217.392748960301,No SL Hit
APOLLOHOSP.EQ-NSE,2020-06-22,1404.0,1380.0,29.85,0.1,2020-06-25,14832.621082621083,498.57549857549856,0,False,0,10311.2,10200.0,0.05,65.85,0,67.88734579874311,4466.987353557297,No SL Hit
APOLLOHOSP.EQ-NSE,2020-07-27,1511.0,1500.0,22.7,0.1,2020-07-30,10469.887491727332,463.26935804103243,0,False,0,11131.8,11000.0,0.05,49.0,0,62.88291201782282,3078.118543272427,No SL Hit
APOLLOHOSP.EQ-NSE,2020-08-24,1689.0,1660.0,9.5,10.0,2020-08-27,-207.22320899940794,414.4464179988159,0,False,0,11466.45,11350.0,0.05,32.05,0,61.047665144835584,1953.5252846347385,No SL Hit
APOLLOHOSP.EQ-NSE,2020-09-21,1824.75,1800.0,25.5,0.05,2020-09-24,9762.98123030552,383.6141937251678,0,False,0,11250.55,11150.0,344.05,75.1,0,62.21918039562511,-16733.848567403376,No SL Hit
APOLLOHOSP.EQ-NSE,2020-10-26,2052.5,2020.0,12.5,0.05,2020-10-29,4246.041412911084,341.047503045067,0,False,0,11767.75,11650.0,0.05,46.05,0,59.484608357587476,2736.291984449024,No SL Hit
APOLLOHOSP.EQ-NSE,2020-11-23,2374.05,2340.0,29.65,88.94999999999999,2020-11-25,-17484.88869231903,294.8547840188707,0,False,0,12926.45,12800.0,41.65,40.3,0,54.152532211086566,-73.10591848496694,Intraday SL Hit
APOLLOHOSP.EQ-NSE,2020-12-28,2390.0,2360.0,21.85,0.05,2020-12-31,6384.937238493724,292.88702928870293,0,False,0,13873.2,13750.0,0.05,39.0,0,50.45699622293342,1965.3000028832569,No SL Hit
APOLLOHOSP.EQ-NSE,2021-01-25,2676.0,2640.0,18.75,30.0,2021-01-28,-2942.825112107623,261.5844544095665,0,False,0,14238.9,14100.0,282.5,41.95,0,49.16110092774021,-11825.702828167907,No SL Hit
APOLLOHOSP.EQ-NSE,2021-02-22,2924.8,2900.0,32.0,0.1,2021-02-25,7634.710065645513,239.33260393873084,0,False,0,14675.7,14550.0,0.05,87.5,0,47.697895160026434,4171.180931744312,No SL Hit
APOLLOHOSP.EQ-NSE,2021-03-22,2907.0,2850.0,19.3,57.900000000000006,2021-03-25,-9294.80564155487,240.79807361541108,0,False,0,14736.4,14600.0,341.55,73.45,0,47.501425042751286,-12735.13205396162,Intraday SL Hit
APOLLOHOSP.EQ-NSE,2021-04-26,3177.45,3150.0,37.5,0.05,2021-04-29,8250.326519693466,220.30244378353711,0,False,0,14485.0,14400.0,0.05,97.65,0,48.32585433206766,4716.603382809803,No SL Hit
APOLLOHOSP.EQ-NSE,2021-05-24,3262.0,3200.0,20.3,7.0,2021-05-27,2854.0772532188844,214.59227467811158,0,False,0,15197.7,15100.0,0.1,55.0,0,46.059601123854264,2528.672101699599,No SL Hit
APOLLOHOSP.EQ-NSE,2021-06-21,3235.0,3200.0,38.0,0.5,2021-06-24,8114.374034003092,216.38330757341578,0,False,0,15746.5,15650.0,0.05,48.3,0,44.45432318292954,2144.9210935763504,No SL Hit
APOLLOHOSP.EQ-NSE,2021-07-26,4105.0,4050.0,19.5,58.5,2021-07-28,-6650.426309378807,170.5237515225335,0,False,0,15824.45,15750.0,257.0,41.0,0,44.23534467232668,-9554.834449222564,Intraday SL Hit
APOLLOHOSP.EQ-NSE,2021-08-23,4739.8999,4700.0,48.0,17.25,2021-08-26,4541.235142961563,147.68244367354677,0,False,0,16496.45,16400.0,0.05,45.2,0,42.43337202852735,1915.8667470880102,No SL Hit
APOLLOHOSP.EQ-NSE,2021-09-27,4565.0,4500.0,60.0,13.85,2021-09-30,7076.670317634173,153.34063526834612,0,False,0,17855.1,17750.0,132.75,54.6,0,39.20448499308321,-3063.8305022094532,No SL Hit
APOLLOHOSP.EQ-NSE,2021-10-25,4165.0,4100.0,56.6,1.9,2021-10-28,9193.27731092437,168.0672268907563,0,False,0,18125.4,18050.0,191.0,79.0,0,38.619837355313535,-4325.421783795116,No SL Hit
APOLLOHOSP.EQ-NSE,2021-11-22,5429.9502,5350.0,36.15,0.2,2021-11-25,4634.480809787168,128.91462614150677,0,False,0,17416.55,17350.0,0.05,71.15,0,40.191656786217706,2857.626797500079,No SL Hit
APOLLOHOSP.EQ-NSE,2021-12-27,4837.0,4800.0,39.95,0.85,2021-12-30,5658.465991316932,144.7178002894356,0,False,0,17086.25,17000.0,0.05,70.25,0,40.96861511449265,2875.996781037384,No SL Hit
APOLLOHOSP.EQ-NSE,2022-01-24,4476.0,4400.0,34.0,102.0,2022-01-25,-10634.49508489723,156.38963360142984,0,False,0,17149.1,17050.0,289.15,123.5,0,40.81846860768204,-6761.57932486253,Intraday SL Hit
APOLLOHOSP.EQ-NSE,2022-02-21,4440.5,4400.0,52.0,10.0,2022-02-24,6620.876027474384,157.63990541605676,0,False,0,17206.65,17100.0,852.0,101.0,0,40.68194564310891,-30552.14117797479,No SL Hit
APOLLOHOSP.EQ-NSE,2022-03-28,4643.8999,4600.0,48.5,45.0,2022-03-31,527.5738178594246,150.73537653126417,0,False,0,17222.0,17150.0,0.05,79.0,0,40.64568575078388,3208.9768900243876,No SL Hit
APOLLOHOSP.EQ-NSE,2022-04-25,4680.8999,4600.0,36.15,108.44999999999999,2022-04-27,-10812.023559828738,149.54389432681523,0,False,0,16953.95,16850.0,53.4,85.3,0,41.28831334290829,1317.0971956387743,Intraday SL Hit
APOLLOHOSP.EQ-NSE,2022-05-23,3717.3999,3700.0,55.15,165.45,2022-05-25,-20769.89349464393,188.30365815633664,0,False,0,16214.7,16150.0,195.35,151.35,0,43.17070312740908,-1899.5109376059993,Intraday SL Hit
APOLLOHOSP.EQ-NSE,2022-06-27,3794.8999,3700.0,24.85,35.0,2022-06-30,-1872.24964748082,184.45809334786406,0,False,0,15832.05,15750.0,0.05,87.0,0,44.21410998575674,3844.4168632615488,No SL Hit
APOLLOHOSP.EQ-NSE,2022-07-25,4183.0,4150.0,22.4,67.19999999999999,2022-07-26,-7497.0117140808015,167.34401147501794,0,False,0,16631.0,16550.0,129.0,72.55,0,42.09007275569719,-2375.9846070591066,Intraday SL Hit
APOLLOHOSP.EQ-NSE,2022-08-22,4026.0,4000.0,51.05,0.05,2022-08-25,8867.362146050671,173.86984600099353,0,False,0,17490.7,17400.0,0.05,67.4,0,40.02126844551676,2695.432429805554,No SL Hit
APOLLOHOSP.EQ-NSE,2022-09-26,4298.0,4250.0,37.8,0.2,2022-09-29,6123.778501628663,162.86644951140065,0,False,0,17016.3,16900.0,81.45,85.0,0,41.137027438397304,146.03644740631032,No SL Hit
APOLLOHOSP.EQ-NSE,2022-10-25,4401.0,4350.0,6.8,0.45,2022-10-27,1009.9977277891387,159.05476028175414,0,False,0,17656.35,17550.0,0.05,32.0,0,39.64579315656974,1266.6830913524032,No SL Hit
APOLLOHOSP.EQ-NSE,2022-11-21,4404.0498,4350.0,19.8,0.05,2022-11-24,3139.156146690258,158.94461502229154,0,False,0,18159.95,18050.0,0.05,30.0,0,38.54636163645825,1154.4635310119245,No SL Hit
APOLLOHOSP.EQ-NSE,2022-12-26,4680.0,4650.0,26.65,79.94999999999999,2022-12-29,-7972.222222222221,149.57264957264957,0,False,0,18014.6,17900.0,13.3,56.0,0,38.85737124332486,1659.2097520899717,Intraday SL Hit
APOLLOHOSP.EQ-NSE,2023-01-23,4347.0,4300.0,16.55,49.650000000000006,2023-01-25,-5330.112721417071,161.0305958132045,0,False,0,18118.55,18000.0,160.8,18.8,0,38.63443818627871,-5486.090222451577,Intraday SL Hit
APOLLOHOSP.EQ-NSE,2023-02-20,4604.0,4550.0,20.5,61.5,2023-02-21,-6233.709817549956,152.0417028670721,0,False,0,17844.6,17750.0,50.95,40.0,0,39.22755343353172,-429.5417100971724,Intraday SL Hit
APOLLOHOSP.EQ-NSE,2023-03-27,4304.9502,4250.0,19.6,0.1,2023-03-29,3170.7683865890017,162.6035070045642,0,False,0,16985.7,16900.0,0.05,35.45,0,41.21113642652349,1458.8742294989318,No SL Hit
APOLLOHOSP.EQ-NSE,2023-04-24,4400.0,4350.0,23.35,0.05,2023-04-27,3706.818181818182,159.0909090909091,0,False,0,17743.4,17650.0,0.05,24.3,0,39.45128892996832,956.6937565517318,No SL Hit
APOLLOHOSP.EQ-NSE,2023-05-22,4605.0,4550.0,21.6,5.0,2023-05-25,2523.3441910966344,152.0086862106406,0,False,0,18314.4,18250.0,0.05,42.15,0,38.22129035076224,1609.1163237670903,No SL Hit
APOLLOHOSP.EQ-NSE,2023-06-26,5040.0,5000.0,12.9,0.05,2023-06-28,1784.7222222222222,138.88888888888889,0,False,0,18691.2,18650.0,0.05,38.6,0,37.450778976202706,1443.7275295326144,No SL Hit
APOLLOHOSP.EQ-NSE,2023-07-24,5165.0,5150.0,53.95,0.05,2023-07-27,7304.9370764762825,135.5275895450145,0,False,0,19672.35,19600.0,0.05,51.7,0,35.58293747315395,1837.8587204884016,No SL Hit
APOLLOHOSP.EQ-NSE,2023-08-28,4906.0,4850.0,17.35,28.6,2023-08-31,-1605.1773338768855,142.68242967794538,0,False,0,19306.05,19250.0,0.05,42.3,0,36.25806418195333,1531.9032116875283,No SL Hit
APOLLOHOSP.EQ-NSE,2023-09-25,5087.2,5050.0,27.05,34.0,2023-09-28,-956.3217487026261,137.60025161188867,0,False,0,19674.55,19600.0,75.0,35.55,0,35.57895860388167,-1403.5899169231318,No SL Hit
APOLLOHOSP.EQ-NSE,2023-10-23,4970.0,4950.0,25.8,77.4,2023-10-25,-7267.6056338028175,140.8450704225352,0,False,0,19281.75,19250.0,200.25,81.0,0,36.30375873559195,-4329.22322921934,Intraday SL Hit
APOLLOHOSP.EQ-NSE,2023-11-28,5392.6,5350.0,15.05,1.0,2023-11-30,1823.7955717093794,129.80751400066757,0,False,0,19889.7,19850.0,0.05,23.6,0,35.19409543633137,828.8209475256037,No SL Hit
APOLLOHOSP.EQ-NSE,2023-12-26,5626.0,5600.0,28.0,0.15,2023-12-28,3465.161749022396,124.42232492001422,0,False,0,21441.35,21400.0,0.2,49.55,0,32.647198054227,1611.1392239761021,No SL Hit
APOLLOHOSP.EQ-NSE,2024-01-23,6133.65,6100.0,42.5,0.15,2024-01-25,4833.174374149161,114.12454248286095,0,False,0,21238.8,21200.0,0.05,111.0,0,32.9585475638925,3656.7508522138733,No SL Hit
APOLLOHOSP.EQ-NSE,2024-02-26,6592.0,6550.0,46.0,138.0,2024-02-28,-9769.417475728156,106.18932038834951,0,False,0,22122.05,22050.0,197.0,91.35,0,31.642637097375697,-3343.0446093377427,Intraday SL Hit
APOLLOHOSP.EQ-NSE,2024-03-26,6350.0,6300.0,25.0,75.0,2024-03-27,-5511.811023622047,110.23622047244095,0,False,0,22004.7,21950.0,42.95,42.55,0,31.81138574940808,-12.724554299763412,Intraday SL Hit
APOLLOHOSP.EQ-NSE,2024-04-22,6237.0,6200.0,36.4,0.15,2024-04-25,4068.462401795735,112.2334455667789,0,False,0,22336.4,22250.0,0.15,56.75,0,31.338980319120356,1773.7862860622122,No SL Hit
APOLLOHOSP.EQ-NSE,2024-05-27,5939.9,5900.0,41.05,123.14999999999999,2024-05-30,-9675.24705803128,117.84710180306067,0,False,0,22932.45,22850.0,436.8,71.05,0,30.524431536970535,-11164.310834646973,Intraday SL Hit
APOLLOHOSP.EQ-NSE,2024-06-24,6257.85,6200.0,24.95,74.85,2024-06-26,-5581.789272673521,111.85950446239522,0,False,0,23537.85,23450.0,30.1,73.5,0,29.739334731082067,1290.6871273289617,Intraday SL Hit
UPL.EQ-NSE,2019-01-28,506.1333333333334,506.65,8.566666666666666,0.0333333333333333,2019-01-31,11801.896733403582,1383.0347734457323,0,False,0,10661.55,10600.0,0.05,42.0,0,65.65649459975333,2754.2899484596524,No SL Hit
UPL.EQ-NSE,2019-02-25,565.1,560.0,3.6666666666666665,0.0666666666666666,2019-02-28,4459.387718987789,1238.7188108299415,0,False,0,10880.1,10850.0,47.0,36.5,0,64.33764395547834,-675.5452615325225,No SL Hit
UPL.EQ-NSE,2019-03-25,609.3333333333334,600.0,2.766666666666667,0.0333333333333333,2019-03-28,3140.0437636761494,1148.796498905908,0,False,0,11354.25,11300.0,0.1,30.35,0,61.650923662945594,1864.9404408041041,No SL Hit
UPL.EQ-NSE,2019-04-22,624.0,620.0,5.466666666666666,0.0333333333333333,2019-04-25,6095.08547008547,1121.7948717948718,0,False,0,11594.45,11550.0,0.05,32.05,0,60.3737132852356,1931.958825127539,No SL Hit
UPL.EQ-NSE,2019-05-27,685.0,680.0,8.6,9.333333333333334,2019-05-30,-749.3917274939182,1021.8978102189781,0,False,0,11924.75,11900.0,0.05,60.65,0,58.701440281766914,3557.307281075075,No SL Hit
UPL.EQ-NSE,2019-06-24,625.3333333333334,620.0,9.0,0.0333333333333333,2019-06-27,10037.31343283582,1119.4029850746267,0,False,0,11699.65,11650.0,0.05,36.0,0,59.83084964080122,2150.919044586804,No SL Hit
UPL.EQ-NSE,2019-07-22,638.55,633.35,5.6,16.799999999999997,2019-07-24,-12277.816928979719,1096.2336543731894,0,False,0,11346.2,11300.0,84.9,36.5,0,61.694664292891005,-2986.021751775925,Intraday SL Hit
UPL.EQ-NSE,2019-08-26,546.5,540.0,5.8,0.05,2019-08-29,7365.05032021958,1280.8783165599268,0,False,0,11057.85,11000.0,50.1,56.3,0,63.30344506391387,392.4813593962657,No SL Hit
UPL.EQ-NSE,2019-09-23,581.9,573.35,9.55,0.1,2019-09-26,11367.93263447328,1202.9558343357967,0,False,0,11600.2,11550.0,0.05,72.0,0,60.34378717608317,4341.735487319184,No SL Hit
UPL.EQ-NSE,2019-10-29,594.75,590.0,5.2,0.1,2019-10-31,6002.52206809584,1176.965111391341,0,False,0,11786.85,11750.0,0.05,32.75,0,59.388216529437464,1941.9946805126053,No SL Hit
UPL.EQ-NSE,2019-11-25,544.35,540.0,5.0,0.05,2019-11-28,6365.389914577018,1285.9373564802056,0,False,0,12073.75,12000.0,0.05,25.75,0,57.97701625427063,1490.009317734755,No SL Hit
UPL.EQ-NSE,2019-12-23,576.8,580.0,8.0,8.5,2019-12-26,-606.7961165048545,1213.592233009709,0,False,0,12262.75,12200.0,73.35,15.6,0,57.08344376261442,-3296.5688772909825,No SL Hit
UPL.EQ-NSE,2020-01-27,538.0,530.0,5.2,0.05,2020-01-30,6700.743494423792,1301.1152416356877,0,False,0,12119.0,12050.0,14.3,38.0,0,57.760541298787025,1368.9248287812525,No SL Hit
UPL.EQ-NSE,2020-02-24,575.0,570.0,7.45,22.35,2020-02-27,-18139.13043478261,1217.391304347826,0,False,0,11829.4,11800.0,260.55,76.0,0,59.17459888075473,-10920.672223443285,Intraday SL Hit
UPL.EQ-NSE,2020-03-23,254.6,230.0,3.05,0.05,2020-03-26,8248.232521602513,2749.4108405341713,0,False,0,7610.25,7550.0,0.05,336.5,0,91.98120955290563,30947.077954075095,No SL Hit
UPL.EQ-NSE,2020-04-27,350.0,340.0,6.5,0.05,2020-04-30,12900.0,2000.0,0,False,0,9282.3,9200.0,0.05,80.0,0,75.41234392338106,6029.216896674316,No SL Hit
UPL.EQ-NSE,2020-05-26,366.6,360.0,5.05,0.05,2020-05-28,9547.190398254228,1909.4380796508456,0,False,0,9029.05,8950.0,0.05,41.55,0,77.52753611952532,3217.392748960301,No SL Hit
UPL.EQ-NSE,2020-06-22,448.0,440.0,10.0,0.3,2020-06-25,15156.249999999998,1562.5,0,False,0,10311.2,10200.0,0.05,65.85,0,67.88734579874311,4466.987353557297,No SL Hit
UPL.EQ-NSE,2020-07-27,446.3,440.0,6.05,0.05,2020-07-30,9410.710284561954,1568.451714093659,0,False,0,11131.8,11000.0,0.05,49.0,0,62.88291201782282,3078.118543272427,No SL Hit
UPL.EQ-NSE,2020-08-24,498.4,490.0,5.15,0.1,2020-08-27,7092.696629213484,1404.4943820224719,0,False,0,11466.45,11350.0,0.05,32.05,0,61.047665144835584,1953.5252846347385,No SL Hit
UPL.EQ-NSE,2020-09-21,530.2,520.0,5.0,15.0,2020-09-24,-13202.565069784985,1320.2565069784985,0,False,0,11250.55,11150.0,351.05,75.1,0,62.21918039562511,-17169.38283017275,Intraday SL Hit
UPL.EQ-NSE,2020-10-26,432.05,420.0,2.65,0.05,2020-10-29,4212.475407938896,1620.1828492072677,0,False,0,11767.75,11650.0,0.05,46.05,0,59.484608357587476,2736.291984449024,No SL Hit
UPL.EQ-NSE,2020-11-23,426.65,420.0,3.45,0.05,2020-11-26,5578.342904019689,1640.6890894175554,0,False,0,12926.45,12800.0,0.05,40.3,0,54.152532211086566,2179.6394214962343,No SL Hit
UPL.EQ-NSE,2020-12-28,453.55,450.0,3.7,0.05,2020-12-31,5633.337008047624,1543.3800022048285,0,False,0,13873.2,13750.0,0.05,39.0,0,50.45699622293342,1965.3000028832569,No SL Hit
UPL.EQ-NSE,2021-01-25,589.6,580.0,5.0,19.8,2021-01-28,-17571.23473541384,1187.245590230665,0,False,0,14238.9,14100.0,180.0,41.95,0,49.16110092774021,-6786.689983074536,Overnight SL Hit
UPL.EQ-NSE,2021-02-22,537.05,530.0,7.0,21.0,2021-02-23,-18247.835397076626,1303.4168140769018,0,False,0,14675.7,14550.0,77.35,87.5,0,47.697895160026434,484.1336358742686,Intraday SL Hit
UPL.EQ-NSE,2021-03-22,625.5,620.0,9.05,27.150000000000002,2021-03-25,-20255.795363709032,1119.1047162270183,0,False,0,14736.4,14600.0,341.55,73.45,0,47.501425042751286,-12735.13205396162,Intraday SL Hit
UPL.EQ-NSE,2021-04-26,590.6,580.0,6.1,0.2,2021-04-29,6992.888587876735,1185.2353538774128,0,False,0,14485.0,14400.0,0.05,97.65,0,48.32585433206766,4716.603382809803,No SL Hit
UPL.EQ-NSE,2021-05-24,790.85,780.0,7.95,0.1,2021-05-27,6948.220269330468,885.1236011885945,0,False,0,15197.7,15100.0,0.1,55.0,0,46.059601123854264,2528.672101699599,No SL Hit
UPL.EQ-NSE,2021-06-21,773.0,760.0,6.3,0.05,2021-06-24,5659.767141009055,905.5627425614489,0,False,0,15746.5,15650.0,0.05,48.3,0,44.45432318292954,2144.9210935763504,No SL Hit
UPL.EQ-NSE,2021-07-26,817.5,810.0,4.55,13.649999999999999,2021-07-28,-7792.048929663606,856.269113149847,0,False,0,15824.45,15750.0,257.0,41.0,0,44.23534467232668,-9554.834449222564,Intraday SL Hit
UPL.EQ-NSE,2021-08-23,718.0,710.0,5.1,0.05,2021-08-26,4923.398328690808,974.9303621169917,0,False,0,16496.45,16400.0,0.05,45.2,0,42.43337202852735,1915.8667470880102,No SL Hit
UPL.EQ-NSE,2021-09-27,726.8,720.0,6.0,13.2,2021-09-30,-6934.507429829389,963.1260319207486,0,False,0,17855.1,17750.0,132.75,54.6,0,39.20448499308321,-3063.8305022094532,No SL Hit
UPL.EQ-NSE,2021-10-25,693.8,690.0,6.0,0.15,2021-10-28,5902.277313346786,1008.9362928797925,0,False,0,18125.4,18050.0,191.0,79.0,0,38.619837355313535,-4325.421783795116,No SL Hit
UPL.EQ-NSE,2021-11-22,717.9,710.0,6.05,0.15,2021-11-25,5752.890374703998,975.0661652040675,0,False,0,17416.55,17350.0,0.05,71.15,0,40.191656786217706,2857.626797500079,No SL Hit
UPL.EQ-NSE,2021-12-27,759.9,750.0,3.45,10.350000000000001,2021-12-30,-6356.099486774577,921.173838662982,0,False,0,17086.25,17000.0,12.0,70.25,0,40.96861511449265,2386.421830419197,Intraday SL Hit
UPL.EQ-NSE,2022-01-24,759.0,750.0,5.0,0.05,2022-01-27,4565.217391304348,922.266139657444,0,False,0,17149.1,17050.0,0.05,123.5,0,40.81846860768204,5039.039949618348,No SL Hit
UPL.EQ-NSE,2022-02-21,704.35,700.0,6.75,20.25,2022-02-22,-13416.625257329453,993.824093135515,0,False,0,17206.65,17100.0,316.55,101.0,0,40.68194564310891,-8768.993383372126,Intraday SL Hit
UPL.EQ-NSE,2022-03-28,780.0,770.0,2.95,0.3,2022-03-31,2378.2051282051284,897.4358974358975,0,False,0,17222.0,17150.0,0.05,79.0,0,40.64568575078388,3208.9768900243876,No SL Hit
UPL.EQ-NSE,2022-04-25,804.5,800.0,7.95,0.1,2022-04-28,6830.329397141082,870.105655686762,0,False,0,16953.95,16850.0,0.05,85.3,0,41.28831334290829,3519.8287124829317,No SL Hit
UPL.EQ-NSE,2022-05-23,789.75,780.0,5.7,17.1,2022-05-25,-10104.463437796772,886.3564419119974,0,False,0,16214.7,16150.0,195.35,151.35,0,43.17070312740908,-1899.5109376059993,Intraday SL Hit
UPL.EQ-NSE,2022-06-27,657.95,650.0,5.35,16.049999999999997,2022-06-30,-11383.8437571244,1063.9106315069535,0,False,0,15832.05,15750.0,76.5,87.0,0,44.21410998575674,464.2481548504458,Intraday SL Hit
UPL.EQ-NSE,2022-07-25,734.0,730.0,11.5,4.0,2022-07-28,7152.58855585831,953.6784741144414,0,False,0,16631.0,16550.0,0.05,72.55,0,42.09007275569719,3051.5302747880464,No SL Hit
UPL.EQ-NSE,2022-08-22,745.0,740.0,6.65,0.05,2022-08-25,6201.342281879195,939.5973154362416,0,False,0,17490.7,17400.0,0.05,67.4,0,40.02126844551676,2695.432429805554,No SL Hit
UPL.EQ-NSE,2022-09-26,679.75,670.0,5.7,14.0,2022-09-29,-8547.260022066937,1029.7903641044502,0,False,0,17016.3,16900.0,81.45,85.0,0,41.137027438397304,146.03644740631032,No SL Hit
UPL.EQ-NSE,2022-10-25,694.7,690.0,1.4,0.05,2022-10-27,1360.299409817187,1007.6291924571757,0,False,0,17656.35,17550.0,0.05,32.0,0,39.64579315656974,1266.6830913524032,No SL Hit
UPL.EQ-NSE,2022-11-21,758.7,750.0,2.0,0.1,2022-11-24,1752.9985501515748,922.63081586925,0,False,0,18159.95,18050.0,0.05,30.0,0,38.54636163645825,1154.4635310119245,No SL Hit
UPL.EQ-NSE,2022-12-26,718.5,710.0,4.0,0.35,2022-12-29,3556.019485038274,974.2519137091163,0,False,0,18014.6,17900.0,0.05,56.0,0,38.85737124332486,2174.0699210640264,No SL Hit
UPL.EQ-NSE,2023-01-23,750.0,740.0,1.5,4.5,2023-01-25,-2800.0,933.3333333333334,0,False,0,18118.55,18000.0,160.8,18.8,0,38.63443818627871,-5486.090222451577,Intraday SL Hit
UPL.EQ-NSE,2023-02-20,757.05,750.0,3.0,9.0,2023-02-22,-5547.850208044383,924.6417013407305,0,False,0,17844.6,17750.0,226.9,40.0,0,39.22755343353172,-7331.629736727078,Intraday SL Hit
UPL.EQ-NSE,2023-03-27,700.4,690.0,2.75,0.05,2023-03-29,2698.458023986294,999.4288977727014,0,False,0,16985.7,16900.0,0.05,35.45,0,41.21113642652349,1458.8742294989318,No SL Hit
UPL.EQ-NSE,2023-04-24,729.15,720.0,2.4,7.85,2023-04-25,-5232.119591304943,960.0219433587054,0,False,0,17743.4,17650.0,25.65,24.3,0,39.45128892996832,-53.25924005545715,Overnight SL Hit
UPL.EQ-NSE,2023-05-22,671.2,670.0,5.1,0.05,2023-05-25,5266.68653158522,1042.9082240762812,0,False,0,18314.4,18250.0,0.05,42.15,0,38.22129035076224,1609.1163237670903,No SL Hit
UPL.EQ-NSE,2023-06-26,679.0,670.0,1.7,0.05,2023-06-28,1701.0309278350517,1030.9278350515465,0,False,0,18691.2,18650.0,0.05,38.6,0,37.450778976202706,1443.7275295326144,No SL Hit
UPL.EQ-NSE,2023-07-24,631.85,625.0,3.2,0.4,2023-07-27,3102.002057450344,1107.8578776608372,0,False,0,19672.35,19600.0,0.05,51.7,0,35.58293747315395,1837.8587204884016,No SL Hit
UPL.EQ-NSE,2023-08-28,585.05,580.0,2.2,0.05,2023-08-31,2572.429706862662,1196.4789334244938,0,False,0,19306.05,19250.0,0.05,42.3,0,36.25806418195333,1531.9032116875283,No SL Hit
UPL.EQ-NSE,2023-09-25,616.05,610.0,1.65,4.949999999999999,2023-09-28,-3749.695641587533,1136.271406541677,0,False,0,19674.55,19600.0,96.5,35.55,0,35.57895860388167,-2168.5375269065876,Intraday SL Hit
UPL.EQ-NSE,2023-10-23,587.95,585.0,4.9,14.700000000000001,2023-10-26,-11667.658814525044,1190.5774300535759,0,False,0,19281.75,19250.0,411.25,81.0,0,36.30375873559195,-11989.31632242924,Intraday SL Hit
UPL.EQ-NSE,2023-11-28,563.7,560.0,1.1,0.1,2023-11-30,1241.7952811779314,1241.7952811779314,0,False,0,19889.7,19850.0,0.05,23.6,0,35.19409543633137,828.8209475256037,No SL Hit
UPL.EQ-NSE,2023-12-26,586.0,585.0,3.5,0.1,2023-12-28,4061.4334470989756,1194.5392491467576,0,False,0,21441.35,21400.0,0.2,49.55,0,32.647198054227,1611.1392239761021,No SL Hit
UPL.EQ-NSE,2024-01-23,535.0,530.0,3.5,0.05,2024-01-25,4514.018691588785,1308.411214953271,0,False,0,21238.8,21200.0,0.05,111.0,0,32.9585475638925,3656.7508522138733,No SL Hit
UPL.EQ-NSE,2024-02-26,488.75,485.0,3.2,9.600000000000001,2024-02-28,-9166.240409207163,1432.2250639386189,0,False,0,22122.05,22050.0,197.0,91.35,0,31.642637097375697,-3343.0446093377427,Intraday SL Hit
UPL.EQ-NSE,2024-03-26,465.0,460.0,2.3,6.8999999999999995,2024-03-28,-6924.731182795699,1505.3763440860216,0,False,0,22004.7,21950.0,6.85,42.55,0,31.81138574940808,1135.6664712538682,Intraday SL Hit
UPL.EQ-NSE,2024-04-22,493.0,490.0,4.05,0.05,2024-04-25,5679.513184584179,1419.8782961460447,0,False,0,22336.4,22250.0,0.15,56.75,0,31.338980319120356,1773.7862860622122,No SL Hit
UPL.EQ-NSE,2024-05-27,526.0,520.0,3.65,10.95,2024-05-30,-9714.828897338402,1330.7984790874525,0,False,0,22932.45,22850.0,436.8,71.05,0,30.524431536970535,-11164.310834646973,Intraday SL Hit
UPL.EQ-NSE,2024-06-24,572.5,565.0,3.2,0.05,2024-06-27,3851.5283842794765,1222.707423580786,0,False,0,23537.85,23450.0,0.1,73.5,0,29.739334731082067,2182.867169261424,No SL Hit
TATACONSUM.EQ-NSE,2020-02-27,363.0,320.0,0.05,3.4,2020-02-28,-6460.055096418733,1928.374655647383,0,False,0,11633.3,10150.0,0.0,0.1,0,60.172092183645226,0.0,Overnight SL Hit
TATACONSUM.EQ-NSE,2020-04-27,349.55,345.0,8.0,0.05,2020-05-28,15920.469174653126,2002.5747389500787,0,False,0,9282.3,9200.0,0.05,80.0,0,75.41234392338106,6029.216896674316,No SL Hit
TATACONSUM.EQ-NSE,2020-06-22,382.65,380.0,3.2,0.15,2020-06-25,5579.51130275709,1829.3479681170784,0,False,0,10311.2,10200.0,0.05,65.85,0,67.88734579874311,4466.987353557297,No SL Hit
TATACONSUM.EQ-NSE,2020-07-27,407.75,400.0,3.3,0.05,2020-07-30,5579.399141630901,1716.7381974248926,0,False,0,11131.8,11000.0,0.05,49.0,0,62.88291201782282,3078.118543272427,No SL Hit
TATACONSUM.EQ-NSE,2020-08-24,545.45,540.0,2.7,0.05,2020-08-27,3400.8616738472824,1283.3440278668988,0,False,0,11466.45,11350.0,0.05,32.05,0,61.047665144835584,1953.5252846347385,No SL Hit
TATACONSUM.EQ-NSE,2020-09-21,503.0,500.0,7.7,10.0,2020-09-24,-3200.7952286282302,1391.6500994035785,0,False,0,11250.55,11150.0,344.05,75.1,0,62.21918039562511,-16733.848567403376,No SL Hit
TATACONSUM.EQ-NSE,2020-10-26,477.0,470.0,4.2,0.1,2020-10-29,6016.771488469602,1467.5052410901467,0,False,0,11767.75,11650.0,0.05,46.05,0,59.484608357587476,2736.291984449024,No SL Hit
TATACONSUM.EQ-NSE,2020-11-23,520.05,510.0,4.1,0.05,2020-11-26,5451.398903951544,1346.0244207287762,0,False,0,12926.45,12800.0,0.05,40.3,0,54.152532211086566,2179.6394214962343,No SL Hit
TATACONSUM.EQ-NSE,2020-12-28,604.1,600.0,6.0,11.9,2020-12-31,-6836.616454229432,1158.7485515643104,0,False,0,13873.2,13750.0,0.05,39.0,0,50.45699622293342,1965.3000028832569,No SL Hit
TATACONSUM.EQ-NSE,2021-01-25,573.55,570.0,4.1,12.299999999999999,2021-01-28,-10007.84587219946,1220.4690088048121,0,False,0,14238.9,14100.0,397.2,41.95,0,49.16110092774021,-17464.48110457971,Intraday SL Hit
TATACONSUM.EQ-NSE,2021-02-22,618.9,610.0,3.85,0.05,2021-02-25,4297.947972208757,1131.0389400549361,0,False,0,14675.7,14550.0,0.05,87.5,0,47.697895160026434,4171.180931744312,No SL Hit
TATACONSUM.EQ-NSE,2021-03-22,622.0,610.0,4.05,0.05,2021-03-25,4501.6077170418,1125.40192926045,0,False,0,14736.4,14600.0,275.05,73.45,0,47.501425042751286,-9576.28728861866,No SL Hit
TATACONSUM.EQ-NSE,2021-04-26,672.0,660.0,3.6,0.05,2021-04-29,3697.9166666666674,1041.6666666666667,0,False,0,14485.0,14400.0,0.05,97.65,0,48.32585433206766,4716.603382809803,No SL Hit
TATACONSUM.EQ-NSE,2021-05-24,640.75,630.0,2.45,0.15,2021-05-27,2512.680452594616,1092.469761997659,0,False,0,15197.7,15100.0,0.1,55.0,0,46.059601123854264,2528.672101699599,No SL Hit
TATACONSUM.EQ-NSE,2021-06-21,743.5,740.0,5.15,0.05,2021-06-24,4801.613987895092,941.492938802959,0,False,0,15746.5,15650.0,0.05,48.3,0,44.45432318292954,2144.9210935763504,No SL Hit
TATACONSUM.EQ-NSE,2021-07-26,777.0,770.0,2.0,6.0,2021-07-27,-3603.6036036036035,900.9009009009009,0,False,0,15824.45,15750.0,98.75,41.0,0,44.23534467232668,-2554.591154826866,Intraday SL Hit
TATACONSUM.EQ-NSE,2021-08-23,834.2,830.0,5.2,0.1,2021-08-26,4279.549268760489,839.1273076000958,0,False,0,16496.45,16400.0,0.05,45.2,0,42.43337202852735,1915.8667470880102,No SL Hit
TATACONSUM.EQ-NSE,2021-09-27,835.85,830.0,4.5,13.5,2021-09-29,-7537.237542621284,837.4708380690315,0,False,0,17855.1,17750.0,173.0,54.6,0,39.20448499308321,-4641.811023181052,Intraday SL Hit
TATACONSUM.EQ-NSE,2021-10-25,786.25,780.0,4.95,0.05,2021-10-28,4362.48012718601,890.302066772655,0,False,0,18125.4,18050.0,191.0,79.0,0,38.619837355313535,-4325.421783795116,No SL Hit
TATACONSUM.EQ-NSE,2021-11-22,809.0,800.0,3.2,0.15,2021-11-25,2639.060568603214,865.2657601977751,0,False,0,17416.55,17350.0,0.05,71.15,0,40.191656786217706,2857.626797500079,No SL Hit
TATACONSUM.EQ-NSE,2021-12-27,719.9,710.0,4.2,0.05,2021-12-30,4035.282678149744,972.3572718433117,0,False,0,17086.25,17000.0,0.05,70.25,0,40.96861511449265,2875.996781037384,No SL Hit
TATACONSUM.EQ-NSE,2022-01-24,691.5,690.0,5.5,0.05,2022-01-27,5516.992046276212,1012.2921185827911,0,False,0,17149.1,17050.0,0.05,123.5,0,40.81846860768204,5039.039949618348,No SL Hit
TATACONSUM.EQ-NSE,2022-02-21,712.9,710.0,6.0,18.0,2022-02-24,-11782.858745967176,981.9048954972648,0,False,0,17206.65,17100.0,869.8,101.0,0,40.68194564310891,-31276.27981042213,Intraday SL Hit
TATACONSUM.EQ-NSE,2022-03-28,738.9,730.0,5.95,0.05,2022-03-31,5589.389633238598,947.3541751251861,0,False,0,17222.0,17150.0,0.05,79.0,0,40.64568575078388,3208.9768900243876,No SL Hit
TATACONSUM.EQ-NSE,2022-04-25,794.0,790.0,6.5,0.05,2022-04-28,5686.39798488665,881.6120906801008,0,False,0,16953.95,16850.0,0.05,85.3,0,41.28831334290829,3519.8287124829317,No SL Hit
TATACONSUM.EQ-NSE,2022-05-23,730.1,720.0,6.1,18.299999999999997,2022-05-26,-11697.027804410352,958.7727708533077,0,False,0,16214.7,16150.0,266.65,151.35,0,43.17070312740908,-4977.582070590266,Intraday SL Hit
TATACONSUM.EQ-NSE,2022-06-27,730.0,720.0,4.1,12.299999999999999,2022-06-30,-7863.013698630137,958.9041095890411,0,False,0,15832.05,15750.0,76.5,87.0,0,44.21410998575674,464.2481548504458,Intraday SL Hit
TATACONSUM.EQ-NSE,2022-07-25,805.9,800.0,3.35,10.05,2022-07-26,-5819.580593125699,868.5941183769698,0,False,0,16631.0,16550.0,129.0,72.55,0,42.09007275569719,-2375.9846070591066,Intraday SL Hit
TATACONSUM.EQ-NSE,2022-08-22,793.5,790.0,7.45,0.05,2022-08-25,6528.0403276622565,882.1676118462508,0,False,0,17490.7,17400.0,0.05,67.4,0,40.02126844551676,2695.432429805554,No SL Hit
TATACONSUM.EQ-NSE,2022-09-26,785.0,780.0,7.5,0.1,2022-09-29,6598.726114649682,891.71974522293,0,False,0,17016.3,16900.0,81.45,85.0,0,41.137027438397304,146.03644740631032,No SL Hit
TATACONSUM.EQ-NSE,2022-10-25,767.5,760.0,1.9,0.1,2022-10-27,1641.6938110749184,912.0521172638437,0,False,0,17656.35,17550.0,0.05,32.0,0,39.64579315656974,1266.6830913524032,No SL Hit
TATACONSUM.EQ-NSE,2022-11-21,770.4,760.0,1.95,0.05,2022-11-24,1726.3759086188993,908.618899273105,0,False,0,18159.95,18050.0,0.05,30.0,0,38.54636163645825,1154.4635310119245,No SL Hit
TATACONSUM.EQ-NSE,2022-12-26,775.75,770.0,3.8,0.05,2022-12-29,3383.82210763777,902.3525620367386,0,False,0,18014.6,17900.0,0.05,56.0,0,38.85737124332486,2174.0699210640264,No SL Hit
TATACONSUM.EQ-NSE,2023-01-23,742.0,740.0,2.7,8.100000000000001,2023-01-25,-5094.339622641511,943.3962264150944,0,False,0,18118.55,18000.0,160.8,18.8,0,38.63443818627871,-5486.090222451577,Intraday SL Hit
TATACONSUM.EQ-NSE,2023-02-20,721.8,720.0,4.45,5.25,2023-02-23,-775.8381823219727,969.7977279024661,0,False,0,17844.6,17750.0,239.15,40.0,0,39.22755343353172,-7812.167266287842,No SL Hit
TATACONSUM.EQ-NSE,2023-03-27,697.45,690.0,1.6,0.05,2023-03-29,1555.6670729084522,1003.6561760699691,0,False,0,16985.7,16900.0,0.05,35.45,0,41.21113642652349,1458.8742294989318,No SL Hit
TATACONSUM.EQ-NSE,2023-04-24,734.7,730.0,6.3,0.05,2023-04-27,5954.811487682047,952.7698380291275,0,False,0,17743.4,17650.0,0.05,24.3,0,39.45128892996832,956.6937565517318,No SL Hit
TATACONSUM.EQ-NSE,2023-05-22,767.1,760.0,1.35,0.05,2023-05-25,1186.2860122539435,912.5277017338026,0,False,0,18314.4,18250.0,0.05,42.15,0,38.22129035076224,1609.1163237670903,No SL Hit
TATACONSUM.EQ-NSE,2023-06-26,861.9,855.0,4.0,0.25,2023-06-28,3045.596936999652,812.1591831999071,0,False,0,18691.2,18650.0,0.05,38.6,0,37.450778976202706,1443.7275295326144,No SL Hit
TATACONSUM.EQ-NSE,2023-07-24,860.2,855.0,7.25,6.0,2023-07-27,1017.2053010927691,813.7642408742153,0,False,0,19672.35,19600.0,0.05,51.7,0,35.58293747315395,1837.8587204884016,No SL Hit
TATACONSUM.EQ-NSE,2023-08-28,840.0,835.0,2.55,6.7,2023-08-31,-3458.333333333334,833.3333333333334,0,False,0,19306.05,19250.0,0.05,42.3,0,36.25806418195333,1531.9032116875283,No SL Hit
TATACONSUM.EQ-NSE,2023-09-25,905.0,900.0,7.3,21.9,2023-09-28,-11292.81767955801,773.4806629834254,0,False,0,19674.55,19600.0,96.5,35.55,0,35.57895860388167,-2168.5375269065876,Intraday SL Hit
TATACONSUM.EQ-NSE,2023-10-23,881.8,875.0,2.2,0.05,2023-10-26,1706.7362213653892,793.8308006350646,0,False,0,19281.75,19250.0,395.25,81.0,0,36.30375873559195,-11408.45618265977,No SL Hit
TATACONSUM.EQ-NSE,2023-11-28,932.0,930.0,3.2,0.05,2023-11-30,2365.8798283261804,751.0729613733905,0,False,0,19889.7,19850.0,0.05,23.6,0,35.19409543633137,828.8209475256037,No SL Hit
TATACONSUM.EQ-NSE,2023-12-26,1006.6,1000.0,1.8,0.05,2023-12-28,1216.9680111265648,695.4102920723227,0,False,0,21441.35,21400.0,0.2,49.55,0,32.647198054227,1611.1392239761021,No SL Hit
TATACONSUM.EQ-NSE,2024-01-23,1145.9,1140.0,6.25,0.5,2024-01-25,3512.522907758094,610.8735491753207,0,False,0,21238.8,21200.0,0.05,111.0,0,32.9585475638925,3656.7508522138733,No SL Hit
TATACONSUM.EQ-NSE,2024-02-26,1178.0,1170.0,7.8,0.05,2024-02-29,4605.263157894737,594.2275042444821,0,False,0,22122.05,22050.0,67.1,91.35,0,31.642637097375697,767.3339496113607,No SL Hit
TATACONSUM.EQ-NSE,2024-03-26,1114.05,1110.0,5.8,17.4,2024-03-27,-7288.721332076656,628.3380458686773,0,False,0,22004.7,21950.0,42.95,42.55,0,31.81138574940808,-12.724554299763412,Intraday SL Hit
TATACONSUM.EQ-NSE,2024-04-22,1175.5,1170.0,16.6,49.800000000000004,2024-04-24,-19770.31050616759,595.4912803062526,0,False,0,22336.4,22250.0,0.0,56.75,0,31.338980319120356,1778.4871331100803,Intraday SL Hit
TATACONSUM.EQ-NSE,2024-05-27,1087.95,1080.0,4.8,14.399999999999999,2024-05-30,-6176.754446435956,643.4119215037456,0,False,0,22932.45,22850.0,436.8,71.05,0,30.524431536970535,-11164.310834646973,Intraday SL Hit
TATACONSUM.EQ-NSE,2024-06-24,1103.95,1100.0,8.4,14.5,2024-06-27,-3867.928801123239,634.0866887087277,0,False,0,23537.85,23450.0,0.1,73.5,0,29.739334731082067,2182.867169261424,No SL Hit
BAJAJ_AUTO.EQ-NSE,2019-01-28,2563.0,2550.0,60.0,0.05,2019-01-31,16373.390557939914,273.1174404994147,0,False,0,10661.55,10600.0,0.05,42.0,0,65.65649459975333,2754.2899484596524,No SL Hit
BAJAJ_AUTO.EQ-NSE,2019-02-25,2845.0,2800.0,14.55,0.05,2019-02-28,3567.662565905097,246.0456942003515,0,False,0,10880.1,10850.0,47.0,36.5,0,64.33764395547834,-675.5452615325225,No SL Hit
BAJAJ_AUTO.EQ-NSE,2019-03-25,2960.3501,2950.0,33.8,0.05,2019-03-28,7980.475012060228,236.45851887585863,0,False,0,11354.25,11300.0,0.1,30.35,0,61.650923662945594,1864.9404408041041,No SL Hit
BAJAJ_AUTO.EQ-NSE,2019-04-22,3050.0,3000.0,8.55,0.15,2019-04-25,1927.8688524590164,229.50819672131146,0,False,0,11594.45,11550.0,0.05,32.05,0,60.3737132852356,1931.958825127539,No SL Hit
BAJAJ_AUTO.EQ-NSE,2019-05-27,3066.0,3050.0,24.0,72.0,2019-05-28,-10958.90410958904,228.31050228310502,0,False,0,11924.75,11900.0,83.1,60.65,0,58.701440281766914,-1317.847334325667,Intraday SL Hit
BAJAJ_AUTO.EQ-NSE,2019-06-24,2814.0,2800.0,25.0,0.05,2019-06-27,6206.467661691542,248.75621890547265,0,False,0,11699.65,11650.0,0.05,36.0,0,59.83084964080122,2150.919044586804,No SL Hit
BAJAJ_AUTO.EQ-NSE,2019-07-22,2569.0,2550.0,16.0,48.0,2019-07-24,-8719.346049046322,272.47956403269757,0,False,0,11346.2,11300.0,84.9,36.5,0,61.694664292891005,-2986.021751775925,Intraday SL Hit
BAJAJ_AUTO.EQ-NSE,2019-08-26,2745.0,2700.0,16.2,0.05,2019-08-29,4118.3970856102,255.00910746812386,0,False,0,11057.85,11000.0,50.1,56.3,0,63.30344506391387,392.4813593962657,No SL Hit
BAJAJ_AUTO.EQ-NSE,2019-09-23,2997.8501,2950.0,27.0,0.3,2019-09-26,6234.467827460752,233.50066769515928,0,False,0,11600.2,11550.0,0.05,72.0,0,60.34378717608317,4341.735487319184,No SL Hit
BAJAJ_AUTO.EQ-NSE,2019-10-29,3183.0,3150.0,11.4,0.05,2019-10-31,2496.0728872133204,219.91831605403706,0,False,0,11786.85,11750.0,0.05,32.75,0,59.388216529437464,1941.9946805126053,No SL Hit
BAJAJ_AUTO.EQ-NSE,2019-12-23,3223.95,3200.0,12.0,0.05,2019-12-26,2594.6432171714823,217.12495541183952,0,False,0,12262.75,12200.0,73.35,15.6,0,57.08344376261442,-3296.5688772909825,No SL Hit
BAJAJ_AUTO.EQ-NSE,2020-01-27,3079.25,3050.0,19.1,0.05,2020-01-30,4330.59998376228,227.32808313712755,0,False,0,12119.0,12050.0,14.3,38.0,0,57.760541298787025,1368.9248287812525,No SL Hit
BAJAJ_AUTO.EQ-NSE,2020-02-24,2978.0,2950.0,17.1,16.5,2020-02-27,141.03425117528576,235.05708529214238,0,False,0,11829.4,11800.0,166.75,76.0,0,59.17459888075473,-5370.094848428492,No SL Hit
BAJAJ_AUTO.EQ-NSE,2020-03-23,1919.0,2000.0,144.0,10.0,2020-03-26,48879.62480458572,364.77331943720685,0,False,0,7610.25,7550.0,0.05,336.5,0,91.98120955290563,30947.077954075095,No SL Hit
BAJAJ_AUTO.EQ-NSE,2020-04-27,2499.0,2450.0,32.5,0.05,2020-04-30,9089.63585434174,280.1120448179272,0,False,0,9282.3,9200.0,0.05,80.0,0,75.41234392338106,6029.216896674316,No SL Hit
BAJAJ_AUTO.EQ-NSE,2020-05-26,2561.0,2550.0,20.8,0.1,2020-05-28,5657.946114798907,273.33073018352206,0,False,0,9029.05,8950.0,0.05,41.55,0,77.52753611952532,3217.392748960301,No SL Hit
BAJAJ_AUTO.EQ-NSE,2020-06-22,2863.8999,2850.0,69.9,30.0,2020-06-25,9752.435830595896,244.42195064150113,0,False,0,10311.2,10200.0,0.05,65.85,0,67.88734579874311,4466.987353557297,No SL Hit
BAJAJ_AUTO.EQ-NSE,2020-07-27,3015.0,3000.0,39.95,0.2,2020-07-30,9228.855721393036,232.17247097844114,0,False,0,11131.8,11000.0,0.05,49.0,0,62.88291201782282,3078.118543272427,No SL Hit
BAJAJ_AUTO.EQ-NSE,2020-08-24,3037.05,3000.0,21.5,0.05,2020-08-27,4943.942312441349,230.48682109283678,0,False,0,11466.45,11350.0,0.05,32.05,0,61.047665144835584,1953.5252846347385,No SL Hit
BAJAJ_AUTO.EQ-NSE,2020-09-21,2962.2,2950.0,27.5,35.0,2020-09-24,-1772.3313753291475,236.31085004388632,0,False,0,11250.55,11150.0,344.05,75.1,0,62.21918039562511,-16733.848567403376,No SL Hit
BAJAJ_AUTO.EQ-NSE,2020-10-26,2895.0,2850.0,27.3,0.05,2020-10-29,6588.94645941278,241.79620034542313,0,False,0,11767.75,11650.0,0.05,46.05,0,59.484608357587476,2736.291984449024,No SL Hit
BAJAJ_AUTO.EQ-NSE,2020-11-23,3072.7,3050.0,25.65,0.05,2020-11-26,5832.004426074788,227.81267289354642,0,False,0,12926.45,12800.0,0.05,40.3,0,54.152532211086566,2179.6394214962343,No SL Hit
BAJAJ_AUTO.EQ-NSE,2020-12-28,3420.0,3400.0,31.0,0.1,2020-12-31,6324.561403508771,204.6783625730994,0,False,0,13873.2,13750.0,0.05,39.0,0,50.45699622293342,1965.3000028832569,No SL Hit
BAJAJ_AUTO.EQ-NSE,2021-01-25,4165.0,4100.0,30.0,0.5,2021-01-28,4957.983193277311,168.0672268907563,0,False,0,14238.9,14100.0,282.5,41.95,0,49.16110092774021,-11825.702828167907,No SL Hit
BAJAJ_AUTO.EQ-NSE,2021-02-22,3946.5,3900.0,26.0,0.15,2021-02-25,4585.075383250983,177.37235525148867,0,False,0,14675.7,14550.0,0.05,87.5,0,47.697895160026434,4171.180931744312,No SL Hit
BAJAJ_AUTO.EQ-NSE,2021-03-22,3661.5,3600.0,17.45,52.349999999999994,2021-03-25,-6672.128908917109,191.17847876553324,0,False,0,14736.4,14600.0,341.55,73.45,0,47.501425042751286,-12735.13205396162,Intraday SL Hit
BAJAJ_AUTO.EQ-NSE,2021-04-26,3739.0,3700.0,41.5,0.25,2021-04-29,7722.653115806365,187.21583311045734,0,False,0,14485.0,14400.0,0.05,97.65,0,48.32585433206766,4716.603382809803,No SL Hit
BAJAJ_AUTO.EQ-NSE,2021-05-24,4154.7002,4100.0,15.9,0.05,2021-05-27,2670.4694601068927,168.4838776092677,0,False,0,15197.7,15100.0,0.1,55.0,0,46.059601123854264,2528.672101699599,No SL Hit
BAJAJ_AUTO.EQ-NSE,2021-06-21,4180.0,4150.0,29.15,0.05,2021-06-24,4873.205741626794,167.4641148325359,0,False,0,15746.5,15650.0,0.05,48.3,0,44.45432318292954,2144.9210935763504,No SL Hit
BAJAJ_AUTO.EQ-NSE,2021-07-26,3840.0,3800.0,19.0,57.0,2021-07-29,-6927.083333333333,182.29166666666666,0,False,0,15824.45,15750.0,47.4,41.0,0,44.23534467232668,-283.1062059028907,Intraday SL Hit
BAJAJ_AUTO.EQ-NSE,2021-08-23,3667.0,3650.0,33.8,0.05,2021-08-26,6442.596127624761,190.89173711480774,0,False,0,16496.45,16400.0,0.05,45.2,0,42.43337202852735,1915.8667470880102,No SL Hit
BAJAJ_AUTO.EQ-NSE,2021-09-27,3911.0,3900.0,45.55,70.0,2021-09-30,-4376.118639734083,178.98235745333673,0,False,0,17855.1,17750.0,132.75,54.6,0,39.20448499308321,-3063.8305022094532,No SL Hit
BAJAJ_AUTO.EQ-NSE,2021-10-25,3765.0,3750.0,51.85,63.45,2021-10-28,-2156.706507304117,185.9229747675963,0,False,0,18125.4,18050.0,191.0,79.0,0,38.619837355313535,-4325.421783795116,No SL Hit
BAJAJ_AUTO.EQ-NSE,2021-11-22,3441.0,3400.0,14.95,0.2,2021-11-25,3000.581226387678,203.4292356873002,0,False,0,17416.55,17350.0,0.05,71.15,0,40.191656786217706,2857.626797500079,No SL Hit
BAJAJ_AUTO.EQ-NSE,2021-12-27,3159.0,3150.0,18.45,0.05,2021-12-30,4077.239632795188,221.58911047799936,0,False,0,17086.25,17000.0,0.05,70.25,0,40.96861511449265,2875.996781037384,No SL Hit
BAJAJ_AUTO.EQ-NSE,2022-01-24,3390.05,3360.0,18.55,0.15,2022-01-27,3799.353991829029,206.48662999070808,0,False,0,17149.1,17050.0,0.05,123.5,0,40.81846860768204,5039.039949618348,No SL Hit
BAJAJ_AUTO.EQ-NSE,2022-02-21,3568.75,3540.0,16.05,48.150000000000006,2022-02-24,-6296.322241681262,196.14711033274955,0,False,0,17206.65,17100.0,869.8,101.0,0,40.68194564310891,-31276.27981042213,Intraday SL Hit
BAJAJ_AUTO.EQ-NSE,2022-03-28,3680.5,3660.0,28.5,3.3,2022-03-31,4792.827061540552,190.191550061133,0,False,0,17222.0,17150.0,0.05,79.0,0,40.64568575078388,3208.9768900243876,No SL Hit
BAJAJ_AUTO.EQ-NSE,2022-04-25,3717.2,3700.0,46.5,0.05,2022-04-28,8747.175293231467,188.31378456903047,0,False,0,16953.95,16850.0,0.05,85.3,0,41.28831334290829,3519.8287124829317,No SL Hit
BAJAJ_AUTO.EQ-NSE,2022-05-23,3783.0,3750.0,25.2,0.15,2022-05-26,4635.210150674068,185.03832936822627,0,False,0,16214.7,16150.0,0.05,151.35,0,43.17070312740908,6531.727383176993,No SL Hit
BAJAJ_AUTO.EQ-NSE,2022-06-27,3855.0,3800.0,122.0,103.0,2022-06-30,3450.0648508430613,181.58236057068743,0,False,0,15832.05,15750.0,0.05,87.0,0,44.21410998575674,3844.4168632615488,No SL Hit
BAJAJ_AUTO.EQ-NSE,2022-07-25,4024.5,4000.0,45.85,137.55,2022-07-27,-15949.80742949435,173.93465026711394,0,False,0,16631.0,16550.0,146.9,72.55,0,42.09007275569719,-3129.3969093860865,Intraday SL Hit
BAJAJ_AUTO.EQ-NSE,2022-08-22,4048.3999,4000.0,18.0,0.05,2022-08-25,3103.695363691714,172.90781970427378,0,False,0,17490.7,17400.0,0.05,67.4,0,40.02126844551676,2695.432429805554,No SL Hit
BAJAJ_AUTO.EQ-NSE,2022-09-26,3577.0,3550.0,22.65,67.94999999999999,2022-09-29,-8864.970645792562,195.69471624266146,0,False,0,17016.3,16900.0,120.25,85.0,0,41.137027438397304,-1450.080217203505,Intraday SL Hit
BAJAJ_AUTO.EQ-NSE,2022-10-25,3655.1001,3650.0,7.95,23.85,2022-10-27,-3045.0602433569466,191.51322285263814,0,False,0,17656.35,17550.0,8.8,32.0,0,39.64579315656974,919.7824012324179,Intraday SL Hit
BAJAJ_AUTO.EQ-NSE,2022-11-21,3610.0,3600.0,18.25,0.5,2022-11-24,3441.828254847646,193.90581717451525,0,False,0,18159.95,18050.0,0.05,30.0,0,38.54636163645825,1154.4635310119245,No SL Hit
BAJAJ_AUTO.EQ-NSE,2022-12-26,3554.95,3550.0,22.15,0.2,2022-12-29,4322.142364871517,196.90853598503497,0,False,0,18014.6,17900.0,0.05,56.0,0,38.85737124332486,2174.0699210640264,No SL Hit
BAJAJ_AUTO.EQ-NSE,2023-01-23,3626.95,3600.0,7.9,0.05,2023-01-25,1515.0470781234924,192.99962778643214,0,False,0,18118.55,18000.0,108.0,18.8,0,38.63443818627871,-3446.191886216061,No SL Hit
BAJAJ_AUTO.EQ-NSE,2023-02-20,3899.5,3880.0,17.7,53.099999999999994,2023-02-21,-6354.660853955634,179.51019361456596,0,False,0,17844.6,17750.0,50.95,40.0,0,39.22755343353172,-429.5417100971724,Intraday SL Hit
BAJAJ_AUTO.EQ-NSE,2023-03-27,3800.0,3780.0,6.6,0.1,2023-03-29,1197.3684210526317,184.21052631578948,0,False,0,16985.7,16900.0,0.05,35.45,0,41.21113642652349,1458.8742294989318,No SL Hit
BAJAJ_AUTO.EQ-NSE,2023-04-24,4340.0,4300.0,31.3,0.3,2023-04-27,5000.0,161.29032258064515,0,False,0,17743.4,17650.0,0.05,24.3,0,39.45128892996832,956.6937565517318,No SL Hit
BAJAJ_AUTO.EQ-NSE,2023-05-22,4512.0,4480.0,14.0,0.2,2023-05-25,2140.9574468085107,155.1418439716312,0,False,0,18314.4,18250.0,0.05,42.15,0,38.22129035076224,1609.1163237670903,No SL Hit
BAJAJ_AUTO.EQ-NSE,2023-06-26,4603.8999,4580.0,19.5,0.15,2023-06-28,2942.0709168763638,152.04500862410148,0,False,0,18691.2,18650.0,0.05,38.6,0,37.450778976202706,1443.7275295326144,No SL Hit
BAJAJ_AUTO.EQ-NSE,2023-07-24,4886.0,4860.0,52.15,10.0,2023-07-27,6038.681948424069,143.26647564469914,0,False,0,19672.35,19600.0,0.05,51.7,0,35.58293747315395,1837.8587204884016,No SL Hit
BAJAJ_AUTO.EQ-NSE,2023-08-28,4590.0,4560.0,15.9,0.1,2023-08-31,2409.5860566448805,152.5054466230937,0,False,0,19306.05,19250.0,0.05,42.3,0,36.25806418195333,1531.9032116875283,No SL Hit
BAJAJ_AUTO.EQ-NSE,2023-09-25,5006.0,4960.0,12.35,0.1,2023-09-28,1712.944466640032,139.83220135836996,0,False,0,19674.55,19600.0,75.0,35.55,0,35.57895860388167,-1403.5899169231318,No SL Hit
BAJAJ_AUTO.EQ-NSE,2023-10-23,5400.0,5350.0,11.95,35.849999999999994,2023-10-26,-3098.1481481481474,129.62962962962962,0,False,0,19281.75,19250.0,411.25,81.0,0,36.30375873559195,-11989.31632242924,Intraday SL Hit
BAJAJ_AUTO.EQ-NSE,2023-11-28,6024.1,6000.0,11.5,0.5,2023-11-30,1278.19923308046,116.19993028004183,0,False,0,19889.7,19850.0,0.05,23.6,0,35.19409543633137,828.8209475256037,No SL Hit
BAJAJ_AUTO.EQ-NSE,2023-12-26,6462.6,6450.0,50.0,0.35,2023-12-28,5377.866493361804,108.31553863769999,0,False,0,21441.35,21400.0,0.2,49.55,0,32.647198054227,1611.1392239761021,No SL Hit
BAJAJ_AUTO.EQ-NSE,2024-01-23,7114.0,7050.0,60.65,11.8,2024-01-25,4806.719145347202,98.39752600506044,0,False,0,21238.8,21200.0,0.05,111.0,0,32.9585475638925,3656.7508522138733,No SL Hit
BAJAJ_AUTO.EQ-NSE,2024-02-26,8450.0,8400.0,115.95,347.85,2024-02-28,-19210.650887573967,82.84023668639053,0,False,0,22122.05,22050.0,197.0,91.35,0,31.642637097375697,-3343.0446093377427,Intraday SL Hit
BAJAJ_AUTO.EQ-NSE,2024-03-26,8950.0,8900.0,51.0,0.15,2024-03-28,3977.094972067039,78.2122905027933,0,False,0,22004.7,21950.0,0.05,42.55,0,31.81138574940808,1351.9838943498432,No SL Hit
BAJAJ_AUTO.EQ-NSE,2024-04-22,8800.0,8750.0,68.3,8.0,2024-04-25,4796.590909090909,79.54545454545455,0,False,0,22336.4,22250.0,0.15,56.75,0,31.338980319120356,1773.7862860622122,No SL Hit
BAJAJ_AUTO.EQ-NSE,2024-05-27,8995.0,8900.0,41.6,0.15,2024-05-30,3225.6809338521402,77.82101167315174,0,False,0,22932.45,22850.0,361.15,71.05,0,30.524431536970535,-8855.137588875152,No SL Hit
BAJAJ_AUTO.EQ-NSE,2024-06-24,9752.95,9700.0,68.0,204.0,2024-06-26,-9761.149190757667,71.77315581439461,0,False,0,23537.85,23450.0,30.1,73.5,0,29.739334731082067,1290.6871273289617,Intraday SL Hit
HINDALCO.EQ-NSE,2019-01-28,200.1,200.0,2.65,0.05,2019-01-31,9095.45227386307,3498.2508745627188,0,False,0,10661.55,10600.0,0.05,42.0,0,65.65649459975333,2754.2899484596524,No SL Hit
HINDALCO.EQ-NSE,2019-02-25,196.1,195.0,2.2,6.6000000000000005,2019-02-26,-15706.272310045897,3569.607343192249,0,False,0,10880.1,10850.0,146.0,36.5,0,64.33764395547834,-7044.972013124879,Intraday SL Hit
HINDALCO.EQ-NSE,2019-03-25,204.75,205.0,2.8,2.7,2019-03-28,341.88034188034067,3418.803418803419,0,False,0,11354.25,11300.0,0.1,30.35,0,61.650923662945594,1864.9404408041041,No SL Hit
HINDALCO.EQ-NSE,2019-04-22,199.75,197.5,1.55,0.6,2019-04-25,3329.1614518147685,3504.380475594493,0,False,0,11594.45,11550.0,0.05,32.05,0,60.3737132852356,1931.958825127539,No SL Hit
HINDALCO.EQ-NSE,2019-05-27,200.0,197.5,2.0,0.05,2019-05-30,6825.0,3500.0,0,False,0,11924.75,11900.0,0.05,60.65,0,58.701440281766914,3557.307281075075,No SL Hit
HINDALCO.EQ-NSE,2019-06-24,198.1,195.0,1.45,0.05,2019-06-27,4946.9964664310955,3533.5689045936397,0,False,0,11699.65,11650.0,0.05,36.0,0,59.83084964080122,2150.919044586804,No SL Hit
HINDALCO.EQ-NSE,2019-07-22,202.5,200.0,1.25,3.75,2019-07-24,-8641.975308641975,3456.7901234567903,0,False,0,11346.2,11300.0,84.9,36.5,0,61.694664292891005,-2986.021751775925,Intraday SL Hit
HINDALCO.EQ-NSE,2019-08-26,178.8,177.5,1.8,0.05,2019-08-29,6851.230425055928,3914.988814317673,0,False,0,11057.85,11000.0,50.1,56.3,0,63.30344506391387,392.4813593962657,No SL Hit
HINDALCO.EQ-NSE,2019-09-23,198.2,195.0,1.35,4.050000000000001,2019-09-25,-9535.822401614532,3531.7860746720485,0,False,0,11600.2,11550.0,121.2,72.0,0,60.34378717608317,-2968.914329063292,Intraday SL Hit
HINDALCO.EQ-NSE,2019-10-29,184.0,180.0,0.6,0.1,2019-10-31,1902.1739130434783,3804.3478260869565,0,False,0,11786.85,11750.0,0.05,32.75,0,59.388216529437464,1941.9946805126053,No SL Hit
HINDALCO.EQ-NSE,2019-11-25,198.75,195.0,1.35,0.05,2019-11-28,4578.6163522012575,3522.012578616352,0,False,0,12073.75,12000.0,0.05,25.75,0,57.97701625427063,1490.009317734755,No SL Hit
HINDALCO.EQ-NSE,2019-12-23,214.85,215.0,2.0,0.2,2019-12-26,5864.556667442403,3258.087037468001,0,False,0,12262.75,12200.0,73.35,15.6,0,57.08344376261442,-3296.5688772909825,No SL Hit
HINDALCO.EQ-NSE,2020-01-27,200.0,200.0,3.1,7.6,2020-01-30,-15750.0,3500.0,0,False,0,12119.0,12050.0,14.3,38.0,0,57.760541298787025,1368.9248287812525,No SL Hit
HINDALCO.EQ-NSE,2020-02-24,179.4,175.0,1.6,4.800000000000001,2020-02-26,-12486.064659977705,3901.895206243032,0,False,0,11829.4,11800.0,172.6,76.0,0,59.17459888075473,-5716.266251880907,Intraday SL Hit
HINDALCO.EQ-NSE,2020-03-23,89.8,90.0,8.1,0.25,2020-03-26,61191.53674832962,7795.100222717149,0,False,0,7610.25,7550.0,0.05,336.5,0,91.98120955290563,30947.077954075095,No SL Hit
HINDALCO.EQ-NSE,2020-04-27,108.2,105.0,1.8,0.05,2020-04-30,11321.626617375232,6469.500924214418,0,False,0,9282.3,9200.0,0.05,80.0,0,75.41234392338106,6029.216896674316,No SL Hit
HINDALCO.EQ-NSE,2020-05-26,128.55,125.0,1.25,0.05,2020-05-28,6534.422403733955,5445.3520031116295,0,False,0,9029.05,8950.0,0.05,41.55,0,77.52753611952532,3217.392748960301,No SL Hit
HINDALCO.EQ-NSE,2020-06-22,150.1,147.5,2.0,0.05,2020-06-25,9093.937375083278,4663.557628247835,0,False,0,10311.2,10200.0,0.05,65.85,0,67.88734579874311,4466.987353557297,No SL Hit
HINDALCO.EQ-NSE,2020-07-27,157.85,155.0,1.7,0.05,2020-07-30,7317.073170731707,4434.589800443459,0,False,0,11131.8,11000.0,0.05,49.0,0,62.88291201782282,3078.118543272427,No SL Hit
HINDALCO.EQ-NSE,2020-08-24,194.15,190.0,1.15,0.05,2020-08-27,3966.005665722379,3605.4596961112543,0,False,0,11466.45,11350.0,0.05,32.05,0,61.047665144835584,1953.5252846347385,No SL Hit
HINDALCO.EQ-NSE,2020-09-21,166.5,165.0,3.25,6.75,2020-09-24,-14714.714714714713,4204.204204204204,0,False,0,11250.55,11150.0,344.05,75.1,0,62.21918039562511,-16733.848567403376,No SL Hit
HINDALCO.EQ-NSE,2020-10-26,172.6,170.0,2.0,1.5,2020-10-29,2027.8099652375436,4055.619930475087,0,False,0,11767.75,11650.0,0.05,46.05,0,59.484608357587476,2736.291984449024,No SL Hit
HINDALCO.EQ-NSE,2020-11-23,217.95,215.0,2.1,0.05,2020-11-26,6584.078917182841,3211.745813259922,0,False,0,12926.45,12800.0,0.05,40.3,0,54.152532211086566,2179.6394214962343,No SL Hit
HINDALCO.EQ-NSE,2020-12-28,240.05,235.0,1.8,0.05,2020-12-31,5103.103520099979,2916.059154342845,0,False,0,13873.2,13750.0,0.05,39.0,0,50.45699622293342,1965.3000028832569,No SL Hit
HINDALCO.EQ-NSE,2021-01-25,240.45,235.0,1.45,4.35,2021-01-27,-8442.503639010187,2911.208151382824,0,False,0,14238.9,14100.0,184.0,41.95,0,49.16110092774021,-6983.334386785497,Intraday SL Hit
HINDALCO.EQ-NSE,2021-02-22,314.6,310.0,3.6,0.05,2021-02-25,7898.919262555626,2225.047679593134,0,False,0,14675.7,14550.0,0.05,87.5,0,47.697895160026434,4171.180931744312,No SL Hit
HINDALCO.EQ-NSE,2021-03-22,342.1,335.0,2.85,8.55,2021-03-24,-11663.256357790122,2046.185325928091,0,False,0,14736.4,14600.0,114.9,73.45,0,47.501425042751286,-1968.934068022041,Intraday SL Hit
HINDALCO.EQ-NSE,2021-04-26,348.6,345.0,3.5,0.05,2021-04-29,6927.710843373494,2008.032128514056,0,False,0,14485.0,14400.0,0.05,97.65,0,48.32585433206766,4716.603382809803,No SL Hit
HINDALCO.EQ-NSE,2021-05-24,389.7,385.0,3.4,0.05,2021-05-27,6017.449319989736,1796.2535283551451,0,False,0,15197.7,15100.0,0.1,55.0,0,46.059601123854264,2528.672101699599,No SL Hit
HINDALCO.EQ-NSE,2021-06-21,368.35,365.0,3.8,0.05,2021-06-24,7126.374372200352,1900.3664992534273,0,False,0,15746.5,15650.0,0.05,48.3,0,44.45432318292954,2144.9210935763504,No SL Hit
HINDALCO.EQ-NSE,2021-07-26,399.1,395.0,1.25,0.05,2021-07-29,2104.7356552242545,1753.9463793535454,0,False,0,15824.45,15750.0,0.05,41.0,0,44.23534467232668,1811.4373643317779,No SL Hit
HINDALCO.EQ-NSE,2021-08-23,407.35,400.0,3.55,0.05,2021-08-26,6014.483859089235,1718.4239597397814,0,False,0,16496.45,16400.0,0.05,45.2,0,42.43337202852735,1915.8667470880102,No SL Hit
HINDALCO.EQ-NSE,2021-09-27,481.0,470.0,1.5,0.05,2021-09-30,2110.18711018711,1455.3014553014552,0,False,0,17855.1,17750.0,132.75,54.6,0,39.20448499308321,-3063.8305022094532,No SL Hit
HINDALCO.EQ-NSE,2021-10-25,473.0,470.0,8.0,0.05,2021-10-28,11765.327695560254,1479.9154334038055,0,False,0,18125.4,18050.0,191.0,79.0,0,38.619837355313535,-4325.421783795116,No SL Hit
HINDALCO.EQ-NSE,2021-11-22,442.5,440.0,6.05,0.05,2021-11-25,9491.525423728814,1581.9209039548023,0,False,0,17416.55,17350.0,0.05,71.15,0,40.191656786217706,2857.626797500079,No SL Hit
HINDALCO.EQ-NSE,2021-12-27,452.4,450.0,2.2,0.05,2021-12-30,3326.702033598586,1547.3032714412025,0,False,0,17086.25,17000.0,0.05,70.25,0,40.96861511449265,2875.996781037384,No SL Hit
HINDALCO.EQ-NSE,2022-01-24,477.95,470.0,2.65,0.05,2022-01-27,3807.929699759389,1464.5883460613036,0,False,0,17149.1,17050.0,0.05,123.5,0,40.81846860768204,5039.039949618348,No SL Hit
HINDALCO.EQ-NSE,2022-02-21,511.7,510.0,3.3,0.05,2022-02-24,4445.9644322845415,1367.9890560875513,0,False,0,17206.65,17100.0,852.0,101.0,0,40.68194564310891,-30552.14117797479,No SL Hit
HINDALCO.EQ-NSE,2022-03-28,629.15,620.0,5.65,16.950000000000003,2022-03-30,-12572.518477310661,1112.6122546292618,0,False,0,17222.0,17150.0,15.25,79.0,0,40.64568575078388,2591.1624666124726,Intraday SL Hit
HINDALCO.EQ-NSE,2022-04-25,496.15,490.0,5.75,3.0,2022-04-28,3879.875037790991,1410.863650105815,0,False,0,16953.95,16850.0,0.05,85.3,0,41.28831334290829,3519.8287124829317,No SL Hit
HINDALCO.EQ-NSE,2022-05-23,414.3,410.0,5.35,16.049999999999997,2022-05-25,-18078.68694182959,1689.5969104513638,0,False,0,16214.7,16150.0,195.35,151.35,0,43.17070312740908,-1899.5109376059993,Intraday SL Hit
HINDALCO.EQ-NSE,2022-06-27,329.0,320.0,2.8,0.05,2022-06-30,5851.063829787234,2127.659574468085,0,False,0,15832.05,15750.0,0.05,87.0,0,44.21410998575674,3844.4168632615488,No SL Hit
HINDALCO.EQ-NSE,2022-07-25,387.1,380.0,1.45,0.05,2022-07-28,2531.645569620253,1808.3182640144664,0,False,0,16631.0,16550.0,0.05,72.55,0,42.09007275569719,3051.5302747880464,No SL Hit
HINDALCO.EQ-NSE,2022-08-22,418.95,415.0,4.65,0.05,2022-08-25,7685.881370091897,1670.843776106934,0,False,0,17490.7,17400.0,0.05,67.4,0,40.02126844551676,2695.432429805554,No SL Hit
HINDALCO.EQ-NSE,2022-09-26,373.0,370.0,6.25,0.5,2022-09-29,10790.884718498659,1876.6756032171581,0,False,0,17016.3,16900.0,81.45,85.0,0,41.137027438397304,146.03644740631032,No SL Hit
HINDALCO.EQ-NSE,2022-10-25,397.8,395.0,0.85,0.05,2022-10-27,1407.7425842131722,1759.6782302664656,0,False,0,17656.35,17550.0,0.05,32.0,0,39.64579315656974,1266.6830913524032,No SL Hit
HINDALCO.EQ-NSE,2022-11-21,430.1,425.0,2.5,0.05,2022-11-24,3987.4447802836553,1627.5284817484305,0,False,0,18159.95,18050.0,0.05,30.0,0,38.54636163645825,1154.4635310119245,No SL Hit
HINDALCO.EQ-NSE,2022-12-26,442.4,440.0,3.9,0.05,2022-12-29,6091.772151898735,1582.2784810126584,0,False,0,18014.6,17900.0,0.05,56.0,0,38.85737124332486,2174.0699210640264,No SL Hit
HINDALCO.EQ-NSE,2023-01-23,493.55,490.0,2.5,7.5,2023-01-24,-7091.480093202309,1418.2960186404619,0,False,0,18118.55,18000.0,18.2,18.8,0,38.63443818627871,23.18066291176728,Intraday SL Hit
HINDALCO.EQ-NSE,2023-02-20,433.5,430.0,1.65,0.05,2023-02-23,2583.6216839677045,1614.7635524798154,0,False,0,17844.6,17750.0,239.15,40.0,0,39.22755343353172,-7812.167266287842,No SL Hit
HINDALCO.EQ-NSE,2023-03-27,389.8,380.0,1.15,0.05,2023-03-29,1975.371985633658,1795.7927142124165,0,False,0,16985.7,16900.0,0.05,35.45,0,41.21113642652349,1458.8742294989318,No SL Hit
HINDALCO.EQ-NSE,2023-04-24,428.0,425.0,1.75,0.05,2023-04-27,2780.3738317757006,1635.5140186915887,0,False,0,17743.4,17650.0,0.05,24.3,0,39.45128892996832,956.6937565517318,No SL Hit
HINDALCO.EQ-NSE,2023-05-22,409.0,405.0,4.5,1.85,2023-05-25,4535.452322738386,1711.4914425427874,0,False,0,18314.4,18250.0,0.05,42.15,0,38.22129035076224,1609.1163237670903,No SL Hit
HINDALCO.EQ-NSE,2023-06-26,415.85,410.0,1.65,0.05,2023-06-28,2693.27882649994,1683.2992665624624,0,False,0,18691.2,18650.0,0.05,38.6,0,37.450778976202706,1443.7275295326144,No SL Hit
HINDALCO.EQ-NSE,2023-07-24,433.2,430.0,2.25,0.05,2023-07-27,3554.9399815327797,1615.881809787627,0,False,0,19672.35,19600.0,0.05,51.7,0,35.58293747315395,1837.8587204884016,No SL Hit
HINDALCO.EQ-NSE,2023-08-28,446.1,440.0,1.85,0.05,2023-08-31,2824.478816408877,1569.1548980049315,0,False,0,19306.05,19250.0,0.05,42.3,0,36.25806418195333,1531.9032116875283,No SL Hit
HINDALCO.EQ-NSE,2023-09-25,469.0,465.0,2.5,0.05,2023-09-28,3656.716417910448,1492.5373134328358,0,False,0,19674.55,19600.0,75.0,35.55,0,35.57895860388167,-1403.5899169231318,No SL Hit
HINDALCO.EQ-NSE,2023-10-23,457.25,455.0,3.75,0.3,2023-10-26,5281.574630945873,1530.891197375615,0,False,0,19281.75,19250.0,395.25,81.0,0,36.30375873559195,-11408.45618265977,No SL Hit
HINDALCO.EQ-NSE,2023-11-28,516.0,510.0,0.8,0.15,2023-11-30,881.7829457364342,1356.5891472868218,0,False,0,19889.7,19850.0,0.05,23.6,0,35.19409543633137,828.8209475256037,No SL Hit
HINDALCO.EQ-NSE,2023-12-26,578.1,575.0,3.65,0.05,2023-12-28,4359.107420861443,1210.8631724615118,0,False,0,21441.35,21400.0,0.2,49.55,0,32.647198054227,1611.1392239761021,No SL Hit
HINDALCO.EQ-NSE,2024-01-23,541.9,540.0,5.0,0.05,2024-01-25,6394.1686658055,1291.7512456172726,0,False,0,21238.8,21200.0,0.05,111.0,0,32.9585475638925,3656.7508522138733,No SL Hit
HINDALCO.EQ-NSE,2024-02-26,505.7,500.0,4.8,0.05,2024-02-29,6575.044492782282,1384.2198932173226,0,False,0,22122.05,22050.0,67.1,91.35,0,31.642637097375697,767.3339496113607,No SL Hit
HINDALCO.EQ-NSE,2024-03-26,560.7,555.0,2.3,0.3,2024-03-28,2496.8789013732826,1248.4394506866415,0,False,0,22004.7,21950.0,0.05,42.55,0,31.81138574940808,1351.9838943498432,No SL Hit
HINDALCO.EQ-NSE,2024-04-22,617.85,610.0,2.85,0.05,2024-04-25,3172.2910091446142,1132.961074694505,0,False,0,22336.4,22250.0,0.15,56.75,0,31.338980319120356,1773.7862860622122,No SL Hit
HINDALCO.EQ-NSE,2024-05-27,678.0,670.0,4.3,0.05,2024-05-30,4387.905604719764,1032.448377581121,0,False,0,22932.45,22850.0,361.15,71.05,0,30.524431536970535,-8855.137588875152,No SL Hit
HINDALCO.EQ-NSE,2024-06-24,685.0,680.0,5.75,0.2,2024-06-27,5671.532846715328,1021.8978102189781,0,False,0,23537.85,23450.0,0.1,73.5,0,29.739334731082067,2182.867169261424,No SL Hit
SBILIFE.EQ-NSE,2020-05-26,753.9,750.0,6.05,2.5,2020-05-28,3296.1931290622097,928.5051067780873,0,False,0,9029.05,8950.0,0.05,41.55,0,77.52753611952532,3217.392748960301,No SL Hit
SBILIFE.EQ-NSE,2020-06-22,776.9,770.0,6.4,0.35,2020-06-25,5451.1520144162705,901.0168618869868,0,False,0,10311.2,10200.0,0.05,65.85,0,67.88734579874311,4466.987353557297,No SL Hit
SBILIFE.EQ-NSE,2020-07-27,862.5,850.0,4.05,0.05,2020-07-30,3246.376811594203,811.5942028985507,0,False,0,11131.8,11000.0,0.05,49.0,0,62.88291201782282,3078.118543272427,No SL Hit
SBILIFE.EQ-NSE,2020-08-24,864.05,850.0,2.35,7.050000000000001,2020-08-25,-3807.6500202534585,810.1383021815867,0,False,0,11466.45,11350.0,42.2,32.05,0,61.047665144835584,-619.6338012200815,Intraday SL Hit
SBILIFE.EQ-NSE,2020-09-21,838.5,830.0,6.0,18.0,2020-09-22,-10017.88908765653,834.8240906380441,0,False,0,11250.55,11150.0,130.85,75.1,0,62.21918039562511,-3468.7193070560998,Intraday SL Hit
SBILIFE.EQ-NSE,2020-10-26,781.1,770.0,5.6,8.05,2020-10-29,-2195.621559339394,896.172065036487,0,False,0,11767.75,11650.0,0.05,46.05,0,59.484608357587476,2736.291984449024,No SL Hit
SBILIFE.EQ-NSE,2020-11-23,830.65,820.0,3.5,0.05,2020-11-26,2907.361704689099,842.7135375910432,0,False,0,12926.45,12800.0,0.05,40.3,0,54.152532211086566,2179.6394214962343,No SL Hit
SBILIFE.EQ-NSE,2020-12-28,901.95,880.0,3.4,0.05,2020-12-31,2599.922390376407,776.0962359332557,0,False,0,13873.2,13750.0,0.05,39.0,0,50.45699622293342,1965.3000028832569,No SL Hit
SBILIFE.EQ-NSE,2021-01-25,860.45,850.0,3.6,0.05,2021-01-28,2888.0237085246094,813.5278052181998,0,False,0,14238.9,14100.0,282.5,41.95,0,49.16110092774021,-11825.702828167907,No SL Hit
SBILIFE.EQ-NSE,2021-02-22,847.95,840.0,5.0,0.05,2021-02-25,4086.3258446842383,825.5203726634825,0,False,0,14675.7,14550.0,0.05,87.5,0,47.697895160026434,4171.180931744312,No SL Hit
SBILIFE.EQ-NSE,2021-03-22,897.55,890.0,3.8,11.399999999999999,2021-03-24,-5927.246392958609,779.9008411787645,0,False,0,14736.4,14600.0,114.9,73.45,0,47.501425042751286,-1968.934068022041,Intraday SL Hit
SBILIFE.EQ-NSE,2021-04-26,939.7,930.0,6.25,1.0,2021-04-29,3910.822602958391,744.9185910396935,0,False,0,14485.0,14400.0,0.05,97.65,0,48.32585433206766,4716.603382809803,No SL Hit
SBILIFE.EQ-NSE,2021-05-24,962.0,950.0,2.5,0.05,2021-05-27,1782.7442827442828,727.6507276507276,0,False,0,15197.7,15100.0,0.1,55.0,0,46.059601123854264,2528.672101699599,No SL Hit
SBILIFE.EQ-NSE,2021-06-21,980.65,970.0,3.0,0.05,2021-06-24,2105.746188752358,713.8122673736807,0,False,0,15746.5,15650.0,0.05,48.3,0,44.45432318292954,2144.9210935763504,No SL Hit
SBILIFE.EQ-NSE,2021-07-26,1094.0,1090.0,13.5,0.2,2021-07-29,8510.054844606948,639.853747714808,0,False,0,15824.45,15750.0,0.05,41.0,0,44.23534467232668,1811.4373643317779,No SL Hit
SBILIFE.EQ-NSE,2021-08-23,1132.9,1120.0,4.35,0.05,2021-08-26,2656.8982257922144,617.8833083237708,0,False,0,16496.45,16400.0,0.05,45.2,0,42.43337202852735,1915.8667470880102,No SL Hit
SBILIFE.EQ-NSE,2021-09-27,1222.2,1210.0,3.4,10.2,2021-09-28,-3894.616265750286,572.737686139748,0,False,0,17855.1,17750.0,198.0,54.6,0,39.20448499308321,-5621.923148008133,Intraday SL Hit
SBILIFE.EQ-NSE,2021-10-25,1133.0,1120.0,13.6,0.05,2021-10-28,8371.579876434245,617.828773168579,0,False,0,18125.4,18050.0,191.0,79.0,0,38.619837355313535,-4325.421783795116,No SL Hit
SBILIFE.EQ-NSE,2021-11-22,1152.7,1140.0,3.85,11.55,2021-11-23,-4675.978138284029,607.2698880888349,0,False,0,17416.55,17350.0,176.2,71.15,0,40.191656786217706,-4222.133545392169,Intraday SL Hit
SBILIFE.EQ-NSE,2021-12-27,1160.05,1150.0,3.3,0.05,2021-12-30,1961.122365415284,603.4222662816259,0,False,0,17086.25,17000.0,0.05,70.25,0,40.96861511449265,2875.996781037384,No SL Hit
SBILIFE.EQ-NSE,2022-01-24,1226.95,1220.0,6.5,19.5,2022-01-27,-7416.765149354089,570.5203961041607,0,False,0,17149.1,17050.0,192.0,123.5,0,40.81846860768204,-2796.0650996262198,Intraday SL Hit
SBILIFE.EQ-NSE,2022-02-21,1140.0,1130.0,7.8,23.4,2022-02-22,-9578.94736842105,614.0350877192982,0,False,0,17206.65,17100.0,316.55,101.0,0,40.68194564310891,-8768.993383372126,Intraday SL Hit
SBILIFE.EQ-NSE,2022-03-28,1070.0,1060.0,12.0,0.1,2022-03-31,7785.046728971963,654.2056074766355,0,False,0,17222.0,17150.0,0.05,79.0,0,40.64568575078388,3208.9768900243876,No SL Hit
SBILIFE.EQ-NSE,2022-04-25,1094.8,1090.0,12.85,0.1,2022-04-28,8152.173913043478,639.386189258312,0,False,0,16953.95,16850.0,0.05,85.3,0,41.28831334290829,3519.8287124829317,No SL Hit
SBILIFE.EQ-NSE,2022-05-23,1075.25,1070.0,8.0,0.1,2022-05-26,5142.990002325041,651.0113926993722,0,False,0,16214.7,16150.0,0.05,151.35,0,43.17070312740908,6531.727383176993,No SL Hit
SBILIFE.EQ-NSE,2022-06-27,1084.5,1080.0,8.15,24.450000000000003,2022-06-29,-10520.977408944216,645.4587367450438,0,False,0,15832.05,15750.0,130.75,87.0,0,44.21410998575674,-1934.3673118768575,Intraday SL Hit
SBILIFE.EQ-NSE,2022-07-25,1142.0,1130.0,1.55,0.05,2022-07-28,919.4395796847637,612.9597197898424,0,False,0,16631.0,16550.0,0.05,72.55,0,42.09007275569719,3051.5302747880464,No SL Hit
SBILIFE.EQ-NSE,2022-08-22,1277.0,1270.0,7.9,0.05,2022-08-25,4303.054032889585,548.159749412686,0,False,0,17490.7,17400.0,0.05,67.4,0,40.02126844551676,2695.432429805554,No SL Hit
SBILIFE.EQ-NSE,2022-09-26,1259.25,1240.0,6.5,19.5,2022-09-28,-7226.52372443915,555.8864403414731,0,False,0,17016.3,16900.0,141.2,85.0,0,41.137027438397304,-2311.900942037928,Intraday SL Hit
SBILIFE.EQ-NSE,2022-10-25,1256.8,1240.0,3.55,0.05,2022-10-27,1949.3952896244432,556.9700827498409,0,False,0,17656.35,17550.0,0.05,32.0,0,39.64579315656974,1266.6830913524032,No SL Hit
SBILIFE.EQ-NSE,2022-11-21,1227.5,1220.0,8.2,0.05,2022-11-24,4647.657841140529,570.264765784114,0,False,0,18159.95,18050.0,0.05,30.0,0,38.54636163645825,1154.4635310119245,No SL Hit
SBILIFE.EQ-NSE,2022-12-26,1236.1,1220.0,3.75,0.05,2022-12-29,2095.2997330313083,566.2972251435968,0,False,0,18014.6,17900.0,0.05,56.0,0,38.85737124332486,2174.0699210640264,No SL Hit
SBILIFE.EQ-NSE,2023-01-23,1295.7,1280.0,2.5,7.5,2023-01-24,-2701.2425715829277,540.2485143165856,0,False,0,18118.55,18000.0,18.2,18.8,0,38.63443818627871,23.18066291176728,Intraday SL Hit
SBILIFE.EQ-NSE,2023-02-20,1156.65,1140.0,4.05,12.149999999999999,2023-02-22,-4902.087926338995,605.196040288765,0,False,0,17844.6,17750.0,226.9,40.0,0,39.22755343353172,-7331.629736727078,Intraday SL Hit
SBILIFE.EQ-NSE,2023-03-27,1099.4,1080.0,2.3,0.05,2023-03-29,1432.599599781699,636.7109332363107,0,False,0,16985.7,16900.0,0.05,35.45,0,41.21113642652349,1458.8742294989318,No SL Hit
SBILIFE.EQ-NSE,2023-04-24,1106.5,1100.0,9.85,0.05,2023-04-27,6199.7288748305455,632.6253953908721,0,False,0,17743.4,17650.0,0.05,24.3,0,39.45128892996832,956.6937565517318,No SL Hit
SBILIFE.EQ-NSE,2023-05-22,1153.2,1140.0,2.25,0.1,2023-05-25,1305.0641692681236,607.0065903572668,0,False,0,18314.4,18250.0,0.05,42.15,0,38.22129035076224,1609.1163237670903,No SL Hit
SBILIFE.EQ-NSE,2023-06-26,1267.0,1260.0,3.1,0.05,2023-06-28,1685.082872928177,552.4861878453039,0,False,0,18691.2,18650.0,0.05,38.6,0,37.450778976202706,1443.7275295326144,No SL Hit
SBILIFE.EQ-NSE,2023-07-24,1313.65,1300.0,10.8,0.05,2023-07-27,5728.3142389525365,532.8664408327941,0,False,0,19672.35,19600.0,0.05,51.7,0,35.58293747315395,1837.8587204884016,No SL Hit
SBILIFE.EQ-NSE,2023-08-28,1291.0,1280.0,2.5,1.0,2023-08-31,813.3230054221534,542.2153369481023,0,False,0,19306.05,19250.0,0.05,42.3,0,36.25806418195333,1531.9032116875283,No SL Hit
SBILIFE.EQ-NSE,2023-09-25,1295.5,1290.0,8.1,7.0,2023-09-28,594.3651099961403,540.3319181783095,0,False,0,19674.55,19600.0,75.0,35.55,0,35.57895860388167,-1403.5899169231318,No SL Hit
SBILIFE.EQ-NSE,2023-10-23,1335.05,1330.0,5.95,17.85,2023-10-25,-6239.466686640952,524.3249316505,0,False,0,19281.75,19250.0,200.25,81.0,0,36.30375873559195,-4329.22322921934,Intraday SL Hit
SBILIFE.EQ-NSE,2023-11-28,1413.0,1400.0,2.5,0.05,2023-11-30,1213.7296532200992,495.3998584571833,0,False,0,19889.7,19850.0,0.05,23.6,0,35.19409543633137,828.8209475256037,No SL Hit
SBILIFE.EQ-NSE,2023-12-26,1399.1,1390.0,7.4,0.1,2023-12-28,3652.347937960118,500.3216353370024,0,False,0,21441.35,21400.0,0.2,49.55,0,32.647198054227,1611.1392239761021,No SL Hit
SBILIFE.EQ-NSE,2024-01-23,1375.0,1370.0,14.6,1.7,2024-01-25,6567.272727272727,509.09090909090907,0,False,0,21238.8,21200.0,0.05,111.0,0,32.9585475638925,3656.7508522138733,No SL Hit
SBILIFE.EQ-NSE,2024-02-26,1552.0,1540.0,12.5,1.0,2024-02-29,5186.855670103093,451.03092783505156,0,False,0,22122.05,22050.0,67.1,91.35,0,31.642637097375697,767.3339496113607,No SL Hit
SBILIFE.EQ-NSE,2024-03-26,1489.45,1480.0,7.15,0.5,2024-03-28,3125.3147134848437,469.97213736614185,0,False,0,22004.7,21950.0,0.05,42.55,0,31.81138574940808,1351.9838943498432,No SL Hit
SBILIFE.EQ-NSE,2024-04-22,1477.1,1470.0,8.9,28.0,2024-04-25,-9051.519870015572,473.90156387516083,0,False,0,22336.4,22250.0,21.15,56.75,0,31.338980319120356,1115.6676993606848,Overnight SL Hit
SBILIFE.EQ-NSE,2024-05-27,1407.0,1400.0,8.85,26.549999999999997,2024-05-30,-8805.97014925373,497.5124378109453,0,False,0,22932.45,22850.0,436.8,71.05,0,30.524431536970535,-11164.310834646973,Intraday SL Hit
SBILIFE.EQ-NSE,2024-06-24,1453.35,1440.0,6.65,0.1,2024-06-27,3154.7803350879008,481.64585268517567,0,False,0,23537.85,23450.0,0.1,73.5,0,29.739334731082067,2182.867169261424,No SL Hit
VEDL.EQ-NSE,2019-01-28,192.2,190.0,2.65,0.05,2019-01-31,9469.302809573363,3642.0395421436006,0,False,0,10661.55,10600.0,0.05,42.0,0,65.65649459975333,2754.2899484596524,No SL Hit
VEDL.EQ-NSE,2019-02-25,170.9,170.0,2.15,6.449999999999999,2019-02-26,-17612.638970157983,4095.962551199532,0,False,0,10880.1,10850.0,146.0,36.5,0,64.33764395547834,-7044.972013124879,Intraday SL Hit
VEDL.EQ-NSE,2019-03-25,168.2,165.0,1.65,0.05,2019-03-28,6658.739595719381,4161.712247324614,0,False,0,11354.25,11300.0,0.1,30.35,0,61.650923662945594,1864.9404408041041,No SL Hit
VEDL.EQ-NSE,2019-04-22,175.25,175.0,1.85,4.45,2019-04-25,-10385.164051355207,3994.2938659058486,0,False,0,11594.45,11550.0,0.05,32.05,0,60.3737132852356,1931.958825127539,No SL Hit
VEDL.EQ-NSE,2019-05-27,166.35,165.0,1.55,0.9,2019-05-30,2735.1968740607153,4207.995190862639,0,False,0,11924.75,11900.0,0.05,60.65,0,58.701440281766914,3557.307281075075,No SL Hit
VEDL.EQ-NSE,2019-06-24,169.05,165.0,0.95,0.05,2019-06-27,3726.708074534161,4140.786749482401,0,False,0,11699.65,11650.0,0.05,36.0,0,59.83084964080122,2150.919044586804,No SL Hit
VEDL.EQ-NSE,2019-07-22,167.85,165.0,1.6,0.05,2019-07-25,6464.104855525768,4170.390229371463,0,False,0,11346.2,11300.0,40.0,36.5,0,61.694664292891005,-215.93132502511853,No SL Hit
VEDL.EQ-NSE,2019-08-26,134.25,132.5,1.7,0.05,2019-08-29,8603.351955307262,5214.15270018622,0,False,0,11057.85,11000.0,50.1,56.3,0,63.30344506391387,392.4813593962657,No SL Hit
VEDL.EQ-NSE,2019-09-23,157.8,155.0,1.75,0.05,2019-09-26,7541.191381495564,4435.994930291508,0,False,0,11600.2,11550.0,0.05,72.0,0,60.34378717608317,4341.735487319184,No SL Hit
VEDL.EQ-NSE,2019-10-29,149.0,147.5,1.8,0.05,2019-10-31,8221.476510067114,4697.986577181208,0,False,0,11786.85,11750.0,0.05,32.75,0,59.388216529437464,1941.9946805126053,No SL Hit
VEDL.EQ-NSE,2019-11-25,145.6,145.0,2.3,0.05,2019-11-28,10817.307692307691,4807.692307692308,0,False,0,12073.75,12000.0,0.05,25.75,0,57.97701625427063,1490.009317734755,No SL Hit
VEDL.EQ-NSE,2019-12-23,147.75,145.0,0.75,0.05,2019-12-26,3316.4128595600673,4737.732656514382,0,False,0,12262.75,12200.0,73.35,15.6,0,57.08344376261442,-3296.5688772909825,No SL Hit
VEDL.EQ-NSE,2020-01-27,148.35,145.0,1.05,3.1500000000000004,2020-01-28,-9908.998988877658,4718.570947084598,0,False,0,12119.0,12050.0,61.55,38.0,0,57.760541298787025,-1360.2607475864343,Intraday SL Hit
VEDL.EQ-NSE,2020-02-24,133.25,130.0,1.3,0.1,2020-02-27,6303.939962476547,5253.28330206379,0,False,0,11829.4,11800.0,166.75,76.0,0,59.17459888075473,-5370.094848428492,No SL Hit
VEDL.EQ-NSE,2020-03-23,63.0,60.0,3.4,0.05,2020-03-26,37222.222222222226,11111.111111111111,0,False,0,7610.25,7550.0,0.05,336.5,0,91.98120955290563,30947.077954075095,No SL Hit
VEDL.EQ-NSE,2020-04-27,78.45,77.5,1.85,0.05,2020-04-30,16061.185468451242,8922.880815806246,0,False,0,9282.3,9200.0,0.05,80.0,0,75.41234392338106,6029.216896674316,No SL Hit
VEDL.EQ-NSE,2020-05-26,87.85,87.5,0.75,0.05,2020-05-28,5577.689243027889,7968.127490039841,0,False,0,9029.05,8950.0,0.05,41.55,0,77.52753611952532,3217.392748960301,No SL Hit
VEDL.EQ-NSE,2020-06-22,110.0,107.5,2.3,0.05,2020-06-25,14318.18181818182,6363.636363636364,0,False,0,10311.2,10200.0,0.05,65.85,0,67.88734579874311,4466.987353557297,No SL Hit
VEDL.EQ-NSE,2020-07-27,110.05,107.5,1.15,0.05,2020-07-30,6996.819627442071,6360.745115856429,0,False,0,11131.8,11000.0,0.05,49.0,0,62.88291201782282,3078.118543272427,No SL Hit
VEDL.EQ-NSE,2020-08-24,128.25,125.0,0.9,0.05,2020-08-27,4639.376218323587,5458.089668615984,0,False,0,11466.45,11350.0,0.05,32.05,0,61.047665144835584,1953.5252846347385,No SL Hit
VEDL.EQ-NSE,2020-09-21,128.6,125.0,1.45,0.05,2020-09-24,7620.528771384137,5443.234836702955,0,False,0,11250.55,11150.0,344.05,75.1,0,62.21918039562511,-16733.848567403376,No SL Hit
VEDL.EQ-NSE,2020-10-26,104.5,102.5,1.3,3.9000000000000004,2020-11-11,-17416.267942583738,6698.564593301436,0,False,0,11767.75,11650.0,25.8,46.05,0,59.484608357587476,1204.5633192411462,Intraday SL Hit
VEDL.EQ-NSE,2020-12-28,163.95,160.0,1.4,4.199999999999999,2020-12-30,-11954.86428789265,4269.59438853309,0,False,0,13873.2,13750.0,33.4,39.0,0,50.45699622293342,282.5591788484272,Intraday SL Hit
VEDL.EQ-NSE,2021-01-25,166.05,162.5,0.85,0.3,2021-01-28,2318.578741342969,4215.5977115326705,0,False,0,14238.9,14100.0,282.5,41.95,0,49.16110092774021,-11825.702828167907,No SL Hit
VEDL.EQ-NSE,2021-02-22,202.0,197.5,2.75,0.1,2021-02-25,9183.168316831683,3465.3465346534654,0,False,0,14675.7,14550.0,0.05,87.5,0,47.697895160026434,4171.180931744312,No SL Hit
VEDL.EQ-NSE,2021-03-22,222.85,220.0,0.75,0.05,2021-03-25,2198.7884227058557,3141.1263181512227,0,False,0,14736.4,14600.0,275.05,73.45,0,47.501425042751286,-9576.28728861866,No SL Hit
VEDL.EQ-NSE,2021-04-26,236.75,232.5,1.55,0.1,2021-04-29,4287.222808870116,2956.7053854276664,0,False,0,14485.0,14400.0,0.05,97.65,0,48.32585433206766,4716.603382809803,No SL Hit
VEDL.EQ-NSE,2021-05-24,274.95,270.0,2.75,3.0,2021-05-27,-636.4793598836152,2545.9174395344608,0,False,0,15197.7,15100.0,0.1,55.0,0,46.059601123854264,2528.672101699599,No SL Hit
VEDL.EQ-NSE,2021-06-21,253.9,250.0,1.9,0.05,2021-06-24,5100.433241433634,2756.9909413154783,0,False,0,15746.5,15650.0,0.05,48.3,0,44.45432318292954,2144.9210935763504,No SL Hit
VEDL.EQ-NSE,2021-07-26,272.4,270.0,2.95,8.850000000000001,2021-07-28,-15161.527165932455,2569.7503671071954,0,False,0,15824.45,15750.0,257.0,41.0,0,44.23534467232668,-9554.834449222564,Intraday SL Hit
VEDL.EQ-NSE,2021-08-23,273.7,270.0,4.4,0.05,2021-08-26,11125.31969309463,2557.544757033248,0,False,0,16496.45,16400.0,0.05,45.2,0,42.43337202852735,1915.8667470880102,No SL Hit
VEDL.EQ-NSE,2021-09-27,287.45,281.5,1.5,0.1,2021-09-30,3409.2885719255523,2435.206122803966,0,False,0,17855.1,17750.0,132.75,54.6,0,39.20448499308321,-3063.8305022094532,No SL Hit
VEDL.EQ-NSE,2021-10-25,324.75,320.0,3.95,16.6,2021-10-28,-27267.128560431105,2155.504234026174,0,False,0,18125.4,18050.0,16.0,79.0,0,38.619837355313535,2433.049753384753,Overnight SL Hit
VEDL.EQ-NSE,2021-11-22,332.0,326.5,4.25,0.05,2021-11-25,8855.42168674699,2108.4337349397592,0,False,0,17416.55,17350.0,0.05,71.15,0,40.191656786217706,2857.626797500079,No SL Hit
VEDL.EQ-NSE,2021-12-27,340.2,335.0,1.5,0.5,2021-12-30,2057.61316872428,2057.61316872428,0,False,0,17086.25,17000.0,0.05,70.25,0,40.96861511449265,2875.996781037384,No SL Hit
VEDL.EQ-NSE,2022-01-24,310.95,305.0,2.5,0.05,2022-01-27,5515.356166586268,2251.1657822801094,0,False,0,17149.1,17050.0,0.05,123.5,0,40.81846860768204,5039.039949618348,No SL Hit
VEDL.EQ-NSE,2022-02-21,353.45,350.0,3.3,9.899999999999999,2022-02-22,-13071.155750459751,1980.4781440090537,0,False,0,17206.65,17100.0,316.55,101.0,0,40.68194564310891,-8768.993383372126,Intraday SL Hit
VEDL.EQ-NSE,2022-03-28,412.8,405.0,4.15,0.2,2022-03-31,6698.158914728683,1695.7364341085272,0,False,0,17222.0,17150.0,0.05,79.0,0,40.64568575078388,3208.9768900243876,No SL Hit
VEDL.EQ-NSE,2022-04-25,403.1,395.0,3.65,0.05,2022-04-28,6251.550483750931,1736.541801041925,0,False,0,16953.95,16850.0,0.05,85.3,0,41.28831334290829,3519.8287124829317,No SL Hit
VEDL.EQ-NSE,2022-05-23,306.3,300.0,4.5,0.05,2022-05-26,10169.768201110024,2285.341168788769,0,False,0,16214.7,16150.0,0.05,151.35,0,43.17070312740908,6531.727383176993,No SL Hit
VEDL.EQ-NSE,2022-06-27,227.85,220.0,2.45,0.05,2022-06-30,7373.271889400923,3072.1966205837175,0,False,0,15832.05,15750.0,0.05,87.0,0,44.21410998575674,3844.4168632615488,No SL Hit
VEDL.EQ-NSE,2022-07-25,258.1,255.0,4.4,13.200000000000001,2022-07-29,-23866.71832623014,2712.127082526152,0,False,0,16631.0,16550.0,124.25,72.55,0,42.09007275569719,-2176.056761469545,Intraday SL Hit
VEDL.EQ-NSE,2022-09-26,264.15,260.0,2.75,0.2,2022-09-29,6757.524134014765,2650.0094643195157,0,False,0,17016.3,16900.0,81.45,85.0,0,41.137027438397304,146.03644740631032,No SL Hit
VEDL.EQ-NSE,2022-10-25,279.05,275.0,0.65,0.05,2022-10-27,1505.10661171833,2508.51101953055,0,False,0,17656.35,17550.0,0.05,32.0,0,39.64579315656974,1266.6830913524032,No SL Hit
VEDL.EQ-NSE,2022-11-21,308.0,305.0,3.9,0.05,2022-11-24,8750.0,2272.7272727272725,0,False,0,18159.95,18050.0,0.05,30.0,0,38.54636163645825,1154.4635310119245,No SL Hit
VEDL.EQ-NSE,2022-12-26,295.95,292.5,2.05,0.05,2022-12-29,4730.528805541476,2365.2644027707383,0,False,0,18014.6,17900.0,0.05,56.0,0,38.85737124332486,2174.0699210640264,No SL Hit
VEDL.EQ-NSE,2023-01-23,328.65,322.5,1.15,0.05,2023-01-25,2342.9179978700745,2129.925452609159,0,False,0,18118.55,18000.0,108.0,18.8,0,38.63443818627871,-3446.191886216061,No SL Hit
VEDL.EQ-NSE,2023-02-20,310.7,305.0,2.35,2.8,2023-02-23,-1013.8397167685865,2252.977148374638,0,False,0,17844.6,17750.0,239.15,40.0,0,39.22755343353172,-7812.167266287842,No SL Hit
VEDL.EQ-NSE,2023-03-27,273.4,270.0,2.3,0.05,2023-03-29,5760.790051207023,2560.351133869788,0,False,0,16985.7,16900.0,0.05,35.45,0,41.21113642652349,1458.8742294989318,No SL Hit
VEDL.EQ-NSE,2023-04-24,275.4,272.0,1.35,0.05,2023-04-27,3304.284676833697,2541.7574437182284,0,False,0,17743.4,17650.0,0.05,24.3,0,39.45128892996832,956.6937565517318,No SL Hit
VEDL.EQ-NSE,2023-05-22,287.5,284.5,2.95,0.05,2023-05-25,7060.869565217392,2434.782608695652,0,False,0,18314.4,18250.0,0.05,42.15,0,38.22129035076224,1609.1163237670903,No SL Hit
VEDL.EQ-NSE,2023-06-26,279.5,276.0,0.75,0.05,2023-06-28,1753.1305903398925,2504.4722719141323,0,False,0,18691.2,18650.0,0.05,38.6,0,37.450778976202706,1443.7275295326144,No SL Hit
VEDL.EQ-NSE,2023-07-24,271.55,267.5,1.3,0.05,2023-07-27,3222.24268090591,2577.794144724728,0,False,0,19672.35,19600.0,0.05,51.7,0,35.58293747315395,1837.8587204884016,No SL Hit
VEDL.EQ-NSE,2023-08-28,238.0,235.0,1.5,4.0,2023-08-31,-7352.941176470587,2941.176470588235,0,False,0,19306.05,19250.0,0.05,42.3,0,36.25806418195333,1531.9032116875283,No SL Hit
VEDL.EQ-NSE,2023-09-25,224.3,222.5,1.4,4.199999999999999,2023-09-27,-8738.296923762815,3120.820329915292,0,False,0,19674.55,19600.0,95.0,35.55,0,35.57895860388167,-2115.1690890007653,Intraday SL Hit
VEDL.EQ-NSE,2023-10-23,215.6,212.5,1.35,0.2,2023-10-26,3733.7662337662346,3246.753246753247,0,False,0,19281.75,19250.0,395.25,81.0,0,36.30375873559195,-11408.45618265977,No SL Hit
VEDL.EQ-NSE,2023-11-28,234.5,232.5,0.7,2.0999999999999996,2023-11-29,-4179.10447761194,2985.0746268656717,0,False,0,19889.7,19850.0,21.55,23.6,0,35.19409543633137,72.14789564447932,Intraday SL Hit
VEDL.EQ-NSE,2023-12-26,261.65,260.0,2.15,12.05,2023-12-29,-26485.76342442194,2675.329638830499,0,False,0,21441.35,21400.0,159.95,49.55,0,32.647198054227,-3604.25066518666,Overnight SL Hit
VEDL.EQ-NSE,2024-02-26,265.2,262.5,1.95,0.1,2024-02-29,4883.107088989442,2639.5173453996986,0,False,0,22122.05,22050.0,67.1,91.35,0,31.642637097375697,767.3339496113607,No SL Hit
VEDL.EQ-NSE,2024-03-26,268.0,265.0,1.1,0.05,2024-03-28,2742.5373134328356,2611.9402985074626,0,False,0,22004.7,21950.0,0.05,42.55,0,31.81138574940808,1351.9838943498432,No SL Hit
VEDL.EQ-NSE,2024-04-22,381.5,380.0,4.6,0.7,2024-04-25,7155.963302752292,1834.8623853211009,0,False,0,22336.4,22250.0,0.15,56.75,0,31.338980319120356,1773.7862860622122,No SL Hit
VEDL.EQ-NSE,2024-05-27,459.7,454.0,4.7,14.100000000000001,2024-05-30,-14313.68283663259,1522.732216663041,0,False,0,22932.45,22850.0,436.8,71.05,0,30.524431536970535,-11164.310834646973,Intraday SL Hit
VEDL.EQ-NSE,2024-06-24,464.7,460.0,3.55,10.649999999999999,2024-06-25,-10695.072089520118,1506.3481816225521,0,False,0,23537.85,23450.0,69.95,73.5,0,29.739334731082067,105.57463829534126,Intraday SL Hit
