ticker,Option Open Date,Spot Price,Option Strike,Option Initial Price,Option Final Price,Option Close Date,Options PNL,lot_size,Options SL,Re-entry,Reentry Count,Option SL
RELIANCE.EQ-NSE,2019-01-01,1120.05,1168.9,14.165718480648978,42.49715544194694,2019-01-21,-17706.357638416655,624.9720994598456,0,False,0,Intraday SL Hit
RELIANCE.EQ-NSE,2019-02-01,1253.95,1307.6,11.788255239141458,35.364765717424376,2019-02-06,-13161.256297936954,558.2359743211451,0,False,0,Intraday SL Hit
RELIANCE.EQ-NSE,2019-03-01,1225.0,1268.0,16.345059785364207,49.03517935609262,2019-03-11,-18680.068326130524,571.4285714285714,0,False,0,Intraday SL Hit
RELIANCE.EQ-NSE,2019-04-01,1391.95,1446.3,19.96078513182356,0.0495304841980733,2019-04-25,10013.20324245687,502.89162685441283,0,False,0,No SL Hit
RELIANCE.EQ-NSE,2019-05-02,1403.25,1466.1,20.456089973804293,0.0495304841980733,2019-05-30,10179.648418118193,498.84197398895424,0,False,0,No SL Hit
RELIANCE.EQ-NSE,2019-06-03,1363.0,1406.65,14.859145259422004,0.0495304841980733,2019-06-27,7605.818299821534,513.5730007336757,0,False,0,No SL Hit
RELIANCE.EQ-NSE,2019-07-01,1268.5,1307.6,16.44412075376035,0.0495304841980733,2019-07-25,9047.07385785857,551.8328734726055,0,False,0,No SL Hit
RELIANCE.EQ-NSE,2019-08-01,1186.85,1228.35,14.561962354233565,43.685887062700694,2019-08-13,-17177.189447636174,589.7965202005308,0,False,0,Intraday SL Hit
RELIANCE.EQ-NSE,2019-09-03,1200.0,1248.15,16.93942559574109,36.30584491718776,2019-09-26,-11297.077937510561,583.3333333333334,0,False,0,No SL Hit
RELIANCE.EQ-NSE,2019-10-01,1304.5,1367.05,18.97017544786209,56.91052634358627,2019-10-18,-20358.946436954335,536.6040628593331,0,False,0,Intraday SL Hit
RELIANCE.EQ-NSE,2019-11-01,1456.15,1525.55,14.661023322629712,43.983069967889136,2019-11-20,-14095.685644804174,480.71970607423685,0,False,0,Intraday SL Hit
RELIANCE.EQ-NSE,2019-12-02,1586.8,1644.4,14.859145259422004,0.0495304841980733,2019-12-26,6533.10457692006,441.13940005041593,0,False,0,No SL Hit
RELIANCE.EQ-NSE,2020-01-01,1511.8,1585.0,14.116187996450904,0.0495304841980733,2020-01-30,6513.20297564293,463.024209551528,0,False,0,No SL Hit
RELIANCE.EQ-NSE,2020-02-03,1386.0,1426.5,17.830974311306406,53.49292293391922,2020-02-14,-18011.085162935764,505.050505050505,0,False,0,Intraday SL Hit
RELIANCE.EQ-NSE,2020-03-02,1322.0,1367.05,26.74646146695961,0.0495304841980733,2020-03-26,14136.045149722448,529.500756429652,0,False,0,No SL Hit
RELIANCE.EQ-NSE,2020-04-01,1081.2,1149.1,53.49292293391922,168.4036462734494,2020-04-22,-74396.5097462737,647.4287828338882,0,False,0,Overnight SL Hit
RELIANCE.EQ-NSE,2020-05-04,1434.45,1525.55,44.577435778266015,0.05,2020-05-28,21729.028578748796,487.99191327686566,0,False,0,No SL Hit
RELIANCE.EQ-NSE,2020-06-01,1521.9,1604.8,20.15,60.449999999999996,2020-06-05,-18536.040475721136,459.9513765687627,0,False,0,Intraday SL Hit
RELIANCE.EQ-NSE,2020-07-01,1736.8,1840.0,35.7,132.95,2020-07-13,-39195.64716720404,403.0400736987563,0,False,0,Overnight SL Hit
RELIANCE.EQ-NSE,2020-08-03,2007.0,2120.0,47.5,142.5,2020-08-05,-33134.03089187843,348.7792725460887,0,False,0,Intraday SL Hit
RELIANCE.EQ-NSE,2020-09-01,2092.0,2220.0,38.5,115.5,2020-09-10,-25764.818355640535,334.6080305927342,0,False,0,Intraday SL Hit
RELIANCE.EQ-NSE,2020-10-01,2229.3,2380.0,36.85,0.05,2020-10-29,11555.196698515228,313.9999102857399,0,False,0,No SL Hit
RELIANCE.EQ-NSE,2020-11-02,1876.0,1980.0,54.25,0.05,2020-11-26,20223.880597014926,373.13432835820896,0,False,0,No SL Hit
RELIANCE.EQ-NSE,2020-12-01,1954.0,2100.0,30.8,0.05,2021-01-28,11015.864892528147,358.23950870010236,0,False,0,No SL Hit
RELIANCE.EQ-NSE,2021-02-01,1899.1,2020.0,30.65,91.94999999999999,2021-02-12,-22594.913380022113,368.5956505713233,0,False,0,Intraday SL Hit
RELIANCE.EQ-NSE,2021-03-01,2103.05,2240.0,30.05,0.05,2021-03-25,9985.497253988255,332.84990846627517,0,False,0,No SL Hit
RELIANCE.EQ-NSE,2021-04-01,2020.0,2120.0,33.7,0.1,2021-04-29,11643.564356435643,346.53465346534654,0,False,0,No SL Hit
RELIANCE.EQ-NSE,2021-05-03,1955.9,2040.0,36.0,0.05,2021-05-27,12866.199703461321,357.89150774579474,0,False,0,No SL Hit
RELIANCE.EQ-NSE,2021-06-01,2164.7,2240.0,36.3,0.05,2021-06-24,11722.178592876613,323.3704439414238,0,False,0,No SL Hit
RELIANCE.EQ-NSE,2021-07-01,2099.95,2180.0,36.15,0.05,2021-07-29,12033.619848091623,333.34127003023883,0,False,0,No SL Hit
RELIANCE.EQ-NSE,2021-08-02,2070.0,2140.0,19.65,58.949999999999996,2021-08-16,-13289.855072463768,338.1642512077295,0,False,0,Intraday SL Hit
RELIANCE.EQ-NSE,2021-09-01,2266.0,2360.0,22.65,67.94999999999999,2021-09-03,-13993.82171226831,308.9143865842895,0,False,0,Intraday SL Hit
RELIANCE.EQ-NSE,2021-10-01,2525.2,2620.0,49.9,149.7,2021-10-11,-27665.13543481704,277.2057658799303,0,False,0,Intraday SL Hit
RELIANCE.EQ-NSE,2021-11-01,2539.0,2620.0,46.0,0.05,2021-11-25,12668.373375344623,275.69909413154784,0,False,0,No SL Hit
RELIANCE.EQ-NSE,2021-12-01,2467.05,2560.0,37.75,0.05,2021-12-30,10696.986279159319,283.7396891023692,0,False,0,No SL Hit
RELIANCE.EQ-NSE,2022-01-03,2406.05,2480.0,37.5,0.05,2022-01-27,10895.451050476924,290.9332723758858,0,False,0,No SL Hit
RELIANCE.EQ-NSE,2022-02-01,2383.0,2460.0,36.4,0.05,2022-02-24,10677.717163239613,293.7473772555602,0,False,0,No SL Hit
RELIANCE.EQ-NSE,2022-03-02,2395.8,2480.0,40.5,121.5,2022-03-25,-23666.416228399696,292.1779781283913,0,False,0,Intraday SL Hit
RELIANCE.EQ-NSE,2022-04-01,2660.0,2760.0,37.0,42.55,2022-04-28,-1460.5263157894728,263.1578947368421,0,False,0,No SL Hit
RELIANCE.EQ-NSE,2022-05-02,2780.8999,2880.0,52.6,0.05,2022-05-26,13227.732504862906,251.71707906494586,0,False,0,No SL Hit
RELIANCE.EQ-NSE,2022-06-01,2632.5,2740.0,44.15,0.05,2022-06-30,11726.495726495727,265.90693257359925,0,False,0,No SL Hit
RELIANCE.EQ-NSE,2022-07-01,2406.0,2500.0,59.5,0.05,2022-07-28,17296.342477140486,290.93931837073984,0,False,0,No SL Hit
RELIANCE.EQ-NSE,2022-08-01,2570.0,2660.0,35.0,0.05,2022-08-25,9519.45525291829,272.3735408560311,0,False,0,No SL Hit
RELIANCE.EQ-NSE,2022-09-01,2563.8999,2660.0,43.0,0.05,2022-09-29,11726.276833194619,273.02157935261044,0,False,0,No SL Hit
RELIANCE.EQ-NSE,2022-10-03,2367.95,2460.0,36.75,0.05,2022-10-27,10849.046643721364,295.61434996515976,0,False,0,No SL Hit
RELIANCE.EQ-NSE,2022-11-01,2531.0,2620.0,26.0,0.05,2022-11-24,7177.005136309759,276.57052548399844,0,False,0,No SL Hit
RELIANCE.EQ-NSE,2022-12-01,2725.55,2840.0,23.45,0.05,2022-12-29,6009.796187925372,256.8288969198877,0,False,0,No SL Hit
RELIANCE.EQ-NSE,2023-01-02,2577.8999,2660.0,23.8,0.05,2023-01-25,6449.047924630433,271.5388599844393,0,False,0,No SL Hit
RELIANCE.EQ-NSE,2023-02-01,2340.8,2420.0,29.55,0.05,2023-02-23,8821.77033492823,299.0430622009569,0,False,0,No SL Hit
RELIANCE.EQ-NSE,2023-03-01,2345.5,2440.0,21.15,0.05,2023-03-29,6297.164783628224,298.4438286079727,0,False,0,No SL Hit
RELIANCE.EQ-NSE,2023-04-03,2331.05,2400.0,26.4,0.05,2023-04-27,7912.743184401877,300.2938589905836,0,False,0,No SL Hit
RELIANCE.EQ-NSE,2023-05-02,2440.2,2520.0,15.9,0.05,2023-05-25,4546.758462421113,286.8617326448652,0,False,0,No SL Hit
RELIANCE.EQ-NSE,2023-06-02,2455.0,2520.0,25.0,10.0,2023-06-28,4276.985743380856,285.132382892057,0,False,0,No SL Hit
RELIANCE.EQ-NSE,2023-07-03,2614.0,2680.0,31.75,95.25,2023-07-10,-17004.59066564652,267.78882938026015,0,False,0,Intraday SL Hit
RELIANCE.EQ-NSE,2023-08-02,2484.0,2560.0,26.8,0.05,2023-08-31,7538.244766505635,281.80354267310787,0,False,0,No SL Hit
RELIANCE.EQ-NSE,2023-09-01,2411.4,2480.0,30.95,0.05,2023-09-28,8969.893008210996,290.28779961847886,0,False,0,No SL Hit
RELIANCE.EQ-NSE,2023-10-03,2318.4,2380.0,25.0,0.05,2023-10-26,7533.212560386472,301.9323671497584,0,False,0,No SL Hit
RELIANCE.EQ-NSE,2023-11-01,2294.7,2360.0,15.95,47.849999999999994,2023-11-29,-9731.11953632283,305.05076916372514,0,False,0,Intraday SL Hit
RELIANCE.EQ-NSE,2023-12-01,2395.0,2460.0,22.0,66.0,2023-12-18,-12860.125260960334,292.2755741127349,0,False,0,Intraday SL Hit
RELIANCE.EQ-NSE,2024-01-01,2588.45,2660.0,37.0,111.0,2024-01-15,-20011.976279240473,270.43211188162803,0,False,0,Intraday SL Hit
RELIANCE.EQ-NSE,2024-02-01,2851.5,2940.0,34.35,0.2,2024-02-29,8383.307031386988,245.48483254427495,0,False,0,No SL Hit
RELIANCE.EQ-NSE,2024-03-01,2977.0,3060.0,47.5,0.05,2024-03-28,11157.205240174673,235.136042996305,0,False,0,No SL Hit
RELIANCE.EQ-NSE,2024-04-01,2974.8,3060.0,36.45,0.05,2024-04-25,8565.28169961006,235.3099368024741,0,False,0,No SL Hit
RELIANCE.EQ-NSE,2024-05-02,2938.25,3020.0,32.0,0.05,2024-05-30,7611.67361524717,238.23704586063133,0,False,0,No SL Hit
RELIANCE.EQ-NSE,2024-06-03,3028.0,3100.0,68.5,0.05,2024-06-27,15823.976221928666,231.17569352708057,0,False,0,No SL Hit
TCS.EQ-NSE,2019-01-01,1905.9,1980.0,39.0,30.3,2019-01-31,3195.34078388163,367.2805498714518,0,False,0,No SL Hit
TCS.EQ-NSE,2019-02-01,2024.9,2100.0,25.0,0.05,2019-02-28,8625.117289742702,345.69608375722254,0,False,0,No SL Hit
TCS.EQ-NSE,2019-03-01,1995.0,2100.0,18.4,0.05,2019-03-28,6438.59649122807,350.87719298245617,0,False,0,No SL Hit
TCS.EQ-NSE,2019-04-01,2034.95,2120.0,37.0,73.75,2019-04-25,-12641.588245411434,343.9887957935084,0,False,0,No SL Hit
TCS.EQ-NSE,2019-05-02,2215.0,2300.0,26.5,0.05,2019-05-30,8358.916478555304,316.0270880361174,0,False,0,No SL Hit
TCS.EQ-NSE,2019-06-03,2240.05,2320.0,18.0,0.05,2019-06-27,5609.249793531393,312.49302470926983,0,False,0,No SL Hit
TCS.EQ-NSE,2019-07-01,2233.8999,2320.0,31.8,0.05,2019-07-25,9948.968617618006,313.3533422871813,0,False,0,No SL Hit
TCS.EQ-NSE,2019-08-01,2178.3,2260.0,20.15,0.05,2019-08-29,6459.1654042142945,321.35151264747736,0,False,0,No SL Hit
TCS.EQ-NSE,2019-09-03,2246.0,2320.0,24.55,0.05,2019-09-26,7635.79697239537,311.6651825467498,0,False,0,No SL Hit
TCS.EQ-NSE,2019-10-01,2060.3,2160.0,37.35,112.05000000000001,2019-10-31,-25379.799058389555,339.75634616318007,0,False,0,Intraday SL Hit
TCS.EQ-NSE,2019-11-01,2207.0,2300.0,26.0,0.05,2019-11-28,8230.629814227457,317.17263253285,0,False,0,No SL Hit
TCS.EQ-NSE,2019-12-02,2020.0,2100.0,27.15,81.44999999999999,2019-12-18,-18816.831683168315,346.53465346534654,0,False,0,Intraday SL Hit
TCS.EQ-NSE,2020-01-01,2170.0,2260.0,32.95,0.05,2020-01-30,10612.903225806453,322.5806451612903,0,False,0,No SL Hit
TCS.EQ-NSE,2020-02-03,2110.0,2180.0,24.8,0.05,2020-02-27,8210.90047393365,331.7535545023697,0,False,0,No SL Hit
TCS.EQ-NSE,2020-03-02,2002.7,2060.0,40.75,0.05,2020-03-26,14225.79517651171,349.5281370150297,0,False,0,No SL Hit
TCS.EQ-NSE,2020-04-01,1714.0,1800.0,87.0,220.0,2020-04-30,-54317.3862310385,408.4014002333722,0,False,0,No SL Hit
TCS.EQ-NSE,2020-05-04,1930.5,2020.0,52.2,0.05,2020-05-28,18909.608909608913,362.6003626003626,0,False,0,No SL Hit
TCS.EQ-NSE,2020-06-01,2038.0,2120.0,32.95,0.15,2020-06-25,11265.94700686948,343.4739941118744,0,False,0,No SL Hit
TCS.EQ-NSE,2020-07-01,2095.0,2200.0,36.95,110.85000000000001,2020-07-07,-24692.124105011935,334.1288782816229,0,False,0,Intraday SL Hit
TCS.EQ-NSE,2020-08-03,2249.0,2340.0,49.3,0.05,2020-08-27,15329.035126722989,311.2494441974211,0,False,0,No SL Hit
TCS.EQ-NSE,2020-09-01,2250.0,2340.0,38.45,115.35000000000001,2020-09-14,-23924.444444444445,311.1111111111111,0,False,0,Intraday SL Hit
TCS.EQ-NSE,2020-10-01,2538.7,2660.0,42.0,126.0,2020-10-05,-23161.460590065784,275.73167369125935,0,False,0,Intraday SL Hit
TCS.EQ-NSE,2020-11-02,2608.0,2720.0,34.8,3.0,2020-11-26,8535.27607361963,268.4049079754601,0,False,0,No SL Hit
TCS.EQ-NSE,2020-12-01,2729.0,2850.0,39.25,4.95,2020-12-31,8798.094540124588,256.5042139978014,0,False,0,No SL Hit
TCS.EQ-NSE,2021-01-01,2930.5,3060.0,53.35,160.05,2021-01-11,-25487.11823920833,238.86708752772563,0,False,0,Intraday SL Hit
TCS.EQ-NSE,2021-02-01,3155.8999,3300.0,46.5,0.05,2021-02-25,10302.92500722219,221.8067816409513,0,False,0,No SL Hit
TCS.EQ-NSE,2021-03-01,2935.0,3060.0,54.9,7.0,2021-03-25,11424.19080068143,238.5008517887564,0,False,0,No SL Hit
TCS.EQ-NSE,2021-04-01,3167.0,3300.0,62.0,0.05,2021-04-29,13692.769182191349,221.02936532996526,0,False,0,No SL Hit
TCS.EQ-NSE,2021-05-03,3036.0,3140.0,46.65,35.0,2021-05-27,2686.1001317523055,230.566534914361,0,False,0,No SL Hit
TCS.EQ-NSE,2021-06-01,3153.8999,3250.0,38.95,116.85000000000001,2021-06-24,-17289.705358118692,221.94743720306406,0,False,0,Intraday SL Hit
TCS.EQ-NSE,2021-07-01,3338.0,3450.0,54.5,0.05,2021-07-29,11418.514080287598,209.7064110245656,0,False,0,No SL Hit
TCS.EQ-NSE,2021-08-02,3220.0,3320.0,25.0,75.0,2021-08-13,-10869.565217391304,217.3913043478261,0,False,0,Intraday SL Hit
TCS.EQ-NSE,2021-09-01,3718.0,3840.0,41.9,125.69999999999999,2021-09-15,-15777.299623453468,188.27326519634212,0,False,0,Intraday SL Hit
TCS.EQ-NSE,2021-10-01,3728.0,3840.0,97.2,0.05,2021-10-28,18241.68454935622,187.76824034334763,0,False,0,No SL Hit
TCS.EQ-NSE,2021-11-01,3482.3501,3580.0,53.35,0.05,2021-11-25,10714.029011614886,201.01367751622675,0,False,0,No SL Hit
TCS.EQ-NSE,2021-12-01,3579.0,3680.0,38.9,67.1,2021-12-30,-5515.507124895221,195.58535903883765,0,False,0,No SL Hit
TCS.EQ-NSE,2022-01-03,3815.0,3920.0,61.45,0.05,2022-01-27,11266.05504587156,183.4862385321101,0,False,0,No SL Hit
TCS.EQ-NSE,2022-02-01,3805.0,3900.0,48.5,0.05,2022-02-24,8913.272010512484,183.96846254927726,0,False,0,No SL Hit
TCS.EQ-NSE,2022-03-02,3549.0,3660.0,58.95,78.0,2022-03-31,-3757.3964497041416,197.23865877712032,0,False,0,No SL Hit
TCS.EQ-NSE,2022-04-01,3758.0,3860.0,63.0,0.05,2022-04-28,11725.65194252262,186.26929217668973,0,False,0,No SL Hit
TCS.EQ-NSE,2022-05-02,3538.7,3640.0,39.25,0.05,2022-05-26,7754.260038997372,197.81275609687174,0,False,0,No SL Hit
TCS.EQ-NSE,2022-06-01,3356.0,3450.0,50.0,0.05,2022-06-30,10418.653158522051,208.58164481525625,0,False,0,No SL Hit
TCS.EQ-NSE,2022-07-01,3331.0,3440.0,50.0,0.05,2022-07-28,10496.84779345542,210.14710297208046,0,False,0,No SL Hit
TCS.EQ-NSE,2022-08-01,3298.6499,3400.0,38.0,0.05,2022-08-25,8053.2947737193945,212.20803092804726,0,False,0,No SL Hit
TCS.EQ-NSE,2022-09-01,3135.95,3240.0,49.8,0.05,2023-04-27,11105.087772445353,223.2178446722684,0,False,0,No SL Hit
TCS.EQ-NSE,2023-05-02,3216.95,3320.0,18.5,0.05,2023-05-25,4014.6722827522963,217.59741369931146,0,False,0,No SL Hit
TCS.EQ-NSE,2023-06-02,3306.3999,3400.0,22.15,0.05,2023-06-28,4678.804883825456,211.71062822739623,0,False,0,No SL Hit
TCS.EQ-NSE,2023-07-03,3274.0,3360.0,41.25,123.75,2023-07-14,-17638.973732437385,213.80574221136226,0,False,0,Intraday SL Hit
TCS.EQ-NSE,2023-08-02,3431.1499,3540.0,30.1,0.05,2023-08-31,6130.597791719913,204.0132376612284,0,False,0,No SL Hit
TCS.EQ-NSE,2023-09-01,3374.0,3480.0,27.0,81.0,2023-09-12,-11203.31950207469,207.4688796680498,0,False,0,Intraday SL Hit
TCS.EQ-NSE,2023-10-03,3507.1,3600.0,42.6,0.05,2023-10-26,8492.77180576545,199.59510706851816,0,False,0,No SL Hit
TCS.EQ-NSE,2023-11-01,3311.25,3420.0,26.75,80.25,2023-11-16,-11309.928274820686,211.40052850132125,0,False,0,Intraday SL Hit
TCS.EQ-NSE,2023-12-01,3512.0,3620.0,27.15,81.44999999999999,2023-12-08,-10822.892938496581,199.31662870159454,0,False,0,Intraday SL Hit
TCS.EQ-NSE,2024-01-01,3803.0,3900.0,77.7,0.05,2024-01-25,14292.66368656324,184.06521167499344,0,False,0,No SL Hit
TCS.EQ-NSE,2024-02-01,3842.65,3940.0,48.15,144.45,2024-02-06,-17542.581291556606,182.16595318335004,0,False,0,Intraday SL Hit
TCS.EQ-NSE,2024-03-01,4093.0,4200.0,71.55,0.05,2024-03-28,12228.194478377718,171.02369899828977,0,False,0,No SL Hit
TCS.EQ-NSE,2024-04-01,3924.65,4020.0,66.75,0.05,2024-04-25,11896.60224478616,178.35985374491992,0,False,0,No SL Hit
TCS.EQ-NSE,2024-05-02,3863.7,3950.0,46.2,0.05,2024-05-30,8361.156404482752,181.17348655433912,0,False,0,No SL Hit
TCS.EQ-NSE,2024-06-03,3706.0,3800.0,66.0,130.2,2024-06-27,-12126.281705342684,188.8828926065839,0,False,0,No SL Hit
INFY.EQ-NSE,2019-01-01,665.95,700.0,13.75,41.25,2019-01-21,-28906.0740295818,1051.1299647120654,0,False,0,Intraday SL Hit
INFY.EQ-NSE,2019-02-01,756.7,790.0,9.05,0.1,2019-02-28,8279.370952821462,925.0693802035152,0,False,0,No SL Hit
INFY.EQ-NSE,2019-03-01,741.5,770.0,8.75,0.05,2019-03-28,8213.081591368846,944.0323668240054,0,False,0,No SL Hit
INFY.EQ-NSE,2019-04-01,754.0,780.0,16.4,0.05,2019-04-25,15179.045092838194,928.3819628647215,0,False,0,No SL Hit
INFY.EQ-NSE,2019-05-02,730.75,760.0,9.0,0.05,2019-05-30,8573.38351009237,957.9199452617174,0,False,0,No SL Hit
INFY.EQ-NSE,2019-06-03,745.15,770.0,4.4,0.05,2019-06-27,4086.4255519023022,939.4081728511038,0,False,0,No SL Hit
INFY.EQ-NSE,2019-07-01,731.7,760.0,11.25,33.75,2019-07-17,-21525.21525215252,956.676233429001,0,False,0,Intraday SL Hit
INFY.EQ-NSE,2019-08-01,770.6,800.0,7.85,6.5,2019-08-29,1226.317155463275,908.3830781209447,0,False,0,No SL Hit
INFY.EQ-NSE,2019-09-03,812.7,840.0,8.45,0.05,2019-09-26,7235.1421188630475,861.3264427217915,0,False,0,No SL Hit
INFY.EQ-NSE,2019-10-01,794.0,830.0,12.75,0.05,2019-10-31,11196.473551637278,881.6120906801008,0,False,0,No SL Hit
INFY.EQ-NSE,2019-11-01,688.5,720.0,15.8,0.05,2019-11-28,16013.071895424837,1016.7029774872913,0,False,0,No SL Hit
INFY.EQ-NSE,2019-12-02,692.75,720.0,9.35,15.0,2019-12-26,-5709.130277878023,1010.4655359076146,0,False,0,No SL Hit
INFY.EQ-NSE,2020-01-01,739.35,770.0,12.0,10.9,2020-01-30,1041.4553323865555,946.7775748968688,0,False,0,No SL Hit
INFY.EQ-NSE,2020-02-03,767.1,790.0,10.1,0.05,2020-02-27,9170.903402424716,912.5277017338026,0,False,0,No SL Hit
INFY.EQ-NSE,2020-03-02,739.25,760.0,16.8,0.05,2020-03-26,15860.6695975651,946.9056476158269,0,False,0,No SL Hit
INFY.EQ-NSE,2020-04-01,604.0,640.0,28.6,80.0,2020-04-30,-59569.53642384106,1158.9403973509934,0,False,0,No SL Hit
INFY.EQ-NSE,2020-05-04,675.05,710.0,15.5,0.05,2020-05-28,16021.03547885342,1036.9602251685062,0,False,0,No SL Hit
INFY.EQ-NSE,2020-06-01,699.55,740.0,6.85,0.05,2020-06-25,6804.374240583233,1000.6432706740048,0,False,0,No SL Hit
INFY.EQ-NSE,2020-07-01,730.85,770.0,12.95,38.849999999999994,2020-07-13,-24806.731887528218,957.7888759663406,0,False,0,Intraday SL Hit
INFY.EQ-NSE,2020-08-03,955.3,1010.0,14.7,0.05,2020-08-27,10734.847691824558,732.7541086569664,0,False,0,No SL Hit
INFY.EQ-NSE,2020-09-01,917.95,970.0,12.5,37.5,2020-09-16,-19064.219184051417,762.5687673620567,0,False,0,Intraday SL Hit
INFY.EQ-NSE,2020-10-01,1018.7,1080.0,16.9,50.699999999999996,2020-10-08,-23225.67978796505,687.1502895847649,0,False,0,Intraday SL Hit
INFY.EQ-NSE,2020-11-02,1068.7,1120.0,17.6,0.05,2020-11-26,11495.274632731354,655.0014035744362,0,False,0,No SL Hit
INFY.EQ-NSE,2020-12-01,1137.0,1200.0,16.0,48.0,2020-12-23,-19700.967458223397,615.6552330694811,0,False,0,Intraday SL Hit
INFY.EQ-NSE,2021-01-01,1259.05,1320.0,30.05,90.15,2021-01-13,-33414.08204598706,555.9747428616814,0,False,0,Intraday SL Hit
INFY.EQ-NSE,2021-02-01,1267.35,1340.0,16.3,0.05,2021-02-25,8975.421154377244,552.3336095001381,0,False,0,No SL Hit
INFY.EQ-NSE,2021-03-01,1271.0,1340.0,19.65,58.949999999999996,2021-03-12,-21644.37450826121,550.7474429583006,0,False,0,Intraday SL Hit
INFY.EQ-NSE,2021-04-01,1386.0,1440.0,28.75,0.05,2021-04-29,14494.949494949495,505.050505050505,0,False,0,No SL Hit
INFY.EQ-NSE,2021-05-03,1349.0,1400.0,20.25,4.0,2021-05-27,8432.171979243883,518.9028910303929,0,False,0,No SL Hit
INFY.EQ-NSE,2021-06-01,1388.1,1440.0,16.35,49.050000000000004,2021-06-16,-16490.166414523454,504.28643469490675,0,False,0,Intraday SL Hit
INFY.EQ-NSE,2021-07-01,1561.1,1620.0,21.7,0.05,2021-07-29,9707.898276856064,448.4017679841138,0,False,0,No SL Hit
INFY.EQ-NSE,2021-08-02,1632.0,1680.0,10.75,32.25,2021-08-13,-9221.813725490196,428.921568627451,0,False,0,Intraday SL Hit
INFY.EQ-NSE,2021-09-01,1677.25,1740.0,17.6,0.05,2021-09-30,7324.489491727531,417.34982858846325,0,False,0,No SL Hit
INFY.EQ-NSE,2021-10-01,1665.6,1720.0,36.5,0.05,2021-10-28,15318.804034582136,420.26897214217104,0,False,0,No SL Hit
INFY.EQ-NSE,2021-11-01,1701.35,1740.0,32.35,0.05,2021-11-25,13289.446615922652,411.43797572515945,0,False,0,No SL Hit
INFY.EQ-NSE,2021-12-01,1717.9,1780.0,18.65,55.949999999999996,2021-12-03,-15198.789219395772,407.4742418068572,0,False,0,Intraday SL Hit
INFY.EQ-NSE,2022-01-03,1899.0,1940.0,35.8,0.05,2022-01-27,13177.98841495524,368.61506055818853,0,False,0,No SL Hit
INFY.EQ-NSE,2022-02-01,1773.05,1820.0,22.15,0.05,2022-02-24,8725.078254984348,394.7999210400158,0,False,0,No SL Hit
INFY.EQ-NSE,2022-03-02,1702.55,1760.0,27.45,82.35,2022-03-09,-22572.024316466475,411.1479839064932,0,False,0,Intraday SL Hit
INFY.EQ-NSE,2022-04-01,1906.8,1960.0,34.1,0.05,2022-04-28,12500.000000000002,367.1071953010279,0,False,0,No SL Hit
INFY.EQ-NSE,2022-05-02,1544.5,1600.0,20.9,0.05,2022-05-26,9449.660084169633,453.2211071544189,0,False,0,No SL Hit
INFY.EQ-NSE,2022-06-01,1487.1,1540.0,24.0,0.05,2022-06-30,11273.61979692018,470.7148140676485,0,False,0,No SL Hit
INFY.EQ-NSE,2022-07-01,1481.1,1540.0,21.5,0.05,2022-07-28,10137.735466882723,472.62170008777264,0,False,0,No SL Hit
INFY.EQ-NSE,2022-08-01,1551.5,1600.0,20.4,0.05,2022-08-25,9181.437318723814,451.1762810183693,0,False,0,No SL Hit
INFY.EQ-NSE,2022-09-01,1466.95,1520.0,22.9,0.05,2022-09-29,10903.575445652543,477.1805446675074,0,False,0,No SL Hit
INFY.EQ-NSE,2022-10-03,1394.65,1440.0,30.5,80.0,2022-10-27,-24844.943175707165,501.9180439536801,0,False,0,No SL Hit
INFY.EQ-NSE,2022-11-01,1572.0,1620.0,15.5,13.9,2022-11-24,712.4681933842238,445.29262086513995,0,False,0,No SL Hit
INFY.EQ-NSE,2022-12-01,1655.75,1720.0,17.1,0.05,2022-12-29,7208.213800392572,422.76913785293675,0,False,0,No SL Hit
INFY.EQ-NSE,2023-01-02,1524.4,1580.0,18.4,0.05,2023-01-25,8426.266071897138,459.1970611388087,0,False,0,No SL Hit
INFY.EQ-NSE,2023-02-01,1546.0,1600.0,13.4,0.05,2023-02-23,6044.631306597671,452.78137128072444,0,False,0,No SL Hit
INFY.EQ-NSE,2023-03-01,1496.5,1560.0,13.2,0.05,2023-03-29,6151.019044437019,467.75810223855666,0,False,0,No SL Hit
INFY.EQ-NSE,2023-04-03,1410.95,1460.0,19.25,0.05,2023-04-27,9525.497005563626,496.1196357064389,0,False,0,No SL Hit
INFY.EQ-NSE,2023-05-02,1278.2,1320.0,10.4,0.05,2023-05-25,5668.127053669222,547.6451259583789,0,False,0,No SL Hit
INFY.EQ-NSE,2023-06-02,1299.85,1340.0,10.9,0.05,2023-06-28,5842.981882524907,538.5236758087472,0,False,0,No SL Hit
INFY.EQ-NSE,2023-07-03,1333.0,1370.0,19.95,59.849999999999994,2023-07-14,-20952.738184546135,525.1312828207052,0,False,0,Intraday SL Hit
INFY.EQ-NSE,2023-08-02,1356.95,1410.0,12.4,26.0,2023-08-31,-7015.733814805261,515.8627805003869,0,False,0,No SL Hit
INFY.EQ-NSE,2023-09-01,1442.0,1490.0,9.3,27.900000000000002,2023-09-12,-9029.126213592233,485.43689320388347,0,False,0,Intraday SL Hit
INFY.EQ-NSE,2023-10-03,1429.6,1470.0,17.45,52.349999999999994,2023-10-11,-17088.696138780077,489.6474538332401,0,False,0,Intraday SL Hit
INFY.EQ-NSE,2023-11-01,1354.0,1400.0,11.65,34.95,2023-11-16,-12045.79025110783,516.98670605613,0,False,0,Intraday SL Hit
INFY.EQ-NSE,2023-12-01,1452.15,1500.0,12.4,37.2,2023-12-15,-11954.68787659677,482.0438659918052,0,False,0,Intraday SL Hit
INFY.EQ-NSE,2024-01-01,1548.25,1590.0,39.15,69.8,2024-01-25,-13857.58113999677,452.1233650896173,0,False,0,No SL Hit
INFY.EQ-NSE,2024-02-01,1655.0,1710.0,18.75,0.05,2024-02-29,7909.365558912387,422.9607250755287,0,False,0,No SL Hit
INFY.EQ-NSE,2024-03-01,1653.8,1710.0,23.75,0.05,2024-03-28,10031.442737936874,423.2676260732858,0,False,0,No SL Hit
INFY.EQ-NSE,2024-04-01,1497.5,1540.0,29.85,0.05,2024-04-25,13929.883138564273,467.4457429048414,0,False,0,No SL Hit
INFY.EQ-NSE,2024-05-02,1417.45,1460.0,18.8,0.05,2024-05-30,9259.58587604501,493.8445800557339,0,False,0,No SL Hit
INFY.EQ-NSE,2024-06-03,1408.2,1440.0,28.9,86.69999999999999,2024-06-07,-28731.71424513563,497.08848174975145,0,False,0,Intraday SL Hit
HDFCBANK.EQ-NSE,2019-01-01,537.25,970.0,95.0,66.0,2019-01-31,37785.01628664495,1302.9315960912052,0,False,0,No SL Hit
HDFCBANK.EQ-NSE,2019-02-01,522.65,980.0,76.6,69.875,2019-02-28,9006.983641059976,1339.328422462451,0,False,0,No SL Hit
HDFCBANK.EQ-NSE,2019-03-01,520.0,1000.0,56.0,153.075,2019-03-28,-130677.88461538461,1346.1538461538462,0,False,0,No SL Hit
HDFCBANK.EQ-NSE,2019-04-01,576.7125,1000.0,162.5,133.025,2019-04-25,35776.05826126536,1213.7763617053558,0,False,0,No SL Hit
HDFCBANK.EQ-NSE,2019-05-02,589.0,1100.0,80.975,118.9,2019-05-30,-45072.156196943986,1188.4550084889643,0,False,0,No SL Hit
HDFCBANK.EQ-NSE,2019-06-03,613.5,1130.0,90.0,103.0,2019-06-27,-14832.925835370825,1140.994295028525,0,False,0,No SL Hit
HDFCBANK.EQ-NSE,2019-07-01,621.075,1100.0,147.9,41.9,2019-07-25,119470.27331642716,1127.0780501549732,0,False,0,No SL Hit
HDFCBANK.EQ-NSE,2019-08-01,556.25,1080.0,39.45,32.5,2019-08-29,8746.067415730342,1258.426966292135,0,False,0,No SL Hit
HDFCBANK.EQ-NSE,2019-09-03,550.125,1050.0,60.0,210.0,2019-09-23,-190865.71233810496,1272.4380822540331,0,False,0,Overnight SL Hit
HDFCBANK.EQ-NSE,2019-10-01,1251.0,1310.0,19.3,0.05,2019-10-31,10771.382893685051,559.5523581135092,0,False,0,No SL Hit
HDFCBANK.EQ-NSE,2019-11-01,1243.15,1290.0,16.05,0.05,2019-11-28,9009.37135502554,563.0857096890962,0,False,0,No SL Hit
HDFCBANK.EQ-NSE,2019-12-02,1262.55,1320.0,8.0,0.05,2019-12-26,4407.746227872163,554.433487782662,0,False,0,No SL Hit
HDFCBANK.EQ-NSE,2020-01-01,1278.5,1340.0,8.1,0.05,2020-01-30,4407.508799374266,547.5166210402816,0,False,0,No SL Hit
HDFCBANK.EQ-NSE,2020-02-03,1194.0,1320.0,2.75,0.05,2020-02-27,1582.9145728643218,586.2646566164154,0,False,0,No SL Hit
HDFCBANK.EQ-NSE,2020-03-02,1185.0,1300.0,3.35,0.05,2020-03-26,1949.367088607595,590.717299578059,0,False,0,No SL Hit
HDFCBANK.EQ-NSE,2020-04-01,829.65,920.0,31.95,95.85,2020-04-30,-53914.30121135418,843.7292834327728,0,False,0,Intraday SL Hit
HDFCBANK.EQ-NSE,2020-05-04,924.9,1020.0,15.85,0.05,2020-05-28,11958.049518866903,756.8385771434749,0,False,0,No SL Hit
HDFCBANK.EQ-NSE,2020-06-01,984.05,1100.0,7.5,22.5,2020-06-08,-10670.189522890098,711.3459681926731,0,False,0,Intraday SL Hit
HDFCBANK.EQ-NSE,2020-07-01,1079.95,1220.0,4.8,0.05,2020-07-30,3078.8462428816147,648.1781563961295,0,False,0,No SL Hit
HDFCBANK.EQ-NSE,2020-08-03,1006.0,1120.0,10.3,0.05,2020-08-27,7132.206759443339,695.8250497017892,0,False,0,No SL Hit
HDFCBANK.EQ-NSE,2020-09-01,1123.95,1240.0,5.7,0.05,2020-09-24,3518.8398060411937,622.8035054940166,0,False,0,No SL Hit
HDFCBANK.EQ-NSE,2020-10-01,1108.0,1160.0,12.9,38.7,2020-10-08,-16299.638989169678,631.768953068592,0,False,0,Intraday SL Hit
HDFCBANK.EQ-NSE,2020-11-02,1215.5,1280.0,19.0,57.0,2020-11-09,-21883.99835458659,575.8946935417524,0,False,0,Intraday SL Hit
HDFCBANK.EQ-NSE,2020-12-01,1428.05,1520.0,16.4,0.05,2020-12-31,8014.425265221805,490.178915304086,0,False,0,No SL Hit
HDFCBANK.EQ-NSE,2021-01-01,1423.45,1500.0,17.7,0.05,2021-01-28,8679.616424883206,491.7629702483403,0,False,0,No SL Hit
HDFCBANK.EQ-NSE,2021-02-01,1480.0,1560.0,15.3,45.900000000000006,2021-02-02,-14472.972972972975,472.97297297297297,0,False,0,Intraday SL Hit
HDFCBANK.EQ-NSE,2021-03-01,1560.35,1640.0,21.5,0.05,2021-03-25,9622.841029256257,448.6172974012241,0,False,0,No SL Hit
HDFCBANK.EQ-NSE,2021-04-01,1493.0,1560.0,25.9,0.05,2021-04-29,12119.8928332217,468.85465505693236,0,False,0,No SL Hit
HDFCBANK.EQ-NSE,2021-05-03,1419.0,1480.0,25.5,6.45,2021-05-27,9397.463002114166,493.3051444679352,0,False,0,No SL Hit
HDFCBANK.EQ-NSE,2021-06-01,1511.0,1560.0,19.3,0.05,2021-06-24,8917.935142289874,463.26935804103243,0,False,0,No SL Hit
HDFCBANK.EQ-NSE,2021-07-01,1487.95,1540.0,13.9,0.05,2021-07-29,6515.675929970765,470.4459155213549,0,False,0,No SL Hit
HDFCBANK.EQ-NSE,2021-08-02,1423.8,1480.0,12.25,36.75,2021-08-05,-12045.231071779745,491.6420845624386,0,False,0,Intraday SL Hit
HDFCBANK.EQ-NSE,2021-09-01,1575.6,1640.0,12.0,0.05,2021-09-30,5309.088601167809,444.2751967504443,0,False,0,No SL Hit
HDFCBANK.EQ-NSE,2021-10-01,1585.45,1640.0,29.85,0.05,2021-10-28,13157.147812923775,441.5150272793213,0,False,0,No SL Hit
HDFCBANK.EQ-NSE,2021-11-01,1609.0,1660.0,21.4,0.05,2021-11-25,9288.377874456184,435.052827843381,0,False,0,No SL Hit
HDFCBANK.EQ-NSE,2021-12-01,1506.65,1560.0,16.0,0.05,2021-12-30,7410.48020442704,464.60690936846646,0,False,0,No SL Hit
HDFCBANK.EQ-NSE,2022-01-03,1519.8,1570.0,16.6,0.05,2022-01-27,7622.713514936177,460.586919331491,0,False,0,No SL Hit
HDFCBANK.EQ-NSE,2022-02-01,1500.0,1540.0,18.85,0.05,2022-02-24,8773.333333333334,466.6666666666667,0,False,0,No SL Hit
HDFCBANK.EQ-NSE,2022-03-02,1378.8,1430.0,31.9,36.25,2022-03-31,-2208.4421235857276,507.6878445024659,0,False,0,No SL Hit
HDFCBANK.EQ-NSE,2022-04-01,1507.2,1560.0,16.75,51.6,2022-04-04,-16185.642250530786,464.43736730360934,0,False,0,Overnight SL Hit
HDFCBANK.EQ-NSE,2022-05-02,1401.9,1450.0,16.2,0.05,2022-05-26,8064.055924103002,499.322348241672,0,False,0,No SL Hit
HDFCBANK.EQ-NSE,2022-06-01,1396.1,1440.0,19.55,0.05,2022-06-30,9777.23658763699,501.3967480839482,0,False,0,No SL Hit
HDFCBANK.EQ-NSE,2022-07-01,1354.6,1400.0,18.3,14.0,2022-07-28,2222.0581721541416,516.7577144544515,0,False,0,No SL Hit
HDFCBANK.EQ-NSE,2022-08-01,1443.0,1480.0,17.25,0.05,2022-08-25,8343.728343728344,485.1004851004851,0,False,0,No SL Hit
HDFCBANK.EQ-NSE,2022-09-01,1472.0,1520.0,16.8,0.05,2022-09-29,7965.353260869565,475.54347826086956,0,False,0,No SL Hit
HDFCBANK.EQ-NSE,2022-10-03,1411.0,1460.0,17.55,0.05,2022-10-27,8681.785967399008,496.10205527994333,0,False,0,No SL Hit
HDFCBANK.EQ-NSE,2022-11-01,1513.5,1560.0,13.3,39.900000000000006,2022-11-11,-12302.60984473076,462.5041295011563,0,False,0,Intraday SL Hit
HDFCBANK.EQ-NSE,2022-12-01,1618.0,1680.0,13.25,0.05,2022-12-29,5710.754017305315,432.63288009888754,0,False,0,No SL Hit
HDFCBANK.EQ-NSE,2023-01-02,1628.15,1680.0,13.15,0.05,2023-01-25,5632.159199090992,429.93581672450324,0,False,0,No SL Hit
HDFCBANK.EQ-NSE,2023-02-01,1625.5,1680.0,16.05,0.05,2023-02-23,6890.187634573977,430.6367271608736,0,False,0,No SL Hit
HDFCBANK.EQ-NSE,2023-03-01,1599.0,1660.0,11.1,0.05,2023-03-29,4837.3983739837395,437.77360850531585,0,False,0,No SL Hit
HDFCBANK.EQ-NSE,2023-04-03,1609.9,1660.0,10.8,32.400000000000006,2023-04-06,-9391.887694887884,434.8096155040686,0,False,0,Intraday SL Hit
HDFCBANK.EQ-NSE,2023-05-02,1682.9,1720.0,8.5,25.5,2023-05-04,-7071.127220868739,415.94866005110225,0,False,0,Intraday SL Hit
HDFCBANK.EQ-NSE,2023-06-02,1605.05,1650.0,13.55,22.3,2023-06-28,-3816.080495934706,436.1234852496807,0,False,0,No SL Hit
HDFCBANK.EQ-NSE,2023-07-03,1721.0,1760.0,25.0,0.05,2023-07-27,10148.16966879721,406.74026728646135,0,False,0,No SL Hit
HDFCBANK.EQ-NSE,2023-08-02,1641.9,1690.0,14.5,0.05,2023-08-31,6160.545709239295,426.33534319995124,0,False,0,No SL Hit
HDFCBANK.EQ-NSE,2023-09-01,1573.5,1610.0,16.9,50.699999999999996,2023-09-15,-15036.542739116618,444.8681283762313,0,False,0,Intraday SL Hit
HDFCBANK.EQ-NSE,2023-10-03,1507.9,1540.0,19.75,0.05,2023-10-26,9145.168777770408,464.2217653690563,0,False,0,No SL Hit
HDFCBANK.EQ-NSE,2023-11-01,1477.0,1520.0,12.1,36.3,2023-11-29,-11469.194312796208,473.93364928909955,0,False,0,Intraday SL Hit
HDFCBANK.EQ-NSE,2023-12-01,1552.35,1590.0,12.85,38.55,2023-12-04,-11588.881373401615,450.9292363191291,0,False,0,Intraday SL Hit
HDFCBANK.EQ-NSE,2024-01-01,1692.9,1730.0,24.1,0.05,2024-01-25,9944.473979561699,413.491641561817,0,False,0,No SL Hit
HDFCBANK.EQ-NSE,2024-02-01,1466.5,1510.0,19.6,0.05,2024-02-29,9331.742243436755,477.326968973747,0,False,0,No SL Hit
HDFCBANK.EQ-NSE,2024-03-01,1429.3,1470.0,21.3,0.05,2024-03-28,10407.192331910725,489.75022738403413,0,False,0,No SL Hit
HDFCBANK.EQ-NSE,2024-04-01,1470.0,1510.0,16.0,48.0,2024-04-05,-15238.095238095239,476.1904761904762,0,False,0,Intraday SL Hit
HDFCBANK.EQ-NSE,2024-05-02,1532.9,1580.0,8.65,0.05,2024-05-30,3927.1968164916166,456.6507926153043,0,False,0,No SL Hit
HDFCBANK.EQ-NSE,2024-06-03,1573.0,1610.0,29.5,88.5,2024-06-25,-26255.562619198983,445.00953591862685,0,False,0,Intraday SL Hit
ICICIBANK.EQ-NSE,2019-01-01,364.2,380.0,4.75,0.05,2019-01-31,9033.498077979133,1922.0208676551347,0,False,0,No SL Hit
ICICIBANK.EQ-NSE,2019-02-01,353.35,370.0,6.05,0.05,2019-02-28,11886.231781519738,1981.0386302532897,0,False,0,No SL Hit
ICICIBANK.EQ-NSE,2019-03-01,354.1,370.0,3.9,11.7,2019-03-11,-15419.373058458059,1976.8426998023156,0,False,0,Intraday SL Hit
ICICIBANK.EQ-NSE,2019-04-01,397.0,410.0,7.0,0.05,2019-04-25,12254.408060453401,1763.2241813602016,0,False,0,No SL Hit
ICICIBANK.EQ-NSE,2019-05-02,394.8,410.0,11.05,15.8,2019-05-30,-8421.985815602837,1773.049645390071,0,False,0,No SL Hit
ICICIBANK.EQ-NSE,2019-06-03,422.85,440.0,5.1,0.2,2019-06-27,8111.623507153836,1655.4333688069055,0,False,0,No SL Hit
ICICIBANK.EQ-NSE,2019-07-01,438.0,455.0,5.4,0.05,2019-08-29,8550.228310502283,1598.1735159817351,0,False,0,No SL Hit
ICICIBANK.EQ-NSE,2019-09-03,391.85,405.0,7.55,31.25,2019-09-23,-42337.629194844965,1786.3978563225724,0,False,0,Overnight SL Hit
ICICIBANK.EQ-NSE,2019-10-01,425.6,445.0,9.45,28.349999999999998,2019-10-25,-31085.52631578947,1644.7368421052631,0,False,0,Intraday SL Hit
ICICIBANK.EQ-NSE,2019-11-01,462.9,480.0,8.8,26.400000000000002,2019-11-15,-26614.819615467706,1512.205659969756,0,False,0,Intraday SL Hit
ICICIBANK.EQ-NSE,2019-12-02,510.95,530.0,6.4,19.200000000000003,2019-12-20,-17535.962422937668,1369.997064292005,0,False,0,Intraday SL Hit
ICICIBANK.EQ-NSE,2020-01-01,538.0,560.0,6.95,0.05,2020-01-30,8977.695167286245,1301.1152416356877,0,False,0,No SL Hit
ICICIBANK.EQ-NSE,2020-02-03,516.4,535.0,6.5,19.5,2020-02-06,-17621.998450813324,1355.5383423702556,0,False,0,Intraday SL Hit
ICICIBANK.EQ-NSE,2020-03-02,504.8,520.0,12.3,0.05,2020-03-26,16986.925515055467,1386.687797147385,0,False,0,No SL Hit
ICICIBANK.EQ-NSE,2020-04-01,311.7,330.0,22.8,47.7,2020-04-30,-55919.153031761314,2245.749117741418,0,False,0,No SL Hit
ICICIBANK.EQ-NSE,2020-05-04,340.0,360.0,17.3,0.05,2020-05-28,35514.705882352944,2058.823529411765,0,False,0,No SL Hit
ICICIBANK.EQ-NSE,2020-06-01,338.0,360.0,9.7,0.05,2020-06-25,19985.207100591713,2071.005917159763,0,False,0,No SL Hit
ICICIBANK.EQ-NSE,2020-07-01,362.6,390.0,9.3,0.05,2020-07-30,17857.142857142855,1930.5019305019305,0,False,0,No SL Hit
ICICIBANK.EQ-NSE,2020-08-03,343.65,365.0,11.35,26.0,2020-08-27,-29841.40840971919,2036.956205441583,0,False,0,No SL Hit
ICICIBANK.EQ-NSE,2020-09-01,393.1,420.0,7.8,0.05,2020-09-24,13800.559654032051,1780.7173747138131,0,False,0,No SL Hit
ICICIBANK.EQ-NSE,2020-10-01,368.4,400.0,4.3,12.899999999999999,2020-10-09,-16340.933767643863,1900.1085776330078,0,False,0,Intraday SL Hit
ICICIBANK.EQ-NSE,2020-11-02,416.15,440.0,10.25,30.75,2020-11-09,-34482.75862068966,1682.0857863751053,0,False,0,Intraday SL Hit
ICICIBANK.EQ-NSE,2020-12-01,484.2,520.0,8.6,14.0,2020-12-31,-7806.691449814127,1445.6836018174308,0,False,0,No SL Hit
ICICIBANK.EQ-NSE,2021-01-01,527.8,570.0,6.25,0.05,2021-01-28,8222.811671087533,1326.2599469496022,0,False,0,No SL Hit
ICICIBANK.EQ-NSE,2021-02-01,608.95,650.0,10.5,31.5,2021-02-15,-24139.912964939645,1149.519664997126,0,False,0,Intraday SL Hit
ICICIBANK.EQ-NSE,2021-03-01,609.5,650.0,11.65,0.05,2021-03-25,13322.395406070551,1148.4823625922888,0,False,0,No SL Hit
ICICIBANK.EQ-NSE,2021-04-01,594.75,630.0,8.3,0.05,2021-04-29,9709.962168978564,1176.965111391341,0,False,0,No SL Hit
ICICIBANK.EQ-NSE,2021-05-03,598.0,630.0,9.75,29.25,2021-05-26,-22826.086956521736,1170.5685618729096,0,False,0,Intraday SL Hit
ICICIBANK.EQ-NSE,2021-06-01,650.6,680.0,8.75,0.05,2021-06-24,9360.590224408237,1075.9299108515215,0,False,0,No SL Hit
ICICIBANK.EQ-NSE,2021-07-01,631.75,660.0,7.4,22.200000000000003,2021-07-26,-16398.891966759005,1108.03324099723,0,False,0,Intraday SL Hit
ICICIBANK.EQ-NSE,2021-08-02,682.0,710.0,7.2,0.05,2021-08-26,7338.709677419356,1026.392961876833,0,False,0,No SL Hit
ICICIBANK.EQ-NSE,2021-09-01,718.3,750.0,7.35,0.05,2021-09-30,7114.019212028401,974.523179729918,0,False,0,No SL Hit
ICICIBANK.EQ-NSE,2021-10-01,692.15,720.0,14.45,43.349999999999994,2021-10-21,-29227.76854728021,1011.3414722242289,0,False,0,Intraday SL Hit
ICICIBANK.EQ-NSE,2021-11-01,805.25,840.0,11.0,0.05,2021-11-25,9518.782986650107,869.2952499223843,0,False,0,No SL Hit
ICICIBANK.EQ-NSE,2021-12-01,727.0,760.0,11.0,0.05,2021-12-30,10543.328748280604,962.8610729023384,0,False,0,No SL Hit
ICICIBANK.EQ-NSE,2022-01-03,765.4,800.0,8.3,24.900000000000002,2022-01-10,-15181.604389861512,914.5544813169585,0,False,0,Intraday SL Hit
ICICIBANK.EQ-NSE,2022-02-01,811.45,840.0,11.05,0.05,2022-02-24,9489.186025016945,862.6532750015404,0,False,0,No SL Hit
ICICIBANK.EQ-NSE,2022-03-02,717.5,750.0,14.3,0.05,2022-03-31,13902.439024390244,975.609756097561,0,False,0,No SL Hit
ICICIBANK.EQ-NSE,2022-04-01,737.8,770.0,10.0,0.05,2022-04-28,9440.22770398482,948.7666034155599,0,False,0,No SL Hit
ICICIBANK.EQ-NSE,2022-05-02,741.05,770.0,10.25,0.05,2022-05-26,9634.977396936778,944.6056271506646,0,False,0,No SL Hit
ICICIBANK.EQ-NSE,2022-06-01,752.95,780.0,8.85,0.05,2022-06-30,8181.1541271000715,929.676605352281,0,False,0,No SL Hit
ICICIBANK.EQ-NSE,2022-07-01,706.0,730.0,10.25,30.75,2022-07-08,-20325.779036827196,991.5014164305949,0,False,0,Intraday SL Hit
ICICIBANK.EQ-NSE,2022-08-01,824.45,850.0,8.6,25.799999999999997,2022-08-11,-14603.675177390984,849.0508824064527,0,False,0,Intraday SL Hit
ICICIBANK.EQ-NSE,2022-09-01,875.45,910.0,10.8,32.400000000000006,2022-09-15,-17271.117710891544,799.5887829116454,0,False,0,Intraday SL Hit
ICICIBANK.EQ-NSE,2022-10-03,846.45,880.0,12.2,62.0,2022-10-25,-41183.76749955697,826.983283123634,0,False,0,Overnight SL Hit
ICICIBANK.EQ-NSE,2022-11-01,908.2,940.0,11.4,0.05,2022-11-24,8748.073111649415,770.7553402334287,0,False,0,No SL Hit
ICICIBANK.EQ-NSE,2022-12-01,939.45,970.0,10.35,0.05,2022-12-29,7674.703283836286,745.1168236734259,0,False,0,No SL Hit
ICICIBANK.EQ-NSE,2023-01-02,902.9,930.0,9.3,0.05,2023-01-25,7171.336803632739,775.2796544467826,0,False,0,No SL Hit
ICICIBANK.EQ-NSE,2023-02-01,850.0,870.0,14.1,0.05,2023-02-23,11570.588235294117,823.5294117647059,0,False,0,No SL Hit
ICICIBANK.EQ-NSE,2023-03-01,855.7,880.0,9.3,0.05,2023-03-29,7566.904288886291,818.0437069066261,0,False,0,No SL Hit
ICICIBANK.EQ-NSE,2023-04-03,884.5,910.0,8.45,7.0,2023-04-27,1147.540983606557,791.4075749010741,0,False,0,No SL Hit
ICICIBANK.EQ-NSE,2023-05-02,921.95,950.0,6.55,0.05,2023-05-25,4935.191713216552,759.2602635717772,0,False,0,No SL Hit
ICICIBANK.EQ-NSE,2023-06-02,936.6,960.0,8.55,0.05,2023-06-28,6352.765321375186,747.3841554559043,0,False,0,No SL Hit
ICICIBANK.EQ-NSE,2023-07-03,942.95,970.0,9.05,27.150000000000002,2023-07-18,-13436.555490747123,742.3511320854764,0,False,0,Intraday SL Hit
ICICIBANK.EQ-NSE,2023-08-02,986.05,1010.0,10.5,0.05,2023-08-31,7418.487906292784,709.9031489275392,0,False,0,No SL Hit
ICICIBANK.EQ-NSE,2023-09-01,967.6,990.0,8.9,0.05,2023-09-28,6402.439024390243,723.4394377842083,0,False,0,No SL Hit
ICICIBANK.EQ-NSE,2023-10-03,940.0,960.0,12.6,0.05,2023-10-26,9345.744680851063,744.6808510638298,0,False,0,No SL Hit
ICICIBANK.EQ-NSE,2023-11-01,914.45,935.0,9.4,1.75,2023-11-30,5855.97900377276,765.4874514735633,0,False,0,No SL Hit
ICICIBANK.EQ-NSE,2023-12-01,947.5,970.0,10.2,30.599999999999998,2023-12-04,-15071.240105540895,738.7862796833773,0,False,0,Intraday SL Hit
ICICIBANK.EQ-NSE,2024-01-01,994.0,1015.0,18.65,0.1,2024-01-25,13063.380281690139,704.2253521126761,0,False,0,No SL Hit
ICICIBANK.EQ-NSE,2024-02-01,1024.7,1050.0,14.2,2.5,2024-02-29,7992.583195081486,683.1267688103835,0,False,0,No SL Hit
ICICIBANK.EQ-NSE,2024-03-01,1085.0,1110.0,16.05,0.05,2024-03-28,10322.58064516129,645.1612903225806,0,False,0,No SL Hit
ICICIBANK.EQ-NSE,2024-04-01,1098.7,1120.0,17.5,0.05,2024-04-25,11117.684536270135,637.1165923363975,0,False,0,No SL Hit
ICICIBANK.EQ-NSE,2024-05-02,1139.0,1170.0,13.2,0.05,2024-05-30,8081.65057067603,614.5741878841088,0,False,0,No SL Hit
ICICIBANK.EQ-NSE,2024-06-03,1164.9,1190.0,20.35,25.1,2024-06-27,-2854.3222594214094,600.9099493518756,0,False,0,No SL Hit
HINDUNILVR.EQ-NSE,2019-01-01,1800.0,1880.0,18.6,0.05,2019-01-31,7213.88888888889,388.8888888888889,0,False,0,No SL Hit
HINDUNILVR.EQ-NSE,2019-02-01,1799.0,1880.0,13.0,0.05,2019-02-28,5038.910505836576,389.10505836575874,0,False,0,No SL Hit
HINDUNILVR.EQ-NSE,2019-03-01,1735.0,1800.0,15.85,0.05,2019-03-28,6374.639769452449,403.45821325648416,0,False,0,No SL Hit
HINDUNILVR.EQ-NSE,2019-04-01,1690.0,1760.0,15.2,0.05,2019-04-25,6275.147928994082,414.20118343195264,0,False,0,No SL Hit
HINDUNILVR.EQ-NSE,2019-05-02,1723.0,1800.0,23.0,0.05,2019-05-30,9323.85374347069,406.26813697040046,0,False,0,No SL Hit
HINDUNILVR.EQ-NSE,2019-06-03,1838.0,1900.0,10.6,0.05,2019-06-27,4017.9542981501627,380.8487486398259,0,False,0,No SL Hit
HINDUNILVR.EQ-NSE,2019-07-01,1778.7,1840.0,17.65,0.05,2019-07-25,6926.406926406925,393.5458480913026,0,False,0,No SL Hit
HINDUNILVR.EQ-NSE,2019-08-01,1731.3,1800.0,11.2,33.599999999999994,2019-08-08,-9056.77814359152,404.3204528389072,0,False,0,Intraday SL Hit
HINDUNILVR.EQ-NSE,2019-09-03,1843.05,1920.0,14.3,42.900000000000006,2019-09-20,-10862.42912563414,379.80521418301186,0,False,0,Intraday SL Hit
HINDUNILVR.EQ-NSE,2019-10-01,1993.2,2080.0,22.2,69.35,2019-10-24,-16558.79991972707,351.1940598033313,0,False,0,Overnight SL Hit
HINDUNILVR.EQ-NSE,2019-11-01,2178.0,2260.0,20.6,0.15,2019-11-28,6572.543617998165,321.3957759412305,0,False,0,No SL Hit
HINDUNILVR.EQ-NSE,2019-12-02,2046.9,2120.0,19.4,0.05,2019-12-26,6617.323757877765,341.9805559626752,0,False,0,No SL Hit
HINDUNILVR.EQ-NSE,2020-01-01,1938.25,2020.0,16.7,50.099999999999994,2020-01-17,-12062.427447439699,361.1505223784342,0,False,0,Intraday SL Hit
HINDUNILVR.EQ-NSE,2020-02-03,2175.0,2240.0,24.55,73.65,2020-02-19,-15802.298850574716,321.8390804597701,0,False,0,Intraday SL Hit
HINDUNILVR.EQ-NSE,2020-03-02,2173.3501,2240.0,34.0,1.0,2020-03-26,10628.752357938096,322.0834047860029,0,False,0,No SL Hit
HINDUNILVR.EQ-NSE,2020-04-01,2179.0,2280.0,83.8,300.0,2020-04-08,-69453.87792565397,321.24827902707665,0,False,0,Overnight SL Hit
HINDUNILVR.EQ-NSE,2020-05-04,2088.0,2180.0,78.6,0.05,2020-05-28,26333.812260536397,335.2490421455939,0,False,0,No SL Hit
HINDUNILVR.EQ-NSE,2020-06-01,2108.6001,2200.0,30.6,0.05,2020-06-25,10141.799765635977,331.9738057491318,0,False,0,No SL Hit
HINDUNILVR.EQ-NSE,2020-07-01,2168.1499,2280.0,32.8,98.39999999999999,2020-07-21,-21179.347424271728,322.85590585780074,0,False,0,Intraday SL Hit
HINDUNILVR.EQ-NSE,2020-08-03,2204.5,2300.0,32.3,0.05,2020-08-27,10240.417328192334,317.5323202540259,0,False,0,No SL Hit
HINDUNILVR.EQ-NSE,2020-09-01,2168.0,2260.0,25.9,0.05,2020-09-24,8346.402214022139,322.8782287822878,0,False,0,No SL Hit
HINDUNILVR.EQ-NSE,2020-10-01,2092.95,2180.0,25.4,0.05,2020-10-29,8478.463412886118,334.4561504097088,0,False,0,No SL Hit
HINDUNILVR.EQ-NSE,2020-11-02,2077.0,2160.0,23.4,70.19999999999999,2020-11-12,-15772.74915743861,337.0245546461242,0,False,0,Intraday SL Hit
HINDUNILVR.EQ-NSE,2020-12-01,2134.8999,2240.0,24.05,72.15,2020-12-08,-15771.231241333615,327.8842253915512,0,False,0,Intraday SL Hit
HINDUNILVR.EQ-NSE,2021-01-01,2392.8999,2500.0,33.3,0.05,2021-01-28,9726.691868723803,292.5320862774076,0,False,0,No SL Hit
HINDUNILVR.EQ-NSE,2021-02-01,2255.0,2360.0,27.2,0.05,2021-02-25,8427.937915742794,310.42128603104214,0,False,0,No SL Hit
HINDUNILVR.EQ-NSE,2021-03-01,2152.5,2240.0,30.0,90.0,2021-03-22,-19512.19512195122,325.2032520325203,0,False,0,Intraday SL Hit
HINDUNILVR.EQ-NSE,2021-04-01,2400.0,2500.0,24.75,0.05,2021-04-29,7204.166666666667,291.6666666666667,0,False,0,No SL Hit
HINDUNILVR.EQ-NSE,2021-05-03,2401.6001,2460.0,40.75,0.05,2021-05-27,11862.924222896225,291.4723396288999,0,False,0,No SL Hit
HINDUNILVR.EQ-NSE,2021-06-01,2358.45,2420.0,23.0,69.0,2021-06-18,-13653.034832199113,296.8051050478068,0,False,0,Intraday SL Hit
HINDUNILVR.EQ-NSE,2021-07-01,2475.0,2540.0,30.25,0.05,2021-07-29,8541.414141414141,282.82828282828285,0,False,0,No SL Hit
HINDUNILVR.EQ-NSE,2021-08-02,2335.3501,2400.0,20.7,62.099999999999994,2021-08-17,-12409.27430966346,299.7409253541899,0,False,0,Intraday SL Hit
HINDUNILVR.EQ-NSE,2021-09-01,2720.3,2800.0,33.35,0.05,2021-09-30,8568.907841046943,257.3245597911995,0,False,0,No SL Hit
HINDUNILVR.EQ-NSE,2021-10-01,2702.0,2780.0,50.35,0.1,2021-10-28,13018.134715025908,259.0673575129534,0,False,0,No SL Hit
HINDUNILVR.EQ-NSE,2021-11-01,2410.0,2480.0,39.3,0.05,2021-11-25,11400.414937759335,290.4564315352697,0,False,0,No SL Hit
HINDUNILVR.EQ-NSE,2021-12-01,2350.8501,2420.0,23.7,0.05,2021-12-30,7042.133396765706,297.7646256560552,0,False,0,No SL Hit
HINDUNILVR.EQ-NSE,2022-01-03,2363.0,2420.0,23.1,0.05,2022-01-27,6828.184511214558,296.23360135421075,0,False,0,No SL Hit
HINDUNILVR.EQ-NSE,2022-02-01,2307.0,2360.0,27.0,0.05,2022-02-24,8177.2865192891195,303.42436064152577,0,False,0,No SL Hit
HINDUNILVR.EQ-NSE,2022-03-02,2148.6001,2220.0,33.0,0.05,2022-03-31,10734.896642702382,325.7935248164607,0,False,0,No SL Hit
HINDUNILVR.EQ-NSE,2022-04-01,2081.0,2140.0,32.05,96.14999999999999,2022-04-28,-21561.74915905814,336.3767419509851,0,False,0,Intraday SL Hit
HINDUNILVR.EQ-NSE,2022-05-02,2227.5,2280.0,30.9,92.69999999999999,2022-05-23,-19420.875420875418,314.25364758698095,0,False,0,Intraday SL Hit
HINDUNILVR.EQ-NSE,2022-06-01,2306.8999,2380.0,31.0,0.05,2022-06-30,9391.391451358597,303.4375266997931,0,False,0,No SL Hit
HINDUNILVR.EQ-NSE,2022-07-01,2291.0,2360.0,31.65,94.94999999999999,2022-07-06,-19340.899170667828,305.54343081623745,0,False,0,Intraday SL Hit
HINDUNILVR.EQ-NSE,2022-08-01,2597.0,2680.0,31.45,0.05,2022-08-25,8463.611859838275,269.54177897574124,0,False,0,No SL Hit
HINDUNILVR.EQ-NSE,2022-09-01,2614.0,2700.0,31.55,0.05,2022-09-29,8435.348125478195,267.78882938026015,0,False,0,No SL Hit
HINDUNILVR.EQ-NSE,2022-10-03,2621.05,2700.0,38.05,0.05,2022-10-27,10148.604566872054,267.0685412334751,0,False,0,No SL Hit
HINDUNILVR.EQ-NSE,2022-11-01,2548.0,2620.0,26.0,0.05,2022-11-24,7129.120879120879,274.72527472527474,0,False,0,No SL Hit
HINDUNILVR.EQ-NSE,2022-12-01,2664.0,2760.0,23.5,0.05,2022-12-29,6161.786786786786,262.76276276276275,0,False,0,No SL Hit
HINDUNILVR.EQ-NSE,2023-01-02,2556.25,2640.0,23.25,0.2,2023-01-25,6311.9804400978,273.83863080684597,0,False,0,No SL Hit
HINDUNILVR.EQ-NSE,2023-02-01,2572.8501,2660.0,24.0,0.05,2023-02-23,6516.1200024828495,272.0718163875929,0,False,0,No SL Hit
HINDUNILVR.EQ-NSE,2023-03-01,2464.0,2560.0,16.4,0.05,2023-03-29,4644.886363636363,284.09090909090907,0,False,0,No SL Hit
HINDUNILVR.EQ-NSE,2023-04-03,2533.6001,2600.0,21.95,0.1,2023-04-27,6036.8643023024815,276.28669575755066,0,False,0,No SL Hit
HINDUNILVR.EQ-NSE,2023-05-02,2450.8999,2520.0,20.0,60.0,2023-05-11,-11424.375185620596,285.60937964051493,0,False,0,Intraday SL Hit
HINDUNILVR.EQ-NSE,2023-06-02,2711.05,2780.0,17.95,0.05,2023-06-28,4621.825491968057,258.2025414507294,0,False,0,No SL Hit
HINDUNILVR.EQ-NSE,2023-07-03,2700.2,2780.0,35.1,0.05,2023-07-27,9086.363973039037,259.24005629212655,0,False,0,No SL Hit
HINDUNILVR.EQ-NSE,2023-08-02,2569.2,2640.0,24.15,0.05,2023-08-31,6566.246302350926,272.45835279464427,0,False,0,No SL Hit
HINDUNILVR.EQ-NSE,2023-09-01,2504.6,2560.0,21.95,0.05,2023-09-28,6120.737842370038,279.4857462269424,0,False,0,No SL Hit
HINDUNILVR.EQ-NSE,2023-10-03,2467.0,2520.0,22.5,67.5,2023-10-12,-12768.544791244427,283.7454398054317,0,False,0,Intraday SL Hit
HINDUNILVR.EQ-NSE,2023-11-01,2474.0,2540.0,11.0,0.05,2023-11-30,3098.2215036378334,282.94260307194827,0,False,0,No SL Hit
HINDUNILVR.EQ-NSE,2023-12-01,2559.0,2620.0,25.25,12.0,2023-12-28,3624.462680734662,273.54435326299335,0,False,0,No SL Hit
HINDUNILVR.EQ-NSE,2024-01-01,2646.75,2700.0,36.05,0.05,2024-01-25,9521.110796259563,264.475299896099,0,False,0,No SL Hit
HINDUNILVR.EQ-NSE,2024-02-01,2471.6,2520.0,27.0,0.05,2024-02-29,7632.7075578572585,283.21734908561257,0,False,0,No SL Hit
HINDUNILVR.EQ-NSE,2024-03-01,2410.0,2460.0,28.0,0.05,2024-03-28,8118.257261410788,290.4564315352697,0,False,0,No SL Hit
HINDUNILVR.EQ-NSE,2024-04-01,2288.95,2340.0,21.9,0.05,2024-04-25,6682.103147731493,305.81707769938185,0,False,0,No SL Hit
HINDUNILVR.EQ-NSE,2024-05-02,2226.7,2280.0,23.0,69.0,2024-05-07,-14460.861364350834,314.36655139893116,0,False,0,Intraday SL Hit
HINDUNILVR.EQ-NSE,2024-06-03,2351.5,2400.0,26.3,78.9,2024-06-04,-15658.090580480546,297.6823304273868,0,False,0,Intraday SL Hit
KOTAKBANK.EQ-NSE,2019-01-01,1249.0,1300.0,27.0,0.05,2019-01-31,15104.083266613288,560.4483586869495,0,False,0,No SL Hit
KOTAKBANK.EQ-NSE,2019-02-01,1257.65,1300.0,15.1,0.05,2019-02-28,8376.734385560369,556.5936468810877,0,False,0,No SL Hit
KOTAKBANK.EQ-NSE,2019-03-01,1224.5,1280.0,12.05,36.150000000000006,2019-03-15,-13777.051857901188,571.6619028174765,0,False,0,Intraday SL Hit
KOTAKBANK.EQ-NSE,2019-04-01,1338.0,1380.0,28.0,0.05,2019-04-25,14622.571001494767,523.168908819133,0,False,0,No SL Hit
KOTAKBANK.EQ-NSE,2019-05-02,1404.0,1460.0,23.1,69.30000000000001,2019-05-22,-23034.18803418804,498.57549857549856,0,False,0,Intraday SL Hit
KOTAKBANK.EQ-NSE,2019-06-03,1532.45,1600.0,11.5,0.15,2019-06-27,5184.508466834154,456.7848869457405,0,False,0,No SL Hit
KOTAKBANK.EQ-NSE,2019-07-01,1483.5,1540.0,13.2,0.05,2019-07-25,6204.920795416245,471.8570947084597,0,False,0,No SL Hit
KOTAKBANK.EQ-NSE,2019-08-01,1496.25,1560.0,16.1,0.05,2019-08-29,7508.771929824562,467.8362573099415,0,False,0,No SL Hit
KOTAKBANK.EQ-NSE,2019-09-03,1411.9,1460.0,23.2,69.6,2019-09-20,-23004.462072384722,495.7858205255329,0,False,0,Intraday SL Hit
KOTAKBANK.EQ-NSE,2019-10-01,1648.0,1720.0,28.0,0.05,2019-10-31,11871.966019417476,424.75728155339806,0,False,0,No SL Hit
KOTAKBANK.EQ-NSE,2019-11-01,1581.0,1640.0,22.5,0.05,2019-11-28,9939.911448450348,442.75774826059455,0,False,0,No SL Hit
KOTAKBANK.EQ-NSE,2019-12-02,1631.0,1700.0,13.8,41.400000000000006,2019-12-16,-11845.49356223176,429.18454935622316,0,False,0,Intraday SL Hit
KOTAKBANK.EQ-NSE,2020-01-01,1673.15,1740.0,22.9,0.05,2020-01-30,9559.812330036159,418.3725308549741,0,False,0,No SL Hit
KOTAKBANK.EQ-NSE,2020-02-03,1676.3,1720.0,20.6,0.05,2020-02-27,8581.399510827418,417.58635089184514,0,False,0,No SL Hit
KOTAKBANK.EQ-NSE,2020-03-02,1600.0,1640.0,32.5,0.05,2020-03-26,14196.875000000002,437.5,0,False,0,No SL Hit
KOTAKBANK.EQ-NSE,2020-04-01,1181.7,1240.0,69.9,109.6,2020-04-30,-23516.96708132351,592.3669290005923,0,False,0,No SL Hit
KOTAKBANK.EQ-NSE,2020-05-04,1278.05,1340.0,43.95,0.1,2020-05-28,24017.057235632412,547.7094010406479,0,False,0,No SL Hit
KOTAKBANK.EQ-NSE,2020-06-01,1251.5,1320.0,32.3,96.89999999999999,2020-06-03,-36132.64083100279,559.3288054334798,0,False,0,Intraday SL Hit
KOTAKBANK.EQ-NSE,2020-07-01,1342.1,1420.0,30.05,0.05,2020-07-30,15647.120184785039,521.570672826168,0,False,0,No SL Hit
KOTAKBANK.EQ-NSE,2020-08-03,1317.0,1380.0,29.4,38.4,2020-08-27,-4783.599088838269,531.5110098709188,0,False,0,No SL Hit
KOTAKBANK.EQ-NSE,2020-09-01,1430.5,1500.0,27.5,0.05,2020-09-24,13432.366305487592,489.3393918210416,0,False,0,No SL Hit
KOTAKBANK.EQ-NSE,2020-10-01,1306.0,1380.0,18.45,80.0,2020-10-27,-32990.045941807046,535.9877488514549,0,False,0,Overnight SL Hit
KOTAKBANK.EQ-NSE,2020-11-02,1575.0,1660.0,30.55,91.65,2020-11-09,-27155.55555555556,444.44444444444446,0,False,0,Intraday SL Hit
KOTAKBANK.EQ-NSE,2020-12-01,1876.1,2000.0,26.2,0.25,2020-12-31,9682.319705772614,373.1144395288098,0,False,0,No SL Hit
KOTAKBANK.EQ-NSE,2021-01-01,1993.2,2120.0,22.25,0.05,2021-01-28,7796.508127633954,351.1940598033313,0,False,0,No SL Hit
KOTAKBANK.EQ-NSE,2021-02-01,1809.8,1920.0,27.5,82.5,2021-02-05,-21273.068847386454,386.78306995248096,0,False,0,Intraday SL Hit
KOTAKBANK.EQ-NSE,2021-03-01,1846.4,1960.0,30.95,0.05,2021-03-25,11714.688041594452,379.1161178509532,0,False,0,No SL Hit
KOTAKBANK.EQ-NSE,2021-04-01,1804.0,1900.0,27.0,0.05,2021-04-29,10457.31707317073,388.02660753880264,0,False,0,No SL Hit
KOTAKBANK.EQ-NSE,2021-05-03,1730.5,1800.0,34.8,0.05,2021-05-27,14056.63103149379,404.5073678127709,0,False,0,No SL Hit
KOTAKBANK.EQ-NSE,2021-06-01,1795.0,1860.0,30.1,0.05,2021-06-24,11718.66295264624,389.97214484679665,0,False,0,No SL Hit
KOTAKBANK.EQ-NSE,2021-07-01,1718.1,1780.0,24.8,0.05,2021-07-29,10083.813514929283,407.4268086840114,0,False,0,No SL Hit
KOTAKBANK.EQ-NSE,2021-08-02,1668.0,1720.0,18.65,57.8,2021-08-05,-16429.856115107912,419.6642685851319,0,False,0,Overnight SL Hit
KOTAKBANK.EQ-NSE,2021-09-01,1748.0,1820.0,18.1,54.300000000000004,2021-09-08,-14496.567505720826,400.4576659038902,0,False,0,Intraday SL Hit
KOTAKBANK.EQ-NSE,2021-10-01,1990.05,2060.0,44.0,132.0,2021-10-22,-30953.996130750485,351.7499560312555,0,False,0,Intraday SL Hit
KOTAKBANK.EQ-NSE,2021-11-01,2084.5,2160.0,30.25,0.05,2021-11-25,10141.520748380906,335.8119453106261,0,False,0,No SL Hit
KOTAKBANK.EQ-NSE,2021-12-01,1955.0,2020.0,38.35,0.05,2021-12-30,13713.554987212277,358.0562659846547,0,False,0,No SL Hit
KOTAKBANK.EQ-NSE,2022-01-03,1824.0,1880.0,30.5,91.5,2022-01-11,-23410.087719298248,383.7719298245614,0,False,0,Intraday SL Hit
KOTAKBANK.EQ-NSE,2022-02-01,1888.0,1960.0,24.15,0.05,2022-02-24,8935.381355932202,370.76271186440675,0,False,0,No SL Hit
KOTAKBANK.EQ-NSE,2022-03-02,1808.95,1880.0,36.7,0.05,2022-03-31,14182.260427319718,386.9648138422842,0,False,0,No SL Hit
KOTAKBANK.EQ-NSE,2022-04-01,1780.0,1840.0,32.5,0.05,2022-04-28,12761.23595505618,393.2584269662921,0,False,0,No SL Hit
KOTAKBANK.EQ-NSE,2022-05-02,1771.4,1840.0,28.9,86.69999999999999,2022-05-25,-22840.690978886752,395.16766399458055,0,False,0,Intraday SL Hit
KOTAKBANK.EQ-NSE,2022-06-01,1868.5,1940.0,33.25,0.05,2022-06-30,12437.784318972439,374.63205780037464,0,False,0,No SL Hit
KOTAKBANK.EQ-NSE,2022-07-01,1676.5,1740.0,27.95,83.85,2022-07-18,-23340.29227557411,417.5365344467641,0,False,0,Intraday SL Hit
KOTAKBANK.EQ-NSE,2022-08-01,1855.9,1920.0,25.85,0.05,2022-08-25,9731.127754728164,377.1754943693087,0,False,0,No SL Hit
KOTAKBANK.EQ-NSE,2022-09-01,1909.0,1980.0,33.0,0.05,2022-09-29,12082.24201152436,366.6841278156103,0,False,0,No SL Hit
KOTAKBANK.EQ-NSE,2022-10-03,1781.0,1840.0,31.2,33.0,2022-10-27,-707.4677147669851,393.03761931499156,0,False,0,No SL Hit
KOTAKBANK.EQ-NSE,2022-11-01,1910.5,1980.0,20.8,0.05,2022-11-24,7602.721800575766,366.39623135304896,0,False,0,No SL Hit
KOTAKBANK.EQ-NSE,2022-12-01,1933.95,2000.0,24.85,0.05,2022-12-29,8976.447167713746,361.95351482716717,0,False,0,No SL Hit
KOTAKBANK.EQ-NSE,2023-01-02,1830.0,1880.0,21.6,0.05,2023-01-25,8243.169398907105,382.5136612021858,0,False,0,No SL Hit
KOTAKBANK.EQ-NSE,2023-02-01,1742.9,1800.0,19.05,0.05,2023-02-23,7630.9598944288255,401.6294681278329,0,False,0,No SL Hit
KOTAKBANK.EQ-NSE,2023-03-01,1746.0,1800.0,14.5,0.05,2023-03-29,5793.241695303551,400.9163802978236,0,False,0,No SL Hit
KOTAKBANK.EQ-NSE,2023-04-03,1744.95,1800.0,11.1,54.95,2023-04-11,-17590.761912948794,401.15762629301696,0,False,0,Overnight SL Hit
KOTAKBANK.EQ-NSE,2023-05-02,1918.75,1980.0,15.25,0.05,2023-05-25,5545.276872964169,364.82084690553745,0,False,0,No SL Hit
KOTAKBANK.EQ-NSE,2023-06-02,1934.65,2000.0,14.65,0.05,2023-06-28,5282.609257488434,361.82255188276946,0,False,0,No SL Hit
KOTAKBANK.EQ-NSE,2023-07-03,1844.45,1900.0,18.6,55.800000000000004,2023-07-20,-14118.029764970588,379.516929165876,0,False,0,Intraday SL Hit
KOTAKBANK.EQ-NSE,2023-08-02,1823.9,1880.0,23.6,0.1,2023-08-31,9019.134820987992,383.792971105872,0,False,0,No SL Hit
KOTAKBANK.EQ-NSE,2023-09-01,1772.5,1820.0,16.0,0.05,2023-09-28,6299.01269393512,394.92242595204516,0,False,0,No SL Hit
KOTAKBANK.EQ-NSE,2023-10-03,1730.0,1770.0,19.3,0.05,2023-10-26,7789.017341040462,404.6242774566474,0,False,0,No SL Hit
KOTAKBANK.EQ-NSE,2023-11-01,1724.0,1770.0,15.7,0.1,2023-11-30,6334.106728538283,406.0324825986079,0,False,0,No SL Hit
KOTAKBANK.EQ-NSE,2023-12-01,1749.7,1790.0,20.5,61.5,2023-12-05,-16402.811910613247,400.06858318568896,0,False,0,Intraday SL Hit
KOTAKBANK.EQ-NSE,2024-01-01,1897.0,1940.0,28.15,0.05,2024-01-25,10369.0036900369,369.00369003690037,0,False,0,No SL Hit
KOTAKBANK.EQ-NSE,2024-02-01,1822.95,1870.0,21.3,0.05,2024-02-29,8159.850791299816,383.99297841410896,0,False,0,No SL Hit
KOTAKBANK.EQ-NSE,2024-03-01,1727.05,1770.0,22.1,16.65,2024-03-28,2208.9690512724023,405.3154222518167,0,False,0,No SL Hit
KOTAKBANK.EQ-NSE,2024-04-01,1789.0,1830.0,19.7,0.05,2024-04-25,7688.652878703186,391.2800447177194,0,False,0,No SL Hit
KOTAKBANK.EQ-NSE,2024-05-02,1578.0,1630.0,27.85,83.55000000000001,2024-05-21,-24708.491761723704,443.59949302915084,0,False,0,Intraday SL Hit
KOTAKBANK.EQ-NSE,2024-06-03,1720.45,1770.0,26.0,60.0,2024-06-27,-13833.590049115057,406.87029556220756,0,False,0,No SL Hit
SBIN.EQ-NSE,2019-01-01,300.7,315.0,4.35,0.05,2019-01-31,10009.976720984369,2327.901563019621,0,False,0,No SL Hit
SBIN.EQ-NSE,2019-02-01,282.6,295.0,6.1,0.05,2019-02-28,14985.845718329794,2476.9992922859165,0,False,0,No SL Hit
SBIN.EQ-NSE,2019-03-01,272.9,285.0,3.95,11.850000000000001,2019-03-13,-20263.832905826315,2565.0421399780143,0,False,0,Intraday SL Hit
SBIN.EQ-NSE,2019-04-01,321.4,335.0,5.9,0.05,2019-04-25,12741.132545115122,2177.971375233354,0,False,0,No SL Hit
SBIN.EQ-NSE,2019-05-02,307.9,320.0,8.6,25.799999999999997,2019-05-20,-39103.60506658005,2273.465410847678,0,False,0,Intraday SL Hit
SBIN.EQ-NSE,2019-06-03,355.8,370.0,5.25,0.05,2019-06-27,10230.466554243958,1967.397414277684,0,False,0,No SL Hit
SBIN.EQ-NSE,2019-07-01,361.6,375.0,5.2,0.05,2019-07-25,9969.579646017699,1935.8407079646017,0,False,0,No SL Hit
SBIN.EQ-NSE,2019-08-01,316.5,330.0,8.45,0.05,2019-08-29,18578.1990521327,2211.690363349131,0,False,0,No SL Hit
SBIN.EQ-NSE,2019-09-03,268.2,280.0,5.6,16.799999999999997,2019-09-20,-29231.916480238622,2609.992542878449,0,False,0,Intraday SL Hit
SBIN.EQ-NSE,2019-10-01,256.3,270.0,9.0,27.0,2019-10-31,-49161.13928989465,2731.174404994147,0,False,0,Intraday SL Hit
SBIN.EQ-NSE,2019-11-01,313.6,325.0,8.9,23.1,2019-11-28,-31696.42857142857,2232.142857142857,0,False,0,No SL Hit
SBIN.EQ-NSE,2019-12-02,339.3,350.0,7.05,0.05,2019-12-26,14441.49720011789,2063.07102858827,0,False,0,No SL Hit
SBIN.EQ-NSE,2020-01-01,335.1,350.0,5.7,0.05,2020-01-30,11802.447030737092,2088.928678006565,0,False,0,No SL Hit
SBIN.EQ-NSE,2020-02-03,298.5,310.0,6.55,22.15,2020-02-12,-36582.91457286432,2345.0586264656617,0,False,0,Overnight SL Hit
SBIN.EQ-NSE,2020-03-02,287.6,300.0,11.85,0.05,2020-03-26,28720.44506258692,2433.936022253129,0,False,0,No SL Hit
SBIN.EQ-NSE,2020-04-01,187.0,200.0,13.35,0.05,2020-04-30,49786.09625668449,3743.3155080213905,0,False,0,No SL Hit
SBIN.EQ-NSE,2020-05-04,179.25,190.0,8.7,0.05,2020-05-28,33779.637377963736,3905.160390516039,0,False,0,No SL Hit
SBIN.EQ-NSE,2020-06-01,170.0,180.0,6.8,20.5,2020-06-08,-56411.76470588236,4117.64705882353,0,False,0,Overnight SL Hit
SBIN.EQ-NSE,2020-07-01,184.6,197.5,5.6,0.05,2020-07-30,21045.503791982665,3791.982665222102,0,False,0,No SL Hit
SBIN.EQ-NSE,2020-08-03,192.2,205.0,5.55,11.0,2020-08-27,-19849.115504682624,3642.0395421436006,0,False,0,No SL Hit
SBIN.EQ-NSE,2020-09-01,218.5,230.0,5.55,0.05,2020-09-24,17620.13729977117,3203.6613272311215,0,False,0,No SL Hit
SBIN.EQ-NSE,2020-10-01,190.2,205.0,3.25,0.05,2020-10-29,11777.076761303892,3680.336487907466,0,False,0,No SL Hit
SBIN.EQ-NSE,2020-11-02,195.85,210.0,5.4,16.200000000000003,2020-11-06,-38600.9701302017,3574.1639009446008,0,False,0,Intraday SL Hit
SBIN.EQ-NSE,2020-12-01,247.6,265.0,6.35,9.5,2020-12-31,-8905.492730210017,2827.140549273021,0,False,0,No SL Hit
SBIN.EQ-NSE,2021-01-01,279.05,300.0,5.15,15.450000000000001,2021-01-13,-25837.66350116467,2508.51101953055,0,False,0,Intraday SL Hit
SBIN.EQ-NSE,2021-02-01,313.15,335.0,9.8,29.400000000000002,2021-02-04,-43812.86923199745,2235.350471020278,0,False,0,Intraday SL Hit
SBIN.EQ-NSE,2021-03-01,395.25,420.0,10.55,0.05,2021-03-25,18595.82542694497,1771.0309930423782,0,False,0,No SL Hit
SBIN.EQ-NSE,2021-04-01,371.0,395.0,6.3,0.05,2021-04-29,11792.45283018868,1886.7924528301887,0,False,0,No SL Hit
SBIN.EQ-NSE,2021-05-03,351.65,370.0,10.25,30.75,2021-05-21,-40807.62121427556,1990.6156689890518,0,False,0,Intraday SL Hit
SBIN.EQ-NSE,2021-06-01,432.5,455.0,7.7,0.05,2021-06-24,12381.502890173411,1618.4971098265896,0,False,0,No SL Hit
SBIN.EQ-NSE,2021-07-01,421.2,445.0,5.35,0.05,2021-07-29,8808.167141500475,1661.9183285849954,0,False,0,No SL Hit
SBIN.EQ-NSE,2021-08-02,434.35,455.0,8.6,0.05,2021-08-26,13779.21031426269,1611.6035455278002,0,False,0,No SL Hit
SBIN.EQ-NSE,2021-09-01,428.65,450.0,5.6,16.799999999999997,2021-09-16,-18289.980170302108,1633.0339437769744,0,False,0,Intraday SL Hit
SBIN.EQ-NSE,2021-10-01,452.6,475.0,10.9,32.7,2021-10-20,-33716.305788775964,1546.6195315952275,0,False,0,Intraday SL Hit
SBIN.EQ-NSE,2021-11-01,515.3,540.0,17.4,0.05,2021-11-25,23568.79487677081,1358.4319813700758,0,False,0,No SL Hit
SBIN.EQ-NSE,2021-12-01,476.0,500.0,7.75,0.05,2021-12-30,11323.529411764706,1470.5882352941176,0,False,0,No SL Hit
SBIN.EQ-NSE,2022-01-03,471.45,490.0,6.7,20.1,2022-01-07,-19896.065330363777,1484.7809948032666,0,False,0,Intraday SL Hit
SBIN.EQ-NSE,2022-02-01,532.6,555.0,14.2,0.05,2022-02-24,18597.446488922265,1314.3071723619978,0,False,0,No SL Hit
SBIN.EQ-NSE,2022-03-02,474.5,495.0,10.75,0.05,2022-03-31,15785.03688092729,1475.2370916754478,0,False,0,No SL Hit
SBIN.EQ-NSE,2022-04-01,508.45,530.0,8.55,0.05,2022-04-28,11702.232274559938,1376.7332087717573,0,False,0,No SL Hit
SBIN.EQ-NSE,2022-05-02,490.9,510.0,10.5,0.05,2022-05-26,14901.20187410878,1425.952332450601,0,False,0,No SL Hit
SBIN.EQ-NSE,2022-06-01,469.5,490.0,7.7,0.05,2022-06-30,11405.750798722045,1490.947816826411,0,False,0,No SL Hit
SBIN.EQ-NSE,2022-07-01,468.4,485.0,7.75,23.25,2022-07-20,-23163.962425277543,1494.4491887275833,0,False,0,Intraday SL Hit
SBIN.EQ-NSE,2022-08-01,533.35,555.0,9.95,0.05,2022-08-25,12993.34395800131,1312.4589856566981,0,False,0,No SL Hit
SBIN.EQ-NSE,2022-09-01,534.25,555.0,8.3,24.900000000000002,2022-09-14,-21750.116986429577,1310.2480112306973,0,False,0,Intraday SL Hit
SBIN.EQ-NSE,2022-10-03,519.0,535.0,10.6,44.8,2022-10-25,-46127.1676300578,1348.747591522158,0,False,0,Overnight SL Hit
SBIN.EQ-NSE,2022-11-01,576.0,595.0,12.9,17.0,2022-11-24,-4982.638888888889,1215.2777777777778,0,False,0,No SL Hit
SBIN.EQ-NSE,2022-12-01,608.0,630.0,6.0,0.05,2022-12-29,6850.328947368421,1151.3157894736842,0,False,0,No SL Hit
SBIN.EQ-NSE,2023-01-02,612.6,635.0,6.45,0.05,2023-01-25,7313.091740124062,1142.6705843943846,0,False,0,No SL Hit
SBIN.EQ-NSE,2023-02-01,527.0,545.0,19.0,0.05,2023-02-23,25170.7779886148,1328.2732447817837,0,False,0,No SL Hit
SBIN.EQ-NSE,2023-03-01,536.25,555.0,5.8,17.4,2023-03-03,-15142.191142191139,1305.3613053613053,0,False,0,Intraday SL Hit
SBIN.EQ-NSE,2023-04-03,525.8,545.0,5.05,15.149999999999999,2023-04-25,-13446.177253708633,1331.3046785850133,0,False,0,Intraday SL Hit
SBIN.EQ-NSE,2023-05-02,574.5,595.0,5.7,0.05,2023-05-25,6884.247171453439,1218.4508268059183,0,False,0,No SL Hit
SBIN.EQ-NSE,2023-06-02,586.6,605.0,5.5,0.05,2023-06-28,6503.579952267303,1193.3174224343675,0,False,0,No SL Hit
SBIN.EQ-NSE,2023-07-03,585.45,605.0,6.6,12.0,2023-07-27,-6456.571867794005,1195.6614569988897,0,False,0,No SL Hit
SBIN.EQ-NSE,2023-08-02,598.9,620.0,11.05,0.05,2023-08-31,12856.90432459509,1168.8094840540991,0,False,0,No SL Hit
SBIN.EQ-NSE,2023-09-01,569.5,585.0,6.6,19.799999999999997,2023-09-14,-16224.75856014047,1229.1483757682176,0,False,0,Intraday SL Hit
SBIN.EQ-NSE,2023-10-03,603.1,620.0,7.0,0.05,2023-10-26,8066.6556126678815,1160.669872326314,0,False,0,No SL Hit
SBIN.EQ-NSE,2023-11-01,567.3,585.0,7.2,0.05,2023-11-30,8822.492508372996,1233.9150361360832,0,False,0,No SL Hit
SBIN.EQ-NSE,2023-12-01,571.4,590.0,6.15,18.450000000000003,2023-12-05,-15068.253412670636,1225.0612530626531,0,False,0,Intraday SL Hit
SBIN.EQ-NSE,2024-01-01,638.3,655.0,13.6,0.05,2024-01-25,14859.783800720665,1096.6630111232964,0,False,0,No SL Hit
SBIN.EQ-NSE,2024-02-01,648.5,670.0,15.05,45.150000000000006,2024-02-08,-32490.36237471088,1079.414032382421,0,False,0,Intraday SL Hit
SBIN.EQ-NSE,2024-03-01,769.95,795.0,17.0,0.05,2024-03-28,15410.091564387296,909.1499448016104,0,False,0,No SL Hit
SBIN.EQ-NSE,2024-04-01,757.65,780.0,10.15,30.450000000000003,2024-04-25,-18755.3619745265,923.9094568732264,0,False,0,Intraday SL Hit
SBIN.EQ-NSE,2024-05-02,830.4,855.0,12.65,0.05,2024-05-30,10621.387283236994,842.9672447013488,0,False,0,No SL Hit
SBIN.EQ-NSE,2024-06-03,909.0,935.0,27.3,0.05,2024-06-27,20984.598459845984,770.0770077007701,0,False,0,No SL Hit
BHARTIARTL.EQ-NSE,2019-01-01,321.85,333.5,1.126571536357913,0.0450628614543164,2019-01-31,2352.2015610766425,2174.9262078608044,0,False,0,No SL Hit
BHARTIARTL.EQ-NSE,2019-02-01,311.35,324.45,1.3969487050838123,0.0450628614543164,2019-02-28,3039.409316012998,2248.273647021037,0,False,0,No SL Hit
BHARTIARTL.EQ-NSE,2019-03-01,308.0,324.45,0.8561943676320138,2.5685831028960413,2019-03-11,-3891.7925801455167,2272.7272727272725,0,False,0,Intraday SL Hit
BHARTIARTL.EQ-NSE,2019-04-01,341.3,351.5,1.2617601207208624,3.7852803621625872,2019-04-02,-5175.693433956071,2050.9815411661293,0,False,0,Intraday SL Hit
BHARTIARTL.EQ-NSE,2019-05-02,325.6,342.45,6.134816517897395,0.0490785321431791,2019-05-30,13083.58903571238,2149.87714987715,0,False,0,No SL Hit
BHARTIARTL.EQ-NSE,2019-06-03,352.2,363.2,5.25140293932017,0.0490785321431791,2019-06-27,10339.656686609578,1987.5070982396367,0,False,0,No SL Hit
BHARTIARTL.EQ-NSE,2019-07-01,348.45,363.2,3.631811378595258,0.0490785321431791,2019-07-25,7197.339625531512,2008.896541828096,0,False,0,No SL Hit
BHARTIARTL.EQ-NSE,2019-08-01,325.5,343.55,4.4170678928861244,13.251203678658374,2019-08-05,-18998.141474779033,2150.537634408602,0,False,0,Intraday SL Hit
BHARTIARTL.EQ-NSE,2019-09-03,336.0,353.35,4.6133820214588415,0.0981570642863583,2019-09-26,9406.718660776009,2083.3333333333335,0,False,0,No SL Hit
BHARTIARTL.EQ-NSE,2019-10-01,352.0,368.1,5.987580921467857,17.962742764403572,2019-10-10,-23814.24230129262,1988.6363636363637,0,False,0,Intraday SL Hit
BHARTIARTL.EQ-NSE,2019-11-01,374.8,387.7,9.521235235776755,28.563705707330264,2019-11-18,-35564.91283374454,1867.6627534685165,0,False,0,Intraday SL Hit
BHARTIARTL.EQ-NSE,2019-12-02,460.0,476.05,11.091748264358491,0.0490785321431791,2019-12-26,16804.062635979823,1521.7391304347825,0,False,0,No SL Hit
BHARTIARTL.EQ-NSE,2020-01-01,453.7,471.15,5.398638535749708,16.195915607249123,2020-01-17,-16658.792043309655,1542.8697377121446,0,False,0,Intraday SL Hit
BHARTIARTL.EQ-NSE,2020-02-03,513.0,539.85,7.5580939500495905,22.674281850148773,2020-02-14,-20626.377251597325,1364.522417153996,0,False,0,Intraday SL Hit
BHARTIARTL.EQ-NSE,2020-03-02,520.1,549.7,6.870994500045082,0.1963141285727166,2020-03-26,8983.419073314084,1345.8950201884252,0,False,0,No SL Hit
BHARTIARTL.EQ-NSE,2020-04-01,422.0,451.5,17.177486250112707,61.691714903976205,2020-04-13,-73838.76790925224,1658.7677725118483,0,False,0,Overnight SL Hit
BHARTIARTL.EQ-NSE,2020-05-04,530.35,559.5,19.582334325128485,0.0490785321431791,2020-05-28,25781.61413234602,1319.883096068634,0,False,0,No SL Hit
BHARTIARTL.EQ-NSE,2020-06-01,559.45,588.95,10.208334685781264,0.0490785321431791,2020-06-25,12711.554754753166,1251.2288855125569,0,False,0,No SL Hit
BHARTIARTL.EQ-NSE,2020-07-01,560.2,598.75,9.32492110720404,0.0490785321431791,2020-07-30,11590.663696077474,1249.5537308104247,0,False,0,No SL Hit
BHARTIARTL.EQ-NSE,2020-08-03,548.1,579.15,8.883214317915428,0.0490785321431791,2020-08-27,11282.421182340036,1277.1392081736908,0,False,0,No SL Hit
BHARTIARTL.EQ-NSE,2020-09-01,549.8,579.15,10.061099089351728,0.0490785321431791,2020-09-24,12747.206966253156,1273.1902510003638,0,False,0,No SL Hit
BHARTIARTL.EQ-NSE,2020-10-01,430.55,461.35,7.263622757190516,0.0490785321431791,2020-10-29,11729.603896256267,1625.827430031355,0,False,0,No SL Hit
BHARTIARTL.EQ-NSE,2020-11-02,455.4,480.95,8.490586060769996,0.0490785321431791,2020-11-26,12975.527602193175,1537.1102327624067,0,False,0,No SL Hit
BHARTIARTL.EQ-NSE,2020-12-01,479.05,510.4,8.04887927148138,0.0490785321431791,2020-12-31,11689.511569850207,1461.2253418223568,0,False,0,No SL Hit
BHARTIARTL.EQ-NSE,2021-01-01,514.9,539.85,9.472156703633578,28.416470110900732,2021-01-12,-25754.553088147226,1359.4872790833172,0,False,0,Intraday SL Hit
BHARTIARTL.EQ-NSE,2021-02-01,580.3,608.55,12.7113398250834,0.0490785321431791,2021-02-25,15274.139074716792,1206.2726176115802,0,False,0,No SL Hit
BHARTIARTL.EQ-NSE,2021-03-01,532.85,559.5,12.073318907222074,0.0490785321431791,2021-03-25,15796.13073577034,1313.6905320446654,0,False,0,No SL Hit
BHARTIARTL.EQ-NSE,2021-04-01,520.5,549.7,5.006010278604274,0.0490785321431791,2021-04-29,6666.382752205122,1344.8607108549472,0,False,0,No SL Hit
BHARTIARTL.EQ-NSE,2021-05-03,561.05,588.95,8.539664592913173,0.0490785321431791,2021-05-27,10593.370007198995,1247.6606363069245,0,False,0,No SL Hit
BHARTIARTL.EQ-NSE,2021-06-01,532.7,549.7,7.312701289333695,0.0490785321431791,2021-06-24,9544.839365559154,1314.0604467805517,0,False,0,No SL Hit
BHARTIARTL.EQ-NSE,2021-07-01,523.0,544.75,4.2698322964565865,12.80949688936976,2021-07-28,-11429.76140542872,1338.432122370937,0,False,0,Intraday SL Hit
BHARTIARTL.EQ-NSE,2021-08-02,565.2,588.95,6.380209178613291,19.140627535839872,2021-08-05,-15803.773620061229,1238.4996461429582,0,False,0,Intraday SL Hit
BHARTIARTL.EQ-NSE,2021-09-01,663.95,696.9,7.5580939500495905,22.674281850148773,2021-09-15,-15936.940326936408,1054.2962572482868,0,False,0,Intraday SL Hit
BHARTIARTL.EQ-NSE,2021-10-01,675.5,701.8,19.4,0.05,2021-10-28,20051.813471502588,1036.2694300518135,0,False,0,No SL Hit
BHARTIARTL.EQ-NSE,2021-11-01,714.2,740.0,18.2,25.6,2021-11-25,-7252.870344441334,980.1176141136935,0,False,0,No SL Hit
BHARTIARTL.EQ-NSE,2021-12-01,722.5,750.0,14.1,0.05,2021-12-30,13612.456747404844,968.8581314878893,0,False,0,No SL Hit
BHARTIARTL.EQ-NSE,2022-01-03,691.75,720.0,7.0,21.0,2022-01-13,-14166.967835200578,1011.9262739428984,0,False,0,Intraday SL Hit
BHARTIARTL.EQ-NSE,2022-02-01,725.05,750.0,9.5,0.05,2022-02-24,9123.508723536308,965.4506585752707,0,False,0,No SL Hit
BHARTIARTL.EQ-NSE,2022-03-02,675.6,700.0,12.3,36.900000000000006,2022-03-28,-25488.45470692718,1036.1160449970396,0,False,0,Intraday SL Hit
BHARTIARTL.EQ-NSE,2022-04-01,758.0,790.0,8.8,0.05,2022-04-28,8080.47493403694,923.4828496042217,0,False,0,No SL Hit
BHARTIARTL.EQ-NSE,2022-05-02,741.15,770.0,8.9,0.05,2022-05-26,8358.631855899615,944.4781758078661,0,False,0,No SL Hit
BHARTIARTL.EQ-NSE,2022-06-01,695.2,720.0,10.0,0.05,2022-06-30,10018.699654775603,1006.9044879171461,0,False,0,No SL Hit
BHARTIARTL.EQ-NSE,2022-07-01,673.0,700.0,9.05,0.05,2022-07-28,9361.06983655275,1040.1188707280833,0,False,0,No SL Hit
BHARTIARTL.EQ-NSE,2022-08-01,697.0,720.0,11.0,16.45,2022-08-25,-5473.457675753227,1004.3041606886657,0,False,0,No SL Hit
BHARTIARTL.EQ-NSE,2022-09-01,734.4,760.0,9.5,28.5,2022-09-13,-18110.021786492376,953.1590413943355,0,False,0,Intraday SL Hit
BHARTIARTL.EQ-NSE,2022-10-03,802.9,830.0,10.55,0.05,2022-10-27,9154.315605928508,871.8395815170009,0,False,0,No SL Hit
BHARTIARTL.EQ-NSE,2022-11-01,835.35,860.0,7.55,0.05,2022-11-24,6284.790806248878,837.9721074998504,0,False,0,No SL Hit
BHARTIARTL.EQ-NSE,2022-12-01,848.0,880.0,6.8,0.05,2022-12-29,5571.933962264151,825.4716981132076,0,False,0,No SL Hit
BHARTIARTL.EQ-NSE,2023-01-02,813.95,840.0,6.05,0.05,2023-01-25,5160.02211438049,860.0036857300817,0,False,0,No SL Hit
BHARTIARTL.EQ-NSE,2023-02-01,768.15,790.0,10.2,0.05,2023-02-23,9249.495541235436,911.2803488901908,0,False,0,No SL Hit
BHARTIARTL.EQ-NSE,2023-03-01,750.0,770.0,8.3,0.05,2023-03-29,7700.0,933.3333333333334,0,False,0,No SL Hit
BHARTIARTL.EQ-NSE,2023-04-03,761.15,780.0,5.95,5.0,2023-04-27,873.6779872561258,919.6610392169744,0,False,0,No SL Hit
BHARTIARTL.EQ-NSE,2023-05-02,790.2,810.0,7.9,14.0,2023-05-25,-5403.695267021007,885.8516831181979,0,False,0,No SL Hit
BHARTIARTL.EQ-NSE,2023-06-02,838.5,860.0,5.05,9.0,2023-06-28,-3297.5551580202746,834.8240906380441,0,False,0,No SL Hit
BHARTIARTL.EQ-NSE,2023-07-03,876.9,900.0,8.55,0.05,2023-07-27,6785.266278937165,798.2666210514312,0,False,0,No SL Hit
BHARTIARTL.EQ-NSE,2023-08-02,875.6,900.0,12.65,0.05,2023-08-31,10073.092736409319,799.4518044769301,0,False,0,No SL Hit
BHARTIARTL.EQ-NSE,2023-09-01,864.35,890.0,7.25,21.75,2023-09-13,-11742.928211951177,809.8571180655985,0,False,0,Intraday SL Hit
BHARTIARTL.EQ-NSE,2023-10-03,927.0,950.0,7.4,0.05,2023-10-26,5550.161812297735,755.1240560949299,0,False,0,No SL Hit
BHARTIARTL.EQ-NSE,2023-11-01,913.0,940.0,4.9,14.700000000000001,2023-11-15,-7513.69112814896,766.7031763417306,0,False,0,Intraday SL Hit
BHARTIARTL.EQ-NSE,2023-12-01,1012.0,1040.0,10.0,0.05,2023-12-28,6882.411067193675,691.699604743083,0,False,0,No SL Hit
BHARTIARTL.EQ-NSE,2024-01-01,1012.0,1030.0,16.15,48.449999999999996,2024-01-12,-22341.89723320158,691.699604743083,0,False,0,Intraday SL Hit
BHARTIARTL.EQ-NSE,2024-02-01,1151.2,1180.0,19.5,0.05,2024-02-29,11826.789437109102,608.0611535788742,0,False,0,No SL Hit
BHARTIARTL.EQ-NSE,2024-03-01,1128.4,1160.0,18.5,57.2,2024-03-07,-24007.44416873449,620.3473945409429,0,False,0,Overnight SL Hit
BHARTIARTL.EQ-NSE,2024-04-01,1220.0,1250.0,15.5,46.5,2024-04-22,-17786.885245901638,573.7704918032787,0,False,0,Intraday SL Hit
BHARTIARTL.EQ-NSE,2024-05-02,1304.0,1340.0,19.9,59.699999999999996,2024-05-27,-21365.030674846625,536.8098159509202,0,False,0,Intraday SL Hit
BHARTIARTL.EQ-NSE,2024-06-03,1400.0,1430.0,22.0,50.0,2024-06-27,-14000.0,500.0,0,False,0,No SL Hit
ITC.EQ-NSE,2019-01-01,283.0,295.0,2.6,0.05,2019-01-31,6307.420494699648,2473.4982332155478,0,False,0,No SL Hit
ITC.EQ-NSE,2019-02-01,281.5,295.0,2.7,0.05,2019-02-28,6589.698046181173,2486.678507992895,0,False,0,No SL Hit
ITC.EQ-NSE,2019-03-01,278.3,290.0,2.05,6.1499999999999995,2019-03-07,-10312.612288896873,2515.271289974847,0,False,0,Intraday SL Hit
ITC.EQ-NSE,2019-04-01,297.2,307.5,3.95,0.05,2019-04-25,9185.733512786004,2355.3162853297445,0,False,0,No SL Hit
ITC.EQ-NSE,2019-05-02,304.2,315.0,3.85,0.05,2019-05-30,8744.247205785668,2301.1176857330706,0,False,0,No SL Hit
ITC.EQ-NSE,2019-06-03,278.7,290.0,2.45,0.05,2019-06-27,6027.987082884824,2511.661284535343,0,False,0,No SL Hit
ITC.EQ-NSE,2019-07-01,275.0,285.0,3.1,0.05,2019-07-25,7763.636363636365,2545.4545454545455,0,False,0,No SL Hit
ITC.EQ-NSE,2019-08-01,267.4,277.5,3.2,0.05,2019-08-29,8246.07329842932,2617.801047120419,0,False,0,No SL Hit
ITC.EQ-NSE,2019-09-03,241.2,250.0,2.7,8.100000000000001,2019-09-23,-15671.64179104478,2902.155887230514,0,False,0,Intraday SL Hit
ITC.EQ-NSE,2019-10-01,256.05,267.5,3.6,0.05,2019-10-31,9705.135715680532,2733.841046670572,0,False,0,No SL Hit
ITC.EQ-NSE,2019-11-01,261.4,272.5,3.05,0.05,2019-11-28,8033.664881407805,2677.8882938026018,0,False,0,No SL Hit
ITC.EQ-NSE,2019-12-02,245.0,255.0,2.45,0.05,2019-12-26,6857.142857142859,2857.1428571428573,0,False,0,No SL Hit
ITC.EQ-NSE,2020-01-01,238.25,247.5,2.55,0.05,2020-01-30,7345.225603357817,2938.0902413431268,0,False,0,No SL Hit
ITC.EQ-NSE,2020-02-03,208.75,215.0,3.85,0.05,2020-02-27,12742.514970059881,3353.293413173653,0,False,0,No SL Hit
ITC.EQ-NSE,2020-03-02,195.6,200.0,4.9,0.05,2020-03-26,17356.850715746423,3578.7321063394684,0,False,0,No SL Hit
ITC.EQ-NSE,2020-04-01,166.7,175.0,7.2,7.7,2020-04-30,-2099.5800839832036,4199.160167966407,0,False,0,No SL Hit
ITC.EQ-NSE,2020-05-04,173.45,180.0,6.4,12.0,2020-05-28,-22600.172960507352,4035.74517151917,0,False,0,No SL Hit
ITC.EQ-NSE,2020-06-01,200.5,210.0,3.55,0.05,2020-06-25,12219.451371571073,3491.271820448878,0,False,0,No SL Hit
ITC.EQ-NSE,2020-07-01,203.7,215.0,4.45,0.05,2020-07-30,15120.27491408935,3436.4261168384883,0,False,0,No SL Hit
ITC.EQ-NSE,2020-08-03,192.95,202.5,2.95,8.850000000000001,2020-08-11,-21404.50894013994,3627.882871210158,0,False,0,Intraday SL Hit
ITC.EQ-NSE,2020-09-01,191.15,200.0,4.0,0.05,2020-09-24,14465.079780277269,3662.045513994245,0,False,0,No SL Hit
ITC.EQ-NSE,2020-10-01,170.8,180.0,2.65,0.05,2020-10-29,10655.737704918032,4098.360655737704,0,False,0,No SL Hit
ITC.EQ-NSE,2020-11-02,166.7,175.0,2.9,8.7,2020-11-11,-24355.128974205156,4199.160167966407,0,False,0,Intraday SL Hit
ITC.EQ-NSE,2020-12-01,194.5,205.0,3.25,9.75,2020-12-10,-23393.31619537275,3598.9717223650387,0,False,0,Intraday SL Hit
ITC.EQ-NSE,2021-01-01,213.9,225.0,3.75,0.05,2021-01-28,12108.461898083217,3272.5572697522207,0,False,0,No SL Hit
ITC.EQ-NSE,2021-02-01,216.6,227.5,5.25,15.75,2021-02-05,-33933.518005540165,3231.763619575254,0,False,0,Intraday SL Hit
ITC.EQ-NSE,2021-03-01,207.0,217.5,3.9,0.05,2021-03-25,13019.323671497585,3381.6425120772947,0,False,0,No SL Hit
ITC.EQ-NSE,2021-04-01,220.0,230.0,3.15,0.05,2021-04-29,9863.636363636364,3181.818181818182,0,False,0,No SL Hit
ITC.EQ-NSE,2021-05-03,201.1,207.5,3.75,11.25,2021-05-17,-26106.41471904525,3480.8552958727,0,False,0,Intraday SL Hit
ITC.EQ-NSE,2021-06-01,215.9,222.5,4.15,0.05,2021-06-24,13293.191292264939,3242.2417786012043,0,False,0,No SL Hit
ITC.EQ-NSE,2021-07-01,203.1,210.0,2.3,0.05,2021-07-29,7754.80059084195,3446.5780403742,0,False,0,No SL Hit
ITC.EQ-NSE,2021-08-02,207.4,215.0,2.1,0.05,2021-08-26,6918.997107039538,3375.120540019286,0,False,0,No SL Hit
ITC.EQ-NSE,2021-09-01,209.65,217.5,1.85,5.550000000000001,2021-09-16,-12353.923205342238,3338.89816360601,0,False,0,Intraday SL Hit
ITC.EQ-NSE,2021-10-01,235.2,242.5,6.1,18.299999999999997,2021-10-14,-36309.5238095238,2976.190476190476,0,False,0,Intraday SL Hit
ITC.EQ-NSE,2021-11-01,227.0,235.0,4.5,0.05,2021-11-25,13722.466960352423,3083.7004405286343,0,False,0,No SL Hit
ITC.EQ-NSE,2021-12-01,222.4,231.0,3.35,10.05,2021-12-10,-21088.12949640288,3147.482014388489,0,False,0,Intraday SL Hit
ITC.EQ-NSE,2022-01-03,219.15,226.0,3.05,10.75,2022-01-11,-24595.02623773671,3194.159251654118,0,False,0,Overnight SL Hit
ITC.EQ-NSE,2022-02-01,228.05,235.0,2.7,0.05,2022-02-24,8134.181100635827,3069.5023021267266,0,False,0,No SL Hit
ITC.EQ-NSE,2022-03-02,215.2,222.5,2.65,7.949999999999999,2022-03-04,-17239.77695167286,3252.7881040892194,0,False,0,Intraday SL Hit
ITC.EQ-NSE,2022-04-01,255.05,262.5,5.0,0.05,2022-04-28,13585.571456577141,2744.5598902176043,0,False,0,No SL Hit
ITC.EQ-NSE,2022-05-02,263.8,272.5,3.2,0.05,2022-05-26,8358.60500379075,2653.5253980288094,0,False,0,No SL Hit
ITC.EQ-NSE,2022-06-01,271.45,282.5,3.7,0.05,2022-06-30,9412.414809357158,2578.7437833855224,0,False,0,No SL Hit
ITC.EQ-NSE,2022-07-01,284.75,295.0,4.25,8.0,2022-07-28,-9218.612818261632,2458.2967515364353,0,False,0,No SL Hit
ITC.EQ-NSE,2022-08-01,307.8,317.5,5.4,0.05,2022-08-25,12166.991552956466,2274.2040285899934,0,False,0,No SL Hit
ITC.EQ-NSE,2022-09-01,317.9,330.0,2.8,8.399999999999999,2022-09-13,-12330.921673482226,2201.9502988361123,0,False,0,Intraday SL Hit
ITC.EQ-NSE,2022-10-03,324.9,335.0,4.6,13.799999999999999,2022-10-19,-19821.48353339489,2154.509079716836,0,False,0,Intraday SL Hit
ITC.EQ-NSE,2022-11-01,349.5,360.0,4.05,0.05,2022-11-24,8011.444921316166,2002.8612303290415,0,False,0,No SL Hit
ITC.EQ-NSE,2022-12-01,339.65,350.0,4.5,0.05,2022-12-29,9171.205652877963,2060.945090534374,0,False,0,No SL Hit
ITC.EQ-NSE,2023-01-02,332.95,342.5,2.95,0.05,2023-01-25,6097.011563297794,2102.417780447515,0,False,0,No SL Hit
ITC.EQ-NSE,2023-02-01,359.05,367.5,5.0,15.0,2023-02-02,-19495.89193705612,1949.589193705612,0,False,0,Intraday SL Hit
ITC.EQ-NSE,2023-03-01,378.65,390.0,3.5,0.05,2023-03-29,6377.9215634490965,1848.672916941767,0,False,0,No SL Hit
ITC.EQ-NSE,2023-04-03,379.35,390.0,3.65,10.95,2023-04-11,-13470.409911691047,1845.2616317385,0,False,0,Intraday SL Hit
ITC.EQ-NSE,2023-05-02,424.8,435.0,3.85,6.2,2023-05-25,-3872.4105461393597,1647.834274952919,0,False,0,No SL Hit
ITC.EQ-NSE,2023-06-02,442.95,455.0,4.35,0.05,2023-06-28,6795.3493622305,1580.3138051698838,0,False,0,No SL Hit
ITC.EQ-NSE,2023-07-03,465.9,477.5,6.7,20.1,2023-07-21,-20133.07576733205,1502.4683408456751,0,False,0,Intraday SL Hit
ITC.EQ-NSE,2023-08-02,460.2,473.0,6.8,0.05,2023-08-31,10267.275097783573,1521.077792264233,0,False,0,No SL Hit
ITC.EQ-NSE,2023-09-01,439.95,450.0,4.95,0.05,2023-09-28,7796.340493237869,1591.0898965791569,0,False,0,No SL Hit
ITC.EQ-NSE,2023-10-03,439.65,450.0,4.45,0.05,2023-10-26,7005.572614579781,1592.1755942226773,0,False,0,No SL Hit
ITC.EQ-NSE,2023-11-01,430.65,442.5,3.35,0.05,2023-11-30,5363.984674329502,1625.4499013119703,0,False,0,No SL Hit
ITC.EQ-NSE,2023-12-01,449.15,460.0,4.8,4.7,2023-12-28,155.8499387732378,1558.4993877323834,0,False,0,No SL Hit
ITC.EQ-NSE,2024-01-01,465.8,477.5,7.45,0.05,2024-01-25,11120.652640618291,1502.79089738085,0,False,0,No SL Hit
ITC.EQ-NSE,2024-02-01,442.35,455.0,4.95,0.05,2024-02-29,7754.040917825252,1582.4573301684186,0,False,0,No SL Hit
ITC.EQ-NSE,2024-03-01,410.1,420.0,6.55,19.65,2024-03-13,-22360.39990246281,1706.900755913192,0,False,0,Intraday SL Hit
ITC.EQ-NSE,2024-04-01,427.6,437.5,4.2,0.05,2024-04-25,6793.732460243218,1637.0439663236668,0,False,0,No SL Hit
ITC.EQ-NSE,2024-05-02,439.45,450.0,5.4,0.05,2024-05-30,8522.016156559337,1592.900216179315,0,False,0,No SL Hit
ITC.EQ-NSE,2024-06-03,431.4,442.5,4.9,0.05,2024-06-27,7869.726471951787,1622.6240148354198,0,False,0,No SL Hit
ASIANPAINT.EQ-NSE,2019-01-01,1368.0,1420.0,19.9,0.05,2019-01-31,10157.163742690058,511.69590643274853,0,False,0,No SL Hit
ASIANPAINT.EQ-NSE,2019-02-01,1455.0,1520.0,12.9,0.05,2019-02-28,6182.1305841924395,481.0996563573883,0,False,0,No SL Hit
ASIANPAINT.EQ-NSE,2019-03-01,1394.0,1460.0,12.05,36.150000000000006,2019-03-26,-12101.865136298424,502.15208034433283,0,False,0,Intraday SL Hit
ASIANPAINT.EQ-NSE,2019-04-01,1493.0,1540.0,21.55,0.05,2019-04-25,10080.375083724046,468.85465505693236,0,False,0,No SL Hit
ASIANPAINT.EQ-NSE,2019-05-02,1441.9,1500.0,24.8,0.05,2019-05-30,12015.396352035508,485.47055967820233,0,False,0,No SL Hit
ASIANPAINT.EQ-NSE,2019-06-03,1460.0,1520.0,11.75,0.05,2019-06-27,5609.58904109589,479.45205479452056,0,False,0,No SL Hit
ASIANPAINT.EQ-NSE,2019-07-01,1351.4,1400.0,14.5,43.5,2019-07-23,-15021.459227467813,517.9813526713039,0,False,0,Intraday SL Hit
ASIANPAINT.EQ-NSE,2019-08-01,1510.15,1580.0,11.8,35.400000000000006,2019-08-13,-10939.310664503528,463.53011290269177,0,False,0,Intraday SL Hit
ASIANPAINT.EQ-NSE,2019-09-03,1578.5,1640.0,15.05,45.150000000000006,2019-09-20,-13348.115299334813,443.4589800443459,0,False,0,Intraday SL Hit
ASIANPAINT.EQ-NSE,2019-10-01,1760.6,1840.0,21.85,0.05,2019-10-31,8667.499716005908,397.59173009201413,0,False,0,No SL Hit
ASIANPAINT.EQ-NSE,2019-11-01,1770.0,1840.0,20.0,0.05,2019-11-28,7889.830508474576,395.48022598870057,0,False,0,No SL Hit
ASIANPAINT.EQ-NSE,2019-12-02,1741.0,1800.0,17.5,16.0,2019-12-26,603.1016657093625,402.06777713957496,0,False,0,No SL Hit
ASIANPAINT.EQ-NSE,2020-01-01,1784.9,1860.0,17.7,0.05,2020-01-30,6921.956412123927,392.1788335480979,0,False,0,No SL Hit
ASIANPAINT.EQ-NSE,2020-02-03,1866.65,1920.0,23.0,0.05,2020-02-27,8606.326842203947,375.00334824418076,0,False,0,No SL Hit
ASIANPAINT.EQ-NSE,2020-03-02,1789.4,1840.0,33.0,99.4,2020-03-09,-25975.187213591147,391.19257851793895,0,False,0,Overnight SL Hit
ASIANPAINT.EQ-NSE,2020-04-01,1604.8,1680.0,66.0,0.05,2020-05-28,28766.82452642074,436.1914257228315,0,False,0,No SL Hit
ASIANPAINT.EQ-NSE,2020-06-01,1693.25,1760.0,28.0,0.1,2020-06-25,11534.032186623357,413.4061715635612,0,False,0,No SL Hit
ASIANPAINT.EQ-NSE,2020-07-01,1687.4,1760.0,32.0,0.4,2020-07-30,13108.924973331752,414.8393978902453,0,False,0,No SL Hit
ASIANPAINT.EQ-NSE,2020-08-03,1705.0,1780.0,28.2,84.6,2020-08-11,-23155.425219941346,410.55718475073314,0,False,0,Intraday SL Hit
ASIANPAINT.EQ-NSE,2020-09-01,1982.85,2060.0,31.95,0.05,2020-09-24,11261.567945129485,353.02720831126913,0,False,0,No SL Hit
ASIANPAINT.EQ-NSE,2020-10-01,2044.05,2140.0,24.4,73.19999999999999,2020-10-28,-16711.919962818913,342.45737628727284,0,False,0,Intraday SL Hit
ASIANPAINT.EQ-NSE,2020-11-02,2180.0,2280.0,30.8,0.05,2020-11-26,9873.853211009175,321.10091743119267,0,False,0,No SL Hit
ASIANPAINT.EQ-NSE,2020-12-01,2226.0,2340.0,26.9,80.69999999999999,2020-12-03,-16918.23899371069,314.4654088050315,0,False,0,Intraday SL Hit
ASIANPAINT.EQ-NSE,2021-01-01,2771.8,2900.0,42.95,0.05,2021-01-28,10834.115015513386,252.54347355509054,0,False,0,No SL Hit
ASIANPAINT.EQ-NSE,2021-02-01,2466.8,2580.0,42.0,0.05,2021-02-25,11904.086265607266,283.7684449489217,0,False,0,No SL Hit
ASIANPAINT.EQ-NSE,2021-03-01,2366.95,2480.0,45.95,0.05,2021-03-25,13574.431230064009,295.7392424850546,0,False,0,No SL Hit
ASIANPAINT.EQ-NSE,2021-04-01,2545.0,2660.0,36.25,0.05,2021-04-29,9956.777996070727,275.04911591355597,0,False,0,No SL Hit
ASIANPAINT.EQ-NSE,2021-05-03,2590.5,2680.0,49.65,148.95,2021-05-14,-26832.657788071796,270.2181046130091,0,False,0,Intraday SL Hit
ASIANPAINT.EQ-NSE,2021-06-01,2924.95,3020.0,40.6,39.9,2021-06-24,167.52423118343972,239.3203302620558,0,False,0,No SL Hit
ASIANPAINT.EQ-NSE,2021-07-01,3023.1499,3140.0,33.3,0.05,2021-07-29,7698.9235631352585,231.5465733273762,0,False,0,No SL Hit
ASIANPAINT.EQ-NSE,2021-08-02,2978.0,3080.0,35.25,0.05,2021-08-26,8274.009402283413,235.05708529214238,0,False,0,No SL Hit
ASIANPAINT.EQ-NSE,2021-09-01,3302.8,3450.0,38.2,0.15,2021-09-30,8064.369625772073,211.94138306891122,0,False,0,No SL Hit
ASIANPAINT.EQ-NSE,2021-10-01,3180.95,3300.0,79.1,0.05,2021-10-28,17395.746553702513,220.0600449551235,0,False,0,No SL Hit
ASIANPAINT.EQ-NSE,2021-11-01,3117.3,3220.0,58.0,0.05,2021-11-25,13012.863696147308,224.553299329548,0,False,0,No SL Hit
ASIANPAINT.EQ-NSE,2021-12-01,3137.75,3260.0,45.0,110.0,2021-12-30,-14500.836586726156,223.08979364194087,0,False,0,No SL Hit
ASIANPAINT.EQ-NSE,2022-01-03,3425.55,3540.0,39.7,119.10000000000001,2022-01-10,-16225.131730670988,204.34674723766986,0,False,0,Intraday SL Hit
ASIANPAINT.EQ-NSE,2022-02-01,3205.0,3300.0,43.9,0.05,2022-02-24,9577.223088923558,218.408736349454,0,False,0,No SL Hit
ASIANPAINT.EQ-NSE,2022-03-02,3041.0,3160.0,67.95,0.05,2022-03-31,15629.727063465965,230.18743834265044,0,False,0,No SL Hit
ASIANPAINT.EQ-NSE,2022-04-01,3113.0,3220.0,58.15,18.0,2022-04-28,9028.26855123675,224.86347574686798,0,False,0,No SL Hit
ASIANPAINT.EQ-NSE,2022-05-02,3199.8501,3300.0,58.2,0.15,2022-05-26,12699.032370297597,218.76024755034618,0,False,0,No SL Hit
ASIANPAINT.EQ-NSE,2022-06-01,2855.0,2950.0,62.25,0.1,2022-06-30,15238.178633975482,245.18388791593696,0,False,0,No SL Hit
ASIANPAINT.EQ-NSE,2022-07-01,2768.0,2850.0,57.4,172.2,2022-07-18,-29031.791907514445,252.89017341040463,0,False,0,Intraday SL Hit
ASIANPAINT.EQ-NSE,2022-08-01,3325.0,3450.0,44.5,0.05,2022-08-25,9357.894736842105,210.52631578947367,0,False,0,No SL Hit
ASIANPAINT.EQ-NSE,2022-09-01,3454.3999,3600.0,45.75,0.05,2022-09-29,9260.653348212523,202.6401170287204,0,False,0,No SL Hit
ASIANPAINT.EQ-NSE,2022-10-03,3298.05,3400.0,79.0,0.05,2022-10-27,16756.871484665182,212.24663058473945,0,False,0,No SL Hit
ASIANPAINT.EQ-NSE,2022-11-01,3156.0,3250.0,42.55,0.05,2022-11-24,9426.489226869455,221.79974651457542,0,False,0,No SL Hit
ASIANPAINT.EQ-NSE,2022-12-01,3174.0,3300.0,36.2,0.05,2022-12-29,7972.589792060493,220.5419029615627,0,False,0,No SL Hit
ASIANPAINT.EQ-NSE,2023-01-02,3049.7,3150.0,33.2,0.05,2023-01-25,7608.945142145131,229.53077351870678,0,False,0,No SL Hit
ASIANPAINT.EQ-NSE,2023-02-01,2745.8,2840.0,29.55,0.05,2023-02-23,7520.5768810547015,254.93480952727802,0,False,0,No SL Hit
ASIANPAINT.EQ-NSE,2023-03-01,2844.1001,2960.0,22.7,0.05,2023-03-29,5574.698302637097,246.12354537029128,0,False,0,No SL Hit
ASIANPAINT.EQ-NSE,2023-04-03,2778.5,2860.0,29.5,39.0,2023-04-27,-2393.377721792334,251.934497030772,0,False,0,No SL Hit
ASIANPAINT.EQ-NSE,2023-05-02,2897.0,2980.0,30.55,91.65,2023-05-05,-14763.548498446671,241.62927166033828,0,False,0,Intraday SL Hit
ASIANPAINT.EQ-NSE,2023-06-02,3234.95,3320.0,29.85,18.0,2023-06-28,2564.1818266124674,216.38665203480735,0,False,0,No SL Hit
ASIANPAINT.EQ-NSE,2023-07-03,3354.0,3440.0,48.95,0.1,2023-07-27,10195.289206917114,208.70602265951104,0,False,0,No SL Hit
ASIANPAINT.EQ-NSE,2023-08-02,3361.0,3460.0,50.0,0.1,2023-08-31,10392.740255876226,208.27134781315084,0,False,0,No SL Hit
ASIANPAINT.EQ-NSE,2023-09-01,3260.95,3340.0,34.45,0.05,2023-09-28,7384.351186004081,214.6613716861651,0,False,0,No SL Hit
ASIANPAINT.EQ-NSE,2023-10-03,3167.5,3240.0,50.0,0.05,2023-10-26,11038.674033149171,220.99447513812154,0,False,0,No SL Hit
ASIANPAINT.EQ-NSE,2023-11-01,2938.0,3020.0,30.5,91.5,2023-11-08,-14533.696392103471,238.2573179033356,0,False,0,Intraday SL Hit
ASIANPAINT.EQ-NSE,2023-12-01,3172.0,3240.0,44.85,134.55,2023-12-26,-19795.08196721312,220.6809583858764,0,False,0,Intraday SL Hit
ASIANPAINT.EQ-NSE,2024-01-01,3392.0,3460.0,71.05,0.05,2024-01-25,14652.122641509435,206.3679245283019,0,False,0,No SL Hit
ASIANPAINT.EQ-NSE,2024-02-01,2926.05,3000.0,49.2,0.05,2024-02-29,11758.172280036228,239.23036175048273,0,False,0,No SL Hit
ASIANPAINT.EQ-NSE,2024-03-01,2834.0,2900.0,53.1,0.05,2024-03-28,13103.387438249823,247.00070571630204,0,False,0,No SL Hit
ASIANPAINT.EQ-NSE,2024-04-01,2871.0,2940.0,29.95,0.05,2024-04-25,7290.142807384186,243.81748519679553,0,False,0,No SL Hit
ASIANPAINT.EQ-NSE,2024-05-02,2968.0,3040.0,53.0,0.1,2024-05-30,12476.415094339623,235.8490566037736,0,False,0,No SL Hit
ASIANPAINT.EQ-NSE,2024-06-03,2871.0,2940.0,47.15,0.05,2024-06-27,11483.80355276907,243.81748519679553,0,False,0,No SL Hit
BAJFINANCE.EQ-NSE,2019-01-01,2651.0,2750.0,57.5,0.05,2019-01-31,15169.74726518295,264.05130139569974,0,False,0,No SL Hit
BAJFINANCE.EQ-NSE,2019-02-01,2629.95,2750.0,46.1,0.05,2019-02-28,12256.887013061087,266.1647559839541,0,False,0,No SL Hit
BAJFINANCE.EQ-NSE,2019-03-01,2659.0,2800.0,32.0,96.0,2019-03-15,-16848.439262880784,263.25686348251224,0,False,0,Intraday SL Hit
BAJFINANCE.EQ-NSE,2019-04-01,3000.0,3100.0,65.0,0.05,2019-04-25,15155.000000000002,233.33333333333334,0,False,0,No SL Hit
BAJFINANCE.EQ-NSE,2019-05-02,3122.7,3250.0,82.3,246.89999999999998,2019-05-20,-36897.55660165881,224.16498542927596,0,False,0,Intraday SL Hit
BAJFINANCE.EQ-NSE,2019-06-03,3516.3999,3650.0,44.45,0.15,2019-06-27,8818.678444394225,199.06723350777028,0,False,0,No SL Hit
BAJFINANCE.EQ-NSE,2019-07-01,3692.25,3850.0,35.55,0.05,2019-07-25,6730.313494481685,189.5862956192024,0,False,0,No SL Hit
BAJFINANCE.EQ-NSE,2019-08-01,3217.0,3350.0,74.0,0.05,2019-08-29,16091.07864470003,217.5940317065589,0,False,0,No SL Hit
BAJFINANCE.EQ-NSE,2019-09-03,3245.0,3350.0,79.5,238.5,2019-09-20,-34298.921417565485,215.71648690292758,0,False,0,Intraday SL Hit
BAJFINANCE.EQ-NSE,2019-10-01,3991.0,4150.0,118.1,0.05,2019-10-31,20705.337008268605,175.39463793535455,0,False,0,No SL Hit
BAJFINANCE.EQ-NSE,2019-11-01,4075.0,4250.0,102.05,0.05,2019-11-28,17521.472392638036,171.77914110429447,0,False,0,No SL Hit
BAJFINANCE.EQ-NSE,2019-12-02,3952.0,4100.0,71.0,75.0,2019-12-26,-708.502024291498,177.1255060728745,0,False,0,No SL Hit
BAJFINANCE.EQ-NSE,2020-01-01,4231.0,4400.0,44.0,0.05,2020-01-30,7271.330654691563,165.44552115339164,0,False,0,No SL Hit
BAJFINANCE.EQ-NSE,2020-02-03,4376.0,4600.0,35.0,105.0,2020-02-06,-11197.44058500914,159.963436928702,0,False,0,Intraday SL Hit
BAJFINANCE.EQ-NSE,2020-03-02,4363.8501,4500.0,133.3,0.05,2020-03-26,21374.473884884363,160.40880964265938,0,False,0,No SL Hit
BAJFINANCE.EQ-NSE,2020-04-01,2226.0,2400.0,201.05,0.05,2020-04-30,63207.547169811325,314.4654088050315,0,False,0,No SL Hit
BAJFINANCE.EQ-NSE,2020-05-04,2089.0,2200.0,154.0,0.05,2020-05-28,51586.88367640019,335.0885591191958,0,False,0,No SL Hit
BAJFINANCE.EQ-NSE,2020-06-01,2156.1499,2300.0,90.0,270.0,2020-06-03,-58437.49546355753,324.6527525753196,0,False,0,Intraday SL Hit
BAJFINANCE.EQ-NSE,2020-07-01,2950.0,3200.0,122.4,15.0,2020-07-30,25484.745762711867,237.28813559322035,0,False,0,No SL Hit
BAJFINANCE.EQ-NSE,2020-08-03,3175.0,3450.0,82.25,246.75,2020-08-26,-36267.71653543307,220.4724409448819,0,False,0,Intraday SL Hit
BAJFINANCE.EQ-NSE,2020-09-01,3636.0,3950.0,53.0,0.05,2020-09-24,10193.894389438945,192.51925192519252,0,False,0,No SL Hit
BAJFINANCE.EQ-NSE,2020-10-01,3443.0,3750.0,50.55,0.05,2020-10-29,10267.208829509149,203.31106593087424,0,False,0,No SL Hit
BAJFINANCE.EQ-NSE,2020-11-02,3408.3999,3700.0,49.2,147.60000000000002,2020-11-05,-20208.896262436818,205.37496201663427,0,False,0,Intraday SL Hit
BAJFINANCE.EQ-NSE,2020-12-01,4858.0,5300.0,79.2,0.05,2020-12-31,11404.899135446687,144.0922190201729,0,False,0,No SL Hit
BAJFINANCE.EQ-NSE,2021-01-01,5272.0,5700.0,92.45,0.05,2021-01-28,12268.588770864948,132.77693474962064,0,False,0,No SL Hit
BAJFINANCE.EQ-NSE,2021-02-01,5075.0,5500.0,85.0,268.95,2021-02-05,-25372.41379310345,137.93103448275863,0,False,0,Overnight SL Hit
BAJFINANCE.EQ-NSE,2021-03-01,5273.0,5700.0,96.1,0.05,2021-03-25,12750.805992793476,132.75175421960932,0,False,0,No SL Hit
BAJFINANCE.EQ-NSE,2021-04-01,5256.0,5700.0,69.0,0.05,2021-04-29,9182.838660578387,133.18112633181127,0,False,0,No SL Hit
BAJFINANCE.EQ-NSE,2021-05-03,5548.0,5900.0,104.9,0.05,2021-05-27,13229.09156452776,126.1715933669791,0,False,0,No SL Hit
BAJFINANCE.EQ-NSE,2021-06-01,5775.0,6100.0,108.5,0.05,2021-06-24,13145.454545454546,121.21212121212122,0,False,0,No SL Hit
BAJFINANCE.EQ-NSE,2021-07-01,5968.3999,6300.0,105.15,100.0,2021-07-29,604.0144863617472,117.28436628383429,0,False,0,No SL Hit
BAJFINANCE.EQ-NSE,2021-08-02,6200.0,6500.0,90.0,270.0,2021-08-23,-20322.58064516129,112.90322580645162,0,False,0,Intraday SL Hit
BAJFINANCE.EQ-NSE,2021-09-01,7499.7002,7900.0,128.9,0.1,2021-09-30,12021.813885307043,93.33706432691802,0,False,0,No SL Hit
BAJFINANCE.EQ-NSE,2021-10-01,7525.0,7900.0,207.05,0.05,2021-10-28,19255.81395348837,93.02325581395348,0,False,0,No SL Hit
BAJFINANCE.EQ-NSE,2021-11-01,7416.0,7700.0,177.7,0.05,2021-11-25,16768.473570658036,94.39050701186623,0,False,0,No SL Hit
BAJFINANCE.EQ-NSE,2021-12-01,7050.0,7400.0,114.5,0.05,2021-12-30,11363.829787234043,99.29078014184397,0,False,0,No SL Hit
BAJFINANCE.EQ-NSE,2022-01-03,7225.0,7500.0,149.0,447.0,2022-01-12,-28871.9723183391,96.88581314878893,0,False,0,Intraday SL Hit
BAJFINANCE.EQ-NSE,2022-02-01,7077.0,7400.0,135.95,0.25,2022-02-24,13422.354104846687,98.91196834817013,0,False,0,No SL Hit
BAJFINANCE.EQ-NSE,2022-03-02,6832.7998,7200.0,150.5,96.1,2022-03-31,5573.118065013408,102.44702325392294,0,False,0,No SL Hit
BAJFINANCE.EQ-NSE,2022-04-01,7427.5,7800.0,129.0,0.05,2022-04-28,12152.81050151464,94.24436216762032,0,False,0,No SL Hit
BAJFINANCE.EQ-NSE,2022-05-02,6618.0,6900.0,138.0,0.1,2022-05-26,14585.977636748263,105.77213659715926,0,False,0,No SL Hit
BAJFINANCE.EQ-NSE,2022-06-01,6019.0,6300.0,117.05,0.1,2022-06-30,13601.096527662403,116.29838843661737,0,False,0,No SL Hit
BAJFINANCE.EQ-NSE,2022-07-01,5617.9502,5900.0,105.0,315.0,2022-07-21,-26166.12728250955,124.60060610718834,0,False,0,Intraday SL Hit
BAJFINANCE.EQ-NSE,2022-08-01,7259.9502,7600.0,118.95,0.05,2022-08-25,11464.265967003466,96.4193941716019,0,False,0,No SL Hit
BAJFINANCE.EQ-NSE,2022-09-01,7189.8501,7500.0,153.6,0.05,2022-09-29,14949.546722816933,97.35947067936786,0,False,0,No SL Hit
BAJFINANCE.EQ-NSE,2022-10-03,7164.8999,7500.0,152.5,0.05,2022-10-27,14894.136902038226,97.69850378509824,0,False,0,No SL Hit
BAJFINANCE.EQ-NSE,2022-11-01,7205.0,7500.0,100.95,0.05,2022-11-24,9802.9146426093,97.15475364330327,0,False,0,No SL Hit
BAJFINANCE.EQ-NSE,2022-12-01,6748.0,7100.0,85.0,0.05,2022-12-29,8812.240663900415,103.7344398340249,0,False,0,No SL Hit
BAJFINANCE.EQ-NSE,2023-01-02,6560.0,6800.0,102.95,0.05,2023-01-25,10980.182926829268,106.70731707317073,0,False,0,No SL Hit
BAJFINANCE.EQ-NSE,2023-02-01,5835.0,6100.0,79.9,239.70000000000002,2023-02-08,-19170.522707797776,119.96572407883463,0,False,0,Intraday SL Hit
BAJFINANCE.EQ-NSE,2023-03-01,6160.0,6400.0,85.0,0.05,2023-03-29,9653.409090909092,113.63636363636364,0,False,0,No SL Hit
BAJFINANCE.EQ-NSE,2023-04-03,5719.0,5950.0,84.5,253.5,2023-04-27,-20685.434516523866,122.39902080783354,0,False,0,Intraday SL Hit
BAJFINANCE.EQ-NSE,2023-05-02,6238.0498,6450.0,72.9,218.70000000000002,2023-05-08,-16360.882530947414,112.21455782542807,0,False,0,Intraday SL Hit
BAJFINANCE.EQ-NSE,2023-06-02,7024.5,7300.0,72.0,0.05,2023-06-28,7169.90533134031,99.65122072745392,0,False,0,No SL Hit
BAJFINANCE.EQ-NSE,2023-07-03,7338.0,7600.0,103.0,309.0,2023-07-04,-19651.131098391932,95.39384028345599,0,False,0,Intraday SL Hit
BAJFINANCE.EQ-NSE,2023-08-02,7205.0,7500.0,98.55,0.1,2023-08-31,9564.885496183208,97.15475364330327,0,False,0,No SL Hit
BAJFINANCE.EQ-NSE,2023-09-01,7300.1,7550.0,85.3,255.89999999999998,2023-09-25,-16358.680018081941,95.88909740962453,0,False,0,Intraday SL Hit
BAJFINANCE.EQ-NSE,2023-10-03,7967.1,8200.0,132.0,0.1,2023-10-26,11588.909389865823,87.86132971846719,0,False,0,No SL Hit
BAJFINANCE.EQ-NSE,2023-11-01,7479.0,7750.0,89.2,0.05,2023-11-30,8344.029950528145,93.59540045460624,0,False,0,No SL Hit
BAJFINANCE.EQ-NSE,2023-12-01,7248.9,7500.0,95.4,0.05,2023-12-28,9207.603912317732,96.56637558802025,0,False,0,No SL Hit
BAJFINANCE.EQ-NSE,2024-01-01,7290.0,7500.0,145.2,0.05,2024-01-25,13937.58573388203,96.02194787379973,0,False,0,No SL Hit
BAJFINANCE.EQ-NSE,2024-02-01,6746.0,6950.0,126.65,0.05,2024-02-29,13136.673584346281,103.76519418914913,0,False,0,No SL Hit
BAJFINANCE.EQ-NSE,2024-03-01,6576.0,6800.0,111.75,335.25,2024-03-28,-23791.058394160584,106.44768856447689,0,False,0,Intraday SL Hit
BAJFINANCE.EQ-NSE,2024-04-01,7243.95,7450.0,126.15,0.05,2024-04-25,12185.340870657585,96.63236217809344,0,False,0,No SL Hit
BAJFINANCE.EQ-NSE,2024-05-02,6880.8,7100.0,119.5,358.5,2024-05-03,-24314.033251947447,101.73235670270898,0,False,0,Intraday SL Hit
BAJFINANCE.EQ-NSE,2024-06-03,6919.65,7150.0,136.95,0.05,2024-06-27,13848.966349454091,101.1611858981307,0,False,0,No SL Hit
MARUTI.EQ-NSE,2019-01-01,7476.0,7800.0,104.7,0.05,2019-01-31,9798.68913857678,93.63295880149813,0,False,0,No SL Hit
MARUTI.EQ-NSE,2019-02-01,6930.0,7200.0,107.0,0.05,2019-02-28,10803.030303030304,101.01010101010101,0,False,0,No SL Hit
MARUTI.EQ-NSE,2019-03-01,6940.0,7200.0,98.2,0.05,2019-03-28,9899.85590778098,100.86455331412104,0,False,0,No SL Hit
MARUTI.EQ-NSE,2019-04-01,6840.0,7100.0,115.0,345.0,2019-04-16,-23538.011695906433,102.3391812865497,0,False,0,Intraday SL Hit
MARUTI.EQ-NSE,2019-05-02,6670.0,6900.0,151.0,0.05,2019-05-30,15841.82908545727,104.94752623688156,0,False,0,No SL Hit
MARUTI.EQ-NSE,2019-06-03,7036.0,7300.0,90.0,0.15,2019-06-27,8939.027856736782,99.48834565093803,0,False,0,No SL Hit
MARUTI.EQ-NSE,2019-07-01,6500.0,6700.0,114.15,0.05,2019-07-25,12287.692307692309,107.6923076923077,0,False,0,No SL Hit
MARUTI.EQ-NSE,2019-08-01,5585.0,5800.0,68.0,204.0,2019-08-09,-17045.65801253357,125.33572068039392,0,False,0,Intraday SL Hit
MARUTI.EQ-NSE,2019-09-03,6040.0,6300.0,108.0,324.0,2019-09-11,-25033.112582781458,115.89403973509934,0,False,0,Intraday SL Hit
MARUTI.EQ-NSE,2019-10-01,6790.0,7100.0,154.0,483.5,2019-10-29,-33969.072164948455,103.09278350515464,0,False,0,Overnight SL Hit
MARUTI.EQ-NSE,2019-11-01,7602.0,7900.0,130.55,0.1,2019-11-28,12011.970534069984,92.08103130755065,0,False,0,No SL Hit
MARUTI.EQ-NSE,2019-12-02,7129.0,7400.0,123.05,0.05,2019-12-26,12077.430214616355,98.19048954972646,0,False,0,No SL Hit
MARUTI.EQ-NSE,2020-01-01,7307.9502,7600.0,87.0,0.05,2020-01-30,8328.60081613583,95.78609334256274,0,False,0,No SL Hit
MARUTI.EQ-NSE,2020-02-03,7004.0,7300.0,85.0,0.05,2020-02-27,8490.148486579097,99.94288977727012,0,False,0,No SL Hit
MARUTI.EQ-NSE,2020-03-02,6300.0,6500.0,147.0,0.05,2020-03-26,16327.777777777777,111.11111111111111,0,False,0,No SL Hit
MARUTI.EQ-NSE,2020-04-01,4228.75,4500.0,264.9,794.6999999999999,2020-04-09,-87699.6748448123,165.53355010345848,0,False,0,Intraday SL Hit
MARUTI.EQ-NSE,2020-05-04,4910.0,5200.0,212.0,255.0,2020-05-28,-6130.346232179226,142.5661914460285,0,False,0,No SL Hit
MARUTI.EQ-NSE,2020-06-01,5760.3501,6100.0,125.85,0.1,2020-06-25,15281.189245771711,121.52039161647484,0,False,0,No SL Hit
MARUTI.EQ-NSE,2020-07-01,5795.0,6200.0,104.1,55.0,2020-07-30,5930.97497842968,120.79378774805868,0,False,0,No SL Hit
MARUTI.EQ-NSE,2020-08-03,6172.0,6600.0,88.0,264.0,2020-08-13,-19961.114711600778,113.41542449773169,0,False,0,Intraday SL Hit
MARUTI.EQ-NSE,2020-09-01,6915.0,7300.0,100.05,0.05,2020-09-24,10122.92118582791,101.2292118582791,0,False,0,No SL Hit
MARUTI.EQ-NSE,2020-10-01,6794.0498,7200.0,102.0,0.05,2020-10-29,10504.044288871713,103.03133191634834,0,False,0,No SL Hit
MARUTI.EQ-NSE,2020-11-02,6875.4502,7300.0,117.1,0.05,2020-11-26,11917.037810847643,101.81151482996705,0,False,0,No SL Hit
MARUTI.EQ-NSE,2020-12-01,7100.0,7600.0,94.0,282.0,2020-12-03,-18535.21126760563,98.59154929577464,0,False,0,Intraday SL Hit
MARUTI.EQ-NSE,2021-01-01,7687.0,8200.0,100.55,301.65,2021-01-11,-18312.735787693506,91.06283335501496,0,False,0,Intraday SL Hit
MARUTI.EQ-NSE,2021-02-01,7422.0,7900.0,130.0,1.0,2021-02-25,12166.531932093774,94.31420102398275,0,False,0,No SL Hit
MARUTI.EQ-NSE,2021-03-01,7024.8999,7500.0,145.0,0.05,2021-03-25,14443.62217887261,99.64554797428501,0,False,0,No SL Hit
MARUTI.EQ-NSE,2021-04-01,6922.0,7300.0,99.0,0.05,2021-04-29,10006.50101126842,101.12684195319272,0,False,0,No SL Hit
MARUTI.EQ-NSE,2021-05-03,6600.0,6900.0,107.05,68.0,2021-05-27,4141.666666666666,106.06060606060606,0,False,0,No SL Hit
MARUTI.EQ-NSE,2021-06-01,7085.0,7300.0,111.9,230.0,2021-06-24,-11668.313338038108,98.80028228652081,0,False,0,No SL Hit
MARUTI.EQ-NSE,2021-07-01,7584.5498,7900.0,86.25,0.05,2021-07-29,7955.646886252894,92.29288731151848,0,False,0,No SL Hit
MARUTI.EQ-NSE,2021-08-02,7076.0,7300.0,79.3,0.05,2021-08-26,7839.881288863765,98.92594686263426,0,False,0,No SL Hit
MARUTI.EQ-NSE,2021-09-01,6780.0,7000.0,96.0,288.0,2021-09-27,-19823.008849557522,103.2448377581121,0,False,0,Intraday SL Hit
MARUTI.EQ-NSE,2021-10-01,7152.0,7400.0,180.1,0.05,2021-10-28,17622.343400447426,97.87472035794184,0,False,0,No SL Hit
MARUTI.EQ-NSE,2021-11-01,7602.6499,7850.0,126.85,380.54999999999995,2021-11-17,-23358.96066975279,92.073159912309,0,False,0,Intraday SL Hit
MARUTI.EQ-NSE,2021-12-01,7306.5,7600.0,126.0,0.05,2021-12-30,12066.652980223089,95.80510504345446,0,False,0,No SL Hit
MARUTI.EQ-NSE,2022-01-03,7529.9502,7800.0,100.0,300.0,2022-01-10,-18592.420438584042,92.96210219292021,0,False,0,Intraday SL Hit
MARUTI.EQ-NSE,2022-02-01,8567.9502,8850.0,151.0,0.05,2022-02-24,12332.588020878085,81.69982127113671,0,False,0,No SL Hit
MARUTI.EQ-NSE,2022-03-02,7818.5498,8100.0,247.0,0.05,2022-03-31,22109.598892623286,89.53066974133746,0,False,0,No SL Hit
MARUTI.EQ-NSE,2022-04-01,7675.0,8000.0,148.0,0.05,2022-04-28,13493.811074918565,91.20521172638436,0,False,0,No SL Hit
MARUTI.EQ-NSE,2022-05-02,7631.0,7900.0,144.0,0.05,2022-05-26,13204.691390381338,91.73109684182938,0,False,0,No SL Hit
MARUTI.EQ-NSE,2022-06-01,7930.0,8300.0,119.75,142.55,2022-06-30,-2012.6103404791938,88.27238335435057,0,False,0,No SL Hit
MARUTI.EQ-NSE,2022-07-01,8397.4004,8700.0,154.85,10.0,2022-07-28,12074.570125297347,83.3591309996365,0,False,0,No SL Hit
MARUTI.EQ-NSE,2022-08-01,8994.75,9300.0,126.0,0.05,2022-08-25,9801.828844603797,77.82317462964507,0,False,0,No SL Hit
MARUTI.EQ-NSE,2022-09-01,9026.5,9400.0,148.0,0.05,2022-09-29,11473.439317564946,77.54943776657619,0,False,0,No SL Hit
MARUTI.EQ-NSE,2022-10-03,8569.0,8900.0,166.0,150.0,2022-10-27,1307.0369938149142,81.68981211343214,0,False,0,No SL Hit
MARUTI.EQ-NSE,2022-11-01,9440.0,9800.0,114.0,0.05,2022-11-24,8449.682203389832,74.15254237288136,0,False,0,No SL Hit
MARUTI.EQ-NSE,2022-12-01,8955.9004,9300.0,111.0,0.15,2022-12-29,8664.12047190699,78.1607620379521,0,False,0,No SL Hit
MARUTI.EQ-NSE,2023-01-02,8411.0,8700.0,80.0,48.0,2023-01-25,2663.1791701343477,83.22434906669837,0,False,0,No SL Hit
MARUTI.EQ-NSE,2023-02-01,8764.9502,9100.0,79.55,0.05,2023-02-23,6349.151875386583,79.86354560234696,0,False,0,No SL Hit
MARUTI.EQ-NSE,2023-03-01,8754.9502,9100.0,67.9,0.05,2023-03-29,5424.930915083904,79.9547666187753,0,False,0,No SL Hit
MARUTI.EQ-NSE,2023-04-03,8508.0,8800.0,69.15,0.05,2023-04-27,5685.2374236013175,82.27550540667607,0,False,0,No SL Hit
MARUTI.EQ-NSE,2023-05-02,8765.2002,9000.0,78.25,234.75,2023-05-09,-12498.288401900963,79.86126774377612,0,False,0,Intraday SL Hit
MARUTI.EQ-NSE,2023-06-02,9510.0,9800.0,76.8,0.05,2023-06-28,5649.31650893796,73.60672975814931,0,False,0,No SL Hit
MARUTI.EQ-NSE,2023-07-03,9676.25,9900.0,127.0,0.05,2023-07-27,9183.826379020798,72.34207466735563,0,False,0,No SL Hit
MARUTI.EQ-NSE,2023-08-02,9624.9502,9900.0,106.7,100.0,2023-08-31,487.27524844751946,72.7276490220178,0,False,0,No SL Hit
MARUTI.EQ-NSE,2023-09-01,10330.1,10600.0,140.0,1.0,2023-09-28,9419.076291613828,67.76313878858869,0,False,0,No SL Hit
MARUTI.EQ-NSE,2023-10-03,10325.05,10600.0,112.05,0.05,2023-10-26,7593.183568118315,67.79628185819924,0,False,0,No SL Hit
MARUTI.EQ-NSE,2023-11-01,10208.0,10500.0,105.0,85.0,2023-11-30,1371.473354231975,68.57366771159874,0,False,0,No SL Hit
MARUTI.EQ-NSE,2023-12-01,10559.0,10800.0,133.0,0.05,2023-12-28,8813.808125769485,66.29415664362155,0,False,0,No SL Hit
MARUTI.EQ-NSE,2024-01-01,10270.0,10500.0,199.15,0.05,2024-01-25,13570.593962999026,68.15968841285297,0,False,0,No SL Hit
MARUTI.EQ-NSE,2024-02-01,10603.2,10900.0,123.0,369.0,2024-02-16,-16240.380262562243,66.01780594537497,0,False,0,Intraday SL Hit
MARUTI.EQ-NSE,2024-03-01,11635.15,11900.0,163.0,489.0,2024-03-22,-19612.983072843926,60.162524763324924,0,False,0,Intraday SL Hit
MARUTI.EQ-NSE,2024-04-01,12580.0,12900.0,148.95,0.05,2024-04-25,8285.373608903019,55.64387917329094,0,False,0,No SL Hit
MARUTI.EQ-NSE,2024-05-02,12771.0,13100.0,199.15,0.05,2024-05-30,10913.0060292851,54.81168271865946,0,False,0,No SL Hit
MARUTI.EQ-NSE,2024-06-03,12490.0,12800.0,234.0,0.05,2024-06-27,13111.689351481184,56.04483586869495,0,False,0,No SL Hit
AXISBANK.EQ-NSE,2019-01-01,627.9,660.0,10.5,31.5,2019-01-30,-23411.371237458192,1114.8272017837235,0,False,0,Overnight SL Hit
AXISBANK.EQ-NSE,2019-02-01,717.3,750.0,10.9,0.05,2019-02-28,10588.317300989824,975.8817788930713,0,False,0,No SL Hit
AXISBANK.EQ-NSE,2019-03-01,702.45,740.0,8.35,25.049999999999997,2019-03-18,-16641.753861484798,996.512207274539,0,False,0,Intraday SL Hit
AXISBANK.EQ-NSE,2019-04-01,762.5,790.0,15.55,0.05,2019-04-25,14229.50819672131,918.0327868852459,0,False,0,No SL Hit
AXISBANK.EQ-NSE,2019-05-02,753.0,780.0,16.1,27.7,2019-05-30,-10783.532536520583,929.6148738379815,0,False,0,No SL Hit
AXISBANK.EQ-NSE,2019-06-03,813.9,840.0,10.95,0.05,2019-06-27,9374.616046197321,860.0565179997543,0,False,0,No SL Hit
AXISBANK.EQ-NSE,2019-07-01,808.05,840.0,10.5,0.05,2019-07-25,9052.657632572242,866.283027040406,0,False,0,No SL Hit
AXISBANK.EQ-NSE,2019-08-01,671.3,700.0,11.25,0.05,2019-08-29,11678.83211678832,1042.752867570386,0,False,0,No SL Hit
AXISBANK.EQ-NSE,2019-09-03,644.35,670.0,10.35,42.0,2019-09-23,-34383.48723519826,1086.3661053775122,0,False,0,Overnight SL Hit
AXISBANK.EQ-NSE,2019-10-01,676.65,710.0,15.3,23.8,2019-10-31,-8793.320032513117,1034.5082391191902,0,False,0,No SL Hit
AXISBANK.EQ-NSE,2019-11-01,749.4,780.0,12.45,0.05,2019-11-28,11582.599412863623,934.0805978115826,0,False,0,No SL Hit
AXISBANK.EQ-NSE,2019-12-02,744.55,770.0,11.4,0.1,2019-12-26,10623.866765160165,940.1652004566517,0,False,0,No SL Hit
AXISBANK.EQ-NSE,2020-01-01,748.75,780.0,11.3,0.05,2020-01-30,10517.52921535893,934.8914858096828,0,False,0,No SL Hit
AXISBANK.EQ-NSE,2020-02-03,707.85,730.0,10.15,30.450000000000003,2020-02-11,-20074.87462032917,988.9100798191707,0,False,0,Intraday SL Hit
AXISBANK.EQ-NSE,2020-03-02,688.0,720.0,13.0,0.05,2020-03-26,13175.872093023256,1017.4418604651163,0,False,0,No SL Hit
AXISBANK.EQ-NSE,2020-04-01,355.5,380.0,30.6,91.85,2020-04-20,-120604.78199718705,1969.057665260197,0,False,0,Overnight SL Hit
AXISBANK.EQ-NSE,2020-05-04,406.75,440.0,21.4,0.05,2020-05-28,36742.47080516288,1720.958819913952,0,False,0,No SL Hit
AXISBANK.EQ-NSE,2020-06-01,396.05,430.0,13.85,0.05,2020-06-25,24390.859739931824,1767.453604342886,0,False,0,No SL Hit
AXISBANK.EQ-NSE,2020-07-01,433.0,470.0,14.5,0.05,2020-07-30,23360.27713625866,1616.6281755196305,0,False,0,No SL Hit
AXISBANK.EQ-NSE,2020-08-03,419.0,450.0,12.6,23.0,2020-08-27,-17374.701670644394,1670.6443914081146,0,False,0,No SL Hit
AXISBANK.EQ-NSE,2020-09-01,487.2,530.0,9.5,0.05,2020-09-24,13577.58620689655,1436.7816091954023,0,False,0,No SL Hit
AXISBANK.EQ-NSE,2020-10-01,442.2,480.0,6.95,20.85,2020-10-12,-22003.618272274995,1582.9941203075532,0,False,0,Intraday SL Hit
AXISBANK.EQ-NSE,2020-11-02,521.9,570.0,9.65,28.950000000000003,2020-11-10,-25886.185092929685,1341.2531136232994,0,False,0,Intraday SL Hit
AXISBANK.EQ-NSE,2020-12-01,603.9,660.0,10.8,0.05,2020-12-31,12460.67229673787,1159.1323066732903,0,False,0,No SL Hit
AXISBANK.EQ-NSE,2021-01-01,623.4,680.0,8.6,25.799999999999997,2021-01-07,-19313.44241257619,1122.874558870709,0,False,0,Intraday SL Hit
AXISBANK.EQ-NSE,2021-02-01,714.0,780.0,9.7,29.099999999999998,2021-02-15,-19019.60784313725,980.3921568627451,0,False,0,Intraday SL Hit
AXISBANK.EQ-NSE,2021-03-01,730.45,800.0,11.95,0.05,2021-03-25,11403.92908481073,958.3133684714901,0,False,0,No SL Hit
AXISBANK.EQ-NSE,2021-04-01,712.0,770.0,8.7,0.05,2021-04-29,8504.213483146066,983.1460674157304,0,False,0,No SL Hit
AXISBANK.EQ-NSE,2021-05-03,703.95,750.0,11.3,0.05,2021-05-27,11186.874067760493,994.388806023155,0,False,0,No SL Hit
AXISBANK.EQ-NSE,2021-06-01,745.3,780.0,10.7,0.05,2021-06-24,10002.683483161143,939.2191064001074,0,False,0,No SL Hit
AXISBANK.EQ-NSE,2021-07-01,746.9,790.0,6.5,0.05,2021-07-29,6044.985941893159,937.2071227741332,0,False,0,No SL Hit
AXISBANK.EQ-NSE,2021-08-02,720.35,750.0,8.65,0.05,2021-08-26,8357.048656902893,971.7498438259179,0,False,0,No SL Hit
AXISBANK.EQ-NSE,2021-09-01,798.0,840.0,8.5,0.05,2021-09-30,7412.2807017543855,877.1929824561404,0,False,0,No SL Hit
AXISBANK.EQ-NSE,2021-10-01,767.8,800.0,17.85,53.550000000000004,2021-10-25,-32547.538421463927,911.695754102631,0,False,0,Intraday SL Hit
AXISBANK.EQ-NSE,2021-11-01,754.65,790.0,13.9,0.05,2021-11-25,12847.015172596568,927.5823229311602,0,False,0,No SL Hit
AXISBANK.EQ-NSE,2021-12-01,680.0,710.0,10.8,0.05,2021-12-30,11066.176470588236,1029.4117647058824,0,False,0,No SL Hit
AXISBANK.EQ-NSE,2022-01-03,698.0,720.0,10.75,32.25,2022-01-10,-21561.60458452722,1002.8653295128939,0,False,0,Intraday SL Hit
AXISBANK.EQ-NSE,2022-02-01,783.0,810.0,10.1,0.05,2022-02-24,8984.674329501915,893.9974457215836,0,False,0,No SL Hit
AXISBANK.EQ-NSE,2022-03-02,753.25,780.0,16.1,0.05,2022-03-31,14915.366744108862,929.3063391968138,0,False,0,No SL Hit
AXISBANK.EQ-NSE,2022-04-01,773.05,800.0,15.25,0.05,2022-04-28,13763.663411163572,905.5041717870772,0,False,0,No SL Hit
AXISBANK.EQ-NSE,2022-05-02,728.05,750.0,15.9,0.05,2022-05-26,15239.33795755786,961.4724263443445,0,False,0,No SL Hit
AXISBANK.EQ-NSE,2022-06-01,688.0,720.0,8.2,0.05,2022-06-30,8292.151162790697,1017.4418604651163,0,False,0,No SL Hit
AXISBANK.EQ-NSE,2022-07-01,644.0,670.0,9.05,27.150000000000002,2022-07-19,-19673.913043478264,1086.9565217391305,0,False,0,Intraday SL Hit
AXISBANK.EQ-NSE,2022-08-01,730.4,760.0,9.3,0.05,2022-08-25,8865.00547645126,958.3789704271633,0,False,0,No SL Hit
AXISBANK.EQ-NSE,2022-09-01,744.65,770.0,12.7,38.099999999999994,2022-09-12,-23876.989189552136,940.0389444705567,0,False,0,Intraday SL Hit
AXISBANK.EQ-NSE,2022-10-03,722.9,750.0,13.9,41.7,2022-10-11,-26919.352607552915,968.3220362429105,0,False,0,Intraday SL Hit
AXISBANK.EQ-NSE,2022-11-01,871.4,910.0,10.4,0.05,2022-11-24,8314.207023181089,803.305026394308,0,False,0,No SL Hit
AXISBANK.EQ-NSE,2022-12-01,901.0,940.0,7.2,21.6,2022-12-21,-11187.569367369591,776.914539400666,0,False,0,Intraday SL Hit
AXISBANK.EQ-NSE,2023-01-02,944.95,980.0,8.7,0.05,2023-01-25,6407.746441610666,740.7799354463199,0,False,0,No SL Hit
AXISBANK.EQ-NSE,2023-02-01,858.0,890.0,13.25,0.05,2023-02-23,10769.230769230768,815.8508158508158,0,False,0,No SL Hit
AXISBANK.EQ-NSE,2023-03-01,864.4,900.0,6.75,0.05,2023-03-29,5425.728829245721,809.8102730217493,0,False,0,No SL Hit
AXISBANK.EQ-NSE,2023-04-03,864.9,890.0,7.7,0.05,2023-04-27,6191.467221644121,809.3421204763557,0,False,0,No SL Hit
AXISBANK.EQ-NSE,2023-05-02,869.9,900.0,7.4,22.200000000000003,2023-05-15,-11909.414875273022,804.690194275204,0,False,0,Intraday SL Hit
AXISBANK.EQ-NSE,2023-06-02,923.7,950.0,8.25,24.75,2023-06-06,-12504.059759662228,757.8218036158926,0,False,0,Intraday SL Hit
AXISBANK.EQ-NSE,2023-07-03,984.0,1010.0,10.55,0.05,2023-07-27,7469.512195121951,711.3821138211382,0,False,0,No SL Hit
AXISBANK.EQ-NSE,2023-08-02,944.4,970.0,12.7,0.05,2023-08-31,9376.323591698432,741.2113511224057,0,False,0,No SL Hit
AXISBANK.EQ-NSE,2023-09-01,990.15,1020.0,10.15,30.450000000000003,2023-09-20,-14351.3609049134,706.9635913750442,0,False,0,Intraday SL Hit
AXISBANK.EQ-NSE,2023-10-03,1041.0,1070.0,11.35,0.05,2023-10-26,7598.463016330451,672.4303554274736,0,False,0,No SL Hit
AXISBANK.EQ-NSE,2023-11-01,971.4,1000.0,9.45,28.349999999999998,2023-11-07,-13619.51822112415,720.6094296891085,0,False,0,Intraday SL Hit
AXISBANK.EQ-NSE,2023-12-01,1103.0,1130.0,14.95,0.05,2023-12-28,9456.029011786037,634.6328195829556,0,False,0,No SL Hit
AXISBANK.EQ-NSE,2024-01-01,1096.0,1120.0,21.45,0.05,2024-01-25,13667.883211678833,638.6861313868613,0,False,0,No SL Hit
AXISBANK.EQ-NSE,2024-02-01,1086.0,1120.0,14.75,0.05,2024-02-29,9475.138121546961,644.5672191528545,0,False,0,No SL Hit
AXISBANK.EQ-NSE,2024-03-01,1098.35,1130.0,17.6,0.05,2024-03-28,11184.959257067421,637.3196157873174,0,False,0,No SL Hit
AXISBANK.EQ-NSE,2024-04-01,1052.5,1080.0,17.9,46.8,2024-04-25,-19220.9026128266,665.083135391924,0,False,0,No SL Hit
AXISBANK.EQ-NSE,2024-05-02,1150.0,1180.0,17.75,0.05,2024-05-30,10773.91304347826,608.695652173913,0,False,0,No SL Hit
AXISBANK.EQ-NSE,2024-06-03,1228.5,1260.0,23.55,27.0,2024-06-27,-1965.8119658119651,569.8005698005697,0,False,0,No SL Hit
LT.EQ-NSE,2019-01-01,1443.0,1500.0,13.8,0.05,2019-01-31,6670.13167013167,485.1004851004851,0,False,0,No SL Hit
LT.EQ-NSE,2019-02-01,1324.05,1380.0,10.5,0.1,2019-02-28,5498.281786941581,528.6809410520751,0,False,0,No SL Hit
LT.EQ-NSE,2019-03-01,1308.0,1360.0,10.15,30.450000000000003,2019-03-12,-10863.914373088688,535.1681957186545,0,False,0,Intraday SL Hit
LT.EQ-NSE,2019-04-01,1411.9,1460.0,23.1,0.05,2019-04-25,11427.863163113534,495.7858205255329,0,False,0,No SL Hit
LT.EQ-NSE,2019-05-02,1359.0,1420.0,22.5,67.5,2019-05-22,-23178.807947019868,515.0846210448859,0,False,0,Intraday SL Hit
LT.EQ-NSE,2019-06-03,1565.0,1620.0,18.5,0.05,2019-06-27,8252.396166134184,447.2843450479233,0,False,0,No SL Hit
LT.EQ-NSE,2019-07-01,1556.9,1620.0,14.6,0.05,2019-07-25,6541.845975977903,449.61140728370475,0,False,0,No SL Hit
LT.EQ-NSE,2019-08-01,1359.5,1420.0,15.0,0.05,2019-08-29,7697.682971680765,514.8951820522251,0,False,0,No SL Hit
LT.EQ-NSE,2019-09-03,1290.9,1340.0,19.8,59.400000000000006,2019-09-20,-21473.39065768069,542.2573398404214,0,False,0,Intraday SL Hit
LT.EQ-NSE,2019-10-01,1467.05,1540.0,21.7,0.05,2019-10-31,10330.254592549674,477.1480181316247,0,False,0,No SL Hit
LT.EQ-NSE,2019-11-01,1449.4,1500.0,23.9,0.05,2019-11-28,11518.559403891264,482.9584655719608,0,False,0,No SL Hit
LT.EQ-NSE,2019-12-02,1334.1,1380.0,18.6,0.05,2019-12-26,9733.153436773857,524.698298478375,0,False,0,No SL Hit
LT.EQ-NSE,2020-01-01,1310.15,1360.0,17.2,0.05,2020-01-30,9163.072930580467,534.2899667976949,0,False,0,No SL Hit
LT.EQ-NSE,2020-02-03,1287.05,1340.0,16.0,0.05,2020-02-27,8674.876655918573,543.8794141641739,0,False,0,No SL Hit
LT.EQ-NSE,2020-03-02,1154.0,1200.0,24.0,0.05,2020-03-26,14527.729636048525,606.5857885615251,0,False,0,No SL Hit
LT.EQ-NSE,2020-04-01,775.55,820.0,41.0,128.2,2020-04-17,-78705.43485268518,902.585262072078,0,False,0,Overnight SL Hit
LT.EQ-NSE,2020-05-04,852.0,900.0,27.25,0.9,2020-05-28,21649.06103286385,821.5962441314554,0,False,0,No SL Hit
LT.EQ-NSE,2020-06-01,927.0,980.0,21.4,0.05,2020-06-25,16121.89859762675,755.1240560949299,0,False,0,No SL Hit
LT.EQ-NSE,2020-07-01,924.55,980.0,21.1,0.05,2020-07-30,15937.483099886433,757.1250878805906,0,False,0,No SL Hit
LT.EQ-NSE,2020-08-03,916.8,970.0,14.25,42.75,2020-08-13,-21760.47120418848,763.5253054101222,0,False,0,Intraday SL Hit
LT.EQ-NSE,2020-09-01,955.0,1000.0,21.85,0.05,2020-09-24,15979.057591623035,732.9842931937172,0,False,0,No SL Hit
LT.EQ-NSE,2020-10-01,901.5,960.0,10.0,30.0,2020-10-28,-15529.67276760954,776.483638380477,0,False,0,Intraday SL Hit
LT.EQ-NSE,2020-11-02,929.0,980.0,12.1,36.3,2020-11-10,-18234.660925726585,753.4983853606028,0,False,0,Intraday SL Hit
LT.EQ-NSE,2020-12-01,1116.0,1180.0,22.5,67.5,2020-12-14,-28225.8064516129,627.2401433691756,0,False,0,Intraday SL Hit
LT.EQ-NSE,2021-01-01,1297.0,1380.0,19.3,0.05,2021-01-28,10389.360061680803,539.7070161912105,0,False,0,No SL Hit
LT.EQ-NSE,2021-02-01,1458.75,1540.0,24.2,72.6,2021-02-02,-23225.36418166238,479.8628963153385,0,False,0,Intraday SL Hit
LT.EQ-NSE,2021-03-01,1473.9,1560.0,25.25,0.05,2021-03-25,11968.247506615102,474.9304566117104,0,False,0,No SL Hit
LT.EQ-NSE,2021-04-01,1442.0,1500.0,21.75,0.05,2021-04-29,10533.980582524271,485.43689320388347,0,False,0,No SL Hit
LT.EQ-NSE,2021-05-03,1341.5,1400.0,22.55,67.65,2021-05-26,-23533.35818114052,521.8039508013418,0,False,0,Intraday SL Hit
LT.EQ-NSE,2021-06-01,1473.0,1520.0,20.5,61.5,2021-06-07,-19484.04616429056,475.22063815342835,0,False,0,Intraday SL Hit
LT.EQ-NSE,2021-07-01,1495.0,1560.0,12.0,36.0,2021-07-15,-11237.458193979934,468.2274247491639,0,False,0,Intraday SL Hit
LT.EQ-NSE,2021-08-02,1616.0,1680.0,15.55,0.05,2021-08-26,6714.108910891089,433.16831683168317,0,False,0,No SL Hit
LT.EQ-NSE,2021-09-01,1688.15,1760.0,18.85,56.550000000000004,2021-09-24,-15632.497112223442,414.65509581494535,0,False,0,Intraday SL Hit
LT.EQ-NSE,2021-10-01,1696.0,1760.0,34.5,103.5,2021-10-19,-28478.773584905663,412.7358490566038,0,False,0,Intraday SL Hit
LT.EQ-NSE,2021-11-01,1800.0,1860.0,30.45,91.35,2021-11-08,-23683.333333333332,388.8888888888889,0,False,0,Intraday SL Hit
LT.EQ-NSE,2021-12-01,1790.0,1860.0,23.15,32.0,2021-12-30,-3460.8938547486036,391.06145251396646,0,False,0,No SL Hit
LT.EQ-NSE,2022-01-03,1924.0,1980.0,30.35,91.05000000000001,2022-01-17,-22084.19958419959,363.8253638253638,0,False,0,Intraday SL Hit
LT.EQ-NSE,2022-02-01,1995.0,2060.0,26.65,0.05,2022-02-24,9333.333333333334,350.87719298245617,0,False,0,No SL Hit
LT.EQ-NSE,2022-03-02,1795.55,1860.0,29.5,0.05,2022-03-31,11481.1617610203,389.85269137590154,0,False,0,No SL Hit
LT.EQ-NSE,2022-04-01,1789.5,1840.0,26.5,0.05,2022-04-28,10346.465493154512,391.1707180776753,0,False,0,No SL Hit
LT.EQ-NSE,2022-05-02,1678.0,1740.0,22.3,0.05,2022-05-26,9281.883194278904,417.1632896305125,0,False,0,No SL Hit
LT.EQ-NSE,2022-06-01,1650.0,1700.0,26.5,0.05,2022-06-30,11221.212121212122,424.24242424242425,0,False,0,No SL Hit
LT.EQ-NSE,2022-07-01,1571.8,1620.0,16.6,49.800000000000004,2022-07-08,-14785.59613182339,445.3492810790177,0,False,0,Intraday SL Hit
LT.EQ-NSE,2022-08-01,1813.25,1880.0,22.5,1.95,2022-08-25,7933.268992141183,386.0471529022473,0,False,0,No SL Hit
LT.EQ-NSE,2022-09-01,1915.65,1980.0,25.0,0.05,2022-09-29,9117.009892203689,365.4112181243964,0,False,0,No SL Hit
LT.EQ-NSE,2022-10-03,1822.3,1880.0,26.55,80.0,2022-10-27,-20531.74559622455,384.12994567305054,0,False,0,Overnight SL Hit
LT.EQ-NSE,2022-11-01,2020.0,2080.0,24.0,0.05,2022-11-24,8299.50495049505,346.53465346534654,0,False,0,No SL Hit
LT.EQ-NSE,2022-12-01,2101.95,2180.0,20.25,0.05,2022-12-29,6727.086752777184,333.02409667213783,0,False,0,No SL Hit
LT.EQ-NSE,2023-01-02,2092.05,2160.0,17.5,52.5,2023-01-17,-11711.001171100115,334.6000334600033,0,False,0,Intraday SL Hit
LT.EQ-NSE,2023-02-01,2150.0,2220.0,25.05,0.05,2023-02-23,8139.534883720929,325.5813953488372,0,False,0,No SL Hit
LT.EQ-NSE,2023-03-01,2118.8999,2200.0,21.5,0.05,2023-03-29,7086.2243185721045,330.3601080919396,0,False,0,No SL Hit
LT.EQ-NSE,2023-04-03,2169.0,2240.0,21.2,63.599999999999994,2023-04-06,-13683.725218994925,322.7293683725219,0,False,0,Intraday SL Hit
LT.EQ-NSE,2023-05-02,2387.0,2460.0,21.05,0.05,2023-05-25,6158.357771260997,293.2551319648094,0,False,0,No SL Hit
LT.EQ-NSE,2023-06-02,2236.0,2300.0,22.1,66.30000000000001,2023-06-08,-13837.209302325584,313.05903398926654,0,False,0,Intraday SL Hit
LT.EQ-NSE,2023-07-03,2456.0,2520.0,31.0,99.85,2023-07-24,-19623.371335504886,285.01628664495115,0,False,0,Overnight SL Hit
LT.EQ-NSE,2023-08-02,2616.0,2700.0,27.65,8.0,2023-08-31,5258.02752293578,267.58409785932724,0,False,0,No SL Hit
LT.EQ-NSE,2023-09-01,2705.0,2780.0,29.95,89.85,2023-09-07,-15500.924214417744,258.7800369685767,0,False,0,Intraday SL Hit
LT.EQ-NSE,2023-10-03,3074.0,3160.0,31.95,0.05,2023-10-26,7264.150943396226,227.71633051398828,0,False,0,No SL Hit
LT.EQ-NSE,2023-11-01,2893.1,2980.0,31.55,100.0,2023-11-15,-16561.81950157271,241.95499637067508,0,False,0,Overnight SL Hit
LT.EQ-NSE,2023-12-01,3184.15,3260.0,43.5,130.5,2023-12-04,-19125.983386461063,219.83888949955247,0,False,0,Intraday SL Hit
LT.EQ-NSE,2024-01-01,3513.0,3600.0,61.0,0.05,2024-01-25,12144.890407059493,199.25989183034443,0,False,0,No SL Hit
LT.EQ-NSE,2024-02-01,3399.0,3500.0,56.25,0.05,2024-02-29,11573.99235069138,205.94292438952633,0,False,0,No SL Hit
LT.EQ-NSE,2024-03-01,3628.85,3740.0,64.35,18.0,2024-03-28,8940.849029306804,192.89857668407348,0,False,0,No SL Hit
LT.EQ-NSE,2024-04-01,3840.2,3940.0,46.0,0.05,2024-04-25,8375.865840320817,182.28217280349983,0,False,0,No SL Hit
LT.EQ-NSE,2024-05-02,3600.0,3700.0,63.5,0.05,2024-05-30,12337.500000000002,194.44444444444446,0,False,0,No SL Hit
LT.EQ-NSE,2024-06-03,3900.95,4020.0,63.3,0.05,2024-06-27,11349.799407836552,179.44346889860162,0,False,0,No SL Hit
HCLTECH.EQ-NSE,2019-01-01,480.0,500.0,7.3,2.25,2019-01-31,7364.583333333333,1458.3333333333333,0,False,0,No SL Hit
HCLTECH.EQ-NSE,2019-02-01,520.775,545.0,6.6,0.025,2019-02-28,8837.789832461234,1344.1505448610244,0,False,0,No SL Hit
HCLTECH.EQ-NSE,2019-03-01,528.5,550.0,6.05,0.025,2019-03-28,7980.132450331126,1324.5033112582782,0,False,0,No SL Hit
HCLTECH.EQ-NSE,2019-04-01,555.0,580.0,7.9,0.025,2019-04-25,9932.432432432433,1261.2612612612613,0,False,0,No SL Hit
HCLTECH.EQ-NSE,2019-05-02,580.475,600.0,13.25,0.025,2019-05-30,15948.145914983417,1205.9089538739825,0,False,0,No SL Hit
HCLTECH.EQ-NSE,2019-06-03,558.55,580.0,5.275,0.025,2019-06-27,6579.536299346523,1253.2450093993377,0,False,0,No SL Hit
HCLTECH.EQ-NSE,2019-07-01,524.175,540.0,8.0,0.05,2019-07-25,10616.683359565031,1335.431869127677,0,False,0,No SL Hit
HCLTECH.EQ-NSE,2019-08-01,508.25,530.0,8.45,25.349999999999998,2019-08-09,-23275.946876537135,1377.2749631087063,0,False,0,Intraday SL Hit
HCLTECH.EQ-NSE,2019-09-03,553.0,570.0,8.875,0.025,2019-09-26,11202.531645569621,1265.8227848101267,0,False,0,No SL Hit
HCLTECH.EQ-NSE,2019-10-01,531.5,550.0,10.625,31.875,2019-10-31,-27986.829727187207,1317.027281279398,0,False,0,Intraday SL Hit
HCLTECH.EQ-NSE,2019-11-01,576.025,600.0,7.1,0.025,2019-11-28,8597.717112972527,1215.2250336356929,0,False,0,No SL Hit
HCLTECH.EQ-NSE,2019-12-02,562.45,580.0,7.25,0.05,2019-12-26,8960.7965152458,1244.5550715619165,0,False,0,No SL Hit
HCLTECH.EQ-NSE,2020-01-01,571.1,600.0,6.75,6.7,2020-01-30,61.28523901243193,1225.704780248643,0,False,0,No SL Hit
HCLTECH.EQ-NSE,2020-02-03,579.85,600.0,7.8,23.4,2020-02-12,-18832.4566698284,1207.208760886436,0,False,0,Intraday SL Hit
HCLTECH.EQ-NSE,2020-03-02,547.6,560.0,15.25,0.1,2020-03-26,19366.325785244702,1278.3053323593863,0,False,0,No SL Hit
SUNPHARMA.EQ-NSE,2019-01-01,432.7,450.0,9.75,0.05,2019-01-31,15692.16547261382,1617.7490177952393,0,False,0,No SL Hit
SUNPHARMA.EQ-NSE,2019-02-01,422.15,440.0,10.3,4.75,2019-02-28,9202.889968020847,1658.1783726163687,0,False,0,No SL Hit
SUNPHARMA.EQ-NSE,2019-03-01,447.4,470.0,7.5,4.8,2019-03-28,4224.4076888690215,1564.5954403218598,0,False,0,No SL Hit
SUNPHARMA.EQ-NSE,2019-04-01,480.0,500.0,9.0,0.05,2019-04-25,13052.083333333332,1458.3333333333333,0,False,0,No SL Hit
SUNPHARMA.EQ-NSE,2019-05-02,452.5,470.0,11.4,0.05,2019-05-30,17558.011049723755,1546.9613259668508,0,False,0,No SL Hit
SUNPHARMA.EQ-NSE,2019-06-03,417.0,430.0,7.7,0.05,2019-06-27,12841.726618705035,1678.6570743405275,0,False,0,No SL Hit
SUNPHARMA.EQ-NSE,2019-07-01,405.4,420.0,7.85,23.549999999999997,2019-07-22,-27109.028120374936,1726.689689195856,0,False,0,Intraday SL Hit
SUNPHARMA.EQ-NSE,2019-08-01,424.95,440.0,9.8,0.05,2019-08-29,16060.713025061774,1647.2526179550537,0,False,0,No SL Hit
SUNPHARMA.EQ-NSE,2019-09-03,438.5,450.0,12.15,0.05,2019-09-26,19315.849486887117,1596.351197263398,0,False,0,No SL Hit
SUNPHARMA.EQ-NSE,2019-10-01,388.2,410.0,8.75,26.25,2019-10-31,-31555.899021123132,1803.1942297784647,0,False,0,Intraday SL Hit
SUNPHARMA.EQ-NSE,2019-11-01,438.9,460.0,11.6,0.2,2019-11-28,18181.818181818184,1594.896331738437,0,False,0,No SL Hit
SUNPHARMA.EQ-NSE,2019-12-02,440.0,460.0,8.6,0.05,2019-12-26,13602.272727272726,1590.909090909091,0,False,0,No SL Hit
SUNPHARMA.EQ-NSE,2020-01-01,433.7,450.0,7.8,0.05,2020-01-30,12508.646529859348,1614.0189070786257,0,False,0,No SL Hit
SUNPHARMA.EQ-NSE,2020-02-03,417.3,430.0,9.8,0.05,2020-02-27,16355.140186915887,1677.4502755811166,0,False,0,No SL Hit
SUNPHARMA.EQ-NSE,2020-03-02,372.05,390.0,10.1,30.299999999999997,2020-03-04,-38005.64440263405,1881.4675446848541,0,False,0,Intraday SL Hit
SUNPHARMA.EQ-NSE,2020-04-01,344.95,360.0,15.65,46.95,2020-04-07,-63516.45165966083,2029.2796057399623,0,False,0,Intraday SL Hit
SUNPHARMA.EQ-NSE,2020-05-04,465.75,490.0,24.5,0.05,2020-05-28,36747.18196457327,1502.9522275899087,0,False,0,No SL Hit
SUNPHARMA.EQ-NSE,2020-06-01,465.95,490.0,13.0,1.5,2020-06-25,17276.531816718532,1502.3071144972637,0,False,0,No SL Hit
SUNPHARMA.EQ-NSE,2020-07-01,467.95,490.0,13.7,19.0,2020-07-30,-7928.19745699327,1495.8863126402393,0,False,0,No SL Hit
SUNPHARMA.EQ-NSE,2020-08-03,520.25,540.0,14.95,0.05,2020-08-27,20048.05382027871,1345.5069678039404,0,False,0,No SL Hit
SUNPHARMA.EQ-NSE,2020-09-01,524.0,550.0,15.95,0.05,2020-09-24,21240.458015267173,1335.8778625954199,0,False,0,No SL Hit
SUNPHARMA.EQ-NSE,2020-10-01,507.55,530.0,12.55,0.05,2020-10-29,17239.68081962368,1379.1744655698947,0,False,0,No SL Hit
SUNPHARMA.EQ-NSE,2020-11-02,468.35,490.0,13.25,22.0,2020-11-26,-13077.826411871463,1494.6087327853102,0,False,0,No SL Hit
SUNPHARMA.EQ-NSE,2020-12-01,540.65,570.0,14.0,19.5,2020-12-31,-7121.057985757885,1294.7378155923427,0,False,0,No SL Hit
SUNPHARMA.EQ-NSE,2021-01-01,597.7,630.0,15.25,0.05,2021-01-28,17801.572695332103,1171.1560983771121,0,False,0,No SL Hit
SUNPHARMA.EQ-NSE,2021-02-01,593.0,620.0,15.65,0.05,2021-02-25,18414.839797639124,1180.4384485666105,0,False,0,No SL Hit
SUNPHARMA.EQ-NSE,2021-03-01,606.0,640.0,14.0,0.05,2021-03-25,16113.861386138613,1155.1155115511551,0,False,0,No SL Hit
SUNPHARMA.EQ-NSE,2021-04-01,610.0,640.0,7.85,23.549999999999997,2021-04-12,-18016.393442622946,1147.5409836065573,0,False,0,Intraday SL Hit
SUNPHARMA.EQ-NSE,2021-05-03,659.1,680.0,21.0,22.2,2021-05-27,-1274.4651797906226,1062.0543164921862,0,False,0,No SL Hit
SUNPHARMA.EQ-NSE,2021-06-01,671.0,700.0,11.65,0.05,2021-06-24,12101.341281669149,1043.2190760059611,0,False,0,No SL Hit
SUNPHARMA.EQ-NSE,2021-07-01,683.95,710.0,8.3,0.05,2021-07-29,8443.599678339058,1023.4666276774617,0,False,0,No SL Hit
SUNPHARMA.EQ-NSE,2021-08-02,771.95,800.0,12.7,0.05,2021-08-26,11470.95019107455,906.7944815078696,0,False,0,No SL Hit
SUNPHARMA.EQ-NSE,2021-09-01,788.3,820.0,8.15,0.05,2021-09-30,7192.6931371305345,887.9868070531525,0,False,0,No SL Hit
SUNPHARMA.EQ-NSE,2021-10-01,826.0,860.0,23.3,0.05,2021-10-28,19703.389830508473,847.457627118644,0,False,0,No SL Hit
SUNPHARMA.EQ-NSE,2021-11-01,813.1,840.0,20.0,0.05,2021-11-25,17175.00922395769,860.9027179928668,0,False,0,No SL Hit
SUNPHARMA.EQ-NSE,2021-12-01,746.75,780.0,10.85,32.55,2021-12-28,-20341.479745564106,937.395379979913,0,False,0,Intraday SL Hit
SUNPHARMA.EQ-NSE,2022-01-03,850.15,880.0,10.75,0.05,2022-01-27,8810.209962947714,823.3841086867023,0,False,0,No SL Hit
SUNPHARMA.EQ-NSE,2022-02-01,890.8,920.0,9.6,0.05,2022-02-24,7504.490345756622,785.8105074090705,0,False,0,No SL Hit
SUNPHARMA.EQ-NSE,2022-03-02,820.1,850.0,13.45,40.349999999999994,2022-03-09,-22960.614559200094,853.5544445799293,0,False,0,Intraday SL Hit
SUNPHARMA.EQ-NSE,2022-04-01,911.9,940.0,13.95,0.05,2022-04-28,10670.029608509703,767.6280293891874,0,False,0,No SL Hit
SUNPHARMA.EQ-NSE,2022-05-02,923.05,950.0,16.3,0.05,2022-05-26,12323.276095552788,758.3554520340177,0,False,0,No SL Hit
SUNPHARMA.EQ-NSE,2022-06-01,842.1,870.0,16.6,0.05,2022-06-30,13757.273482959268,831.2551953449708,0,False,0,No SL Hit
SUNPHARMA.EQ-NSE,2022-07-01,830.8,860.0,11.45,34.349999999999994,2022-07-18,-19294.655753490606,842.5613866153105,0,False,0,Intraday SL Hit
SUNPHARMA.EQ-NSE,2022-08-01,916.25,950.0,11.8,0.05,2022-08-25,8976.807639836288,763.9836289222374,0,False,0,No SL Hit
SUNPHARMA.EQ-NSE,2022-09-01,873.0,900.0,15.1,45.3,2022-09-29,-24215.34936998854,801.8327605956472,0,False,0,Intraday SL Hit
SUNPHARMA.EQ-NSE,2022-10-03,944.95,970.0,17.9,38.0,2022-10-27,-14889.67670247103,740.7799354463199,0,False,0,No SL Hit
SUNPHARMA.EQ-NSE,2022-11-01,1031.85,1060.0,13.0,0.05,2022-11-24,8785.191646072588,678.3931773029026,0,False,0,No SL Hit
SUNPHARMA.EQ-NSE,2022-12-01,1045.05,1080.0,10.0,0.05,2022-12-29,6664.7528826371945,669.824410315296,0,False,0,No SL Hit
SUNPHARMA.EQ-NSE,2023-01-02,998.3,1030.0,9.15,8.8,2023-01-25,245.41720925573452,701.1920264449565,0,False,0,No SL Hit
SUNPHARMA.EQ-NSE,2023-02-01,1015.0,1040.0,9.0,0.05,2023-02-23,6172.413793103448,689.6551724137931,0,False,0,No SL Hit
SUNPHARMA.EQ-NSE,2023-03-01,958.0,990.0,7.5,6.05,2023-03-29,1059.498956158664,730.6889352818372,0,False,0,No SL Hit
SUNPHARMA.EQ-NSE,2023-04-03,979.9,1010.0,8.9,0.05,2023-04-27,6322.073680987856,714.3586080212267,0,False,0,No SL Hit
SUNPHARMA.EQ-NSE,2023-05-02,972.25,1000.0,9.75,0.05,2023-05-25,6983.8004628439185,719.9794291591669,0,False,0,No SL Hit
SUNPHARMA.EQ-NSE,2023-06-02,1001.5,1030.0,7.5,0.05,2023-06-28,5207.189216175736,698.9515726410384,0,False,0,No SL Hit
SUNPHARMA.EQ-NSE,2023-07-03,1035.2,1060.0,14.15,42.45,2023-07-20,-19136.39876352396,676.1978361669243,0,False,0,Intraday SL Hit
SUNPHARMA.EQ-NSE,2023-08-02,1140.0,1170.0,20.85,0.05,2023-08-31,12771.929824561403,614.0350877192982,0,False,0,No SL Hit
SUNPHARMA.EQ-NSE,2023-09-01,1110.0,1140.0,10.0,0.15,2023-09-28,6211.711711711711,630.6306306306307,0,False,0,No SL Hit
SUNPHARMA.EQ-NSE,2023-10-03,1140.0,1160.0,16.15,0.05,2023-10-26,9885.9649122807,614.0350877192982,0,False,0,No SL Hit
SUNPHARMA.EQ-NSE,2023-11-01,1117.0,1150.0,7.7,23.1,2023-11-07,-9650.850492390333,626.6786034019696,0,False,0,Intraday SL Hit
SUNPHARMA.EQ-NSE,2023-12-01,1228.0,1260.0,14.6,0.05,2023-12-28,8293.973941368078,570.0325732899023,0,False,0,No SL Hit
SUNPHARMA.EQ-NSE,2024-01-01,1260.0,1290.0,19.45,59.85,2024-01-23,-22444.44444444445,555.5555555555555,0,False,0,Overnight SL Hit
SUNPHARMA.EQ-NSE,2024-02-01,1407.65,1440.0,17.5,52.5,2024-02-07,-17404.894682627073,497.2827052179164,0,False,0,Intraday SL Hit
SUNPHARMA.EQ-NSE,2024-03-01,1562.1,1600.0,17.0,20.0,2024-03-28,-1344.3441521029386,448.11471736764616,0,False,0,No SL Hit
SUNPHARMA.EQ-NSE,2024-04-01,1625.0,1660.0,18.8,0.05,2024-05-30,8076.923076923077,430.7692307692308,0,False,0,No SL Hit
SUNPHARMA.EQ-NSE,2024-06-03,1455.0,1490.0,27.2,16.7,2024-06-27,5051.546391752578,481.0996563573883,0,False,0,No SL Hit
WIPRO.EQ-NSE,2019-01-01,246.525,255.0,4.3875,13.162500000000001,2019-01-25,-24916.337085488292,2839.468613730859,0,False,0,Intraday SL Hit
WIPRO.EQ-NSE,2019-02-01,278.25,288.75,3.75,0.0375,2019-02-28,9339.622641509435,2515.723270440252,0,False,0,No SL Hit
WIPRO.EQ-NSE,2019-03-01,282.15000000000003,292.5,2.9250000000000003,0.05,2019-03-28,7132.730816941343,2480.9498493709016,0,False,0,No SL Hit
WIPRO.EQ-NSE,2019-04-01,261.7,270.0,5.4,16.200000000000003,2019-04-15,-28888.039740160493,2674.8184944593045,0,False,0,Intraday SL Hit
WIPRO.EQ-NSE,2019-05-02,293.95,305.0,2.1,0.05,2019-05-30,4881.782616091174,2381.357373703011,0,False,0,No SL Hit
WIPRO.EQ-NSE,2019-06-03,291.7,305.0,0.95,0.05,2019-06-27,2159.7531710661638,2399.725745629071,0,False,0,No SL Hit
WIPRO.EQ-NSE,2019-07-01,282.05,295.0,1.35,0.05,2019-07-25,3226.3783017195533,2481.8294628611948,0,False,0,No SL Hit
WIPRO.EQ-NSE,2019-08-01,270.9,282.5,2.65,12.35,2020-07-21,-25064.599483204132,2583.9793281653747,0,False,0,Overnight SL Hit
WIPRO.EQ-NSE,2020-08-03,281.5,295.0,6.15,0.05,2020-08-27,15168.738898756661,2486.678507992895,0,False,0,No SL Hit
WIPRO.EQ-NSE,2020-09-01,272.15,285.0,5.4,16.200000000000003,2020-09-11,-27778.798456733428,2572.1109682160577,0,False,0,Intraday SL Hit
WIPRO.EQ-NSE,2020-10-01,313.3,330.0,7.5,26.95,2020-10-08,-43456.75071816151,2234.280242578998,0,False,0,Overnight SL Hit
WIPRO.EQ-NSE,2020-11-02,334.7,350.0,5.05,6.0,2020-11-26,-1986.853899014043,2091.425156856887,0,False,0,No SL Hit
WIPRO.EQ-NSE,2020-12-01,353.85,375.0,5.25,15.75,2020-12-23,-20771.513353115726,1978.2393669634025,0,False,0,Intraday SL Hit
WIPRO.EQ-NSE,2021-01-01,387.5,410.0,7.6,22.799999999999997,2021-01-08,-27458.064516129027,1806.4516129032259,0,False,0,Intraday SL Hit
WIPRO.EQ-NSE,2021-02-01,423.05,445.0,8.0,0.05,2021-02-25,13154.473466493322,1654.6507505023046,0,False,0,No SL Hit
WIPRO.EQ-NSE,2021-03-01,415.6,435.0,9.0,0.05,2021-03-25,15074.590952839268,1684.3118383060635,0,False,0,No SL Hit
WIPRO.EQ-NSE,2021-04-01,416.7,440.0,9.0,27.0,2021-04-16,-30237.580993520518,1679.86561075114,0,False,0,Intraday SL Hit
WIPRO.EQ-NSE,2021-05-03,486.5,510.0,9.05,27.150000000000002,2021-05-27,-26043.165467625902,1438.8489208633093,0,False,0,Intraday SL Hit
WIPRO.EQ-NSE,2021-06-01,542.6,565.0,8.2,0.05,2021-06-24,10514.190932546995,1290.0847769996315,0,False,0,No SL Hit
WIPRO.EQ-NSE,2021-07-01,539.6,565.0,9.05,27.150000000000002,2021-07-16,-23480.355819125278,1297.2572275759821,0,False,0,Intraday SL Hit
WIPRO.EQ-NSE,2021-08-02,595.0,620.0,7.1,21.299999999999997,2021-08-18,-16705.882352941175,1176.4705882352941,0,False,0,Intraday SL Hit
WIPRO.EQ-NSE,2021-09-01,640.75,670.0,8.85,26.549999999999997,2021-09-06,-19336.714787358556,1092.469761997659,0,False,0,Intraday SL Hit
WIPRO.EQ-NSE,2021-10-01,636.0,660.0,22.2,66.6,2021-10-14,-48867.92452830188,1100.6289308176101,0,False,0,Intraday SL Hit
WIPRO.EQ-NSE,2021-11-01,655.0,680.0,13.4,0.05,2021-11-25,14267.175572519083,1068.7022900763359,0,False,0,No SL Hit
WIPRO.EQ-NSE,2021-12-01,635.6,660.0,11.8,35.400000000000006,2021-12-21,-25991.189427312776,1101.3215859030836,0,False,0,Intraday SL Hit
WIPRO.EQ-NSE,2022-01-03,719.2,745.0,17.2,0.05,2022-01-27,16692.15795328142,973.3036707452725,0,False,0,No SL Hit
WIPRO.EQ-NSE,2022-02-01,577.5,595.0,11.8,0.05,2022-02-24,14242.42424242424,1212.121212121212,0,False,0,No SL Hit
WIPRO.EQ-NSE,2022-03-02,557.1,580.0,11.3,33.900000000000006,2022-03-17,-28397.056183809014,1256.5069107880092,0,False,0,Intraday SL Hit
WIPRO.EQ-NSE,2022-04-01,602.7,625.0,9.55,0.05,2022-04-28,11033.681765389083,1161.4401858304298,0,False,0,No SL Hit
WIPRO.EQ-NSE,2022-05-02,495.7,510.0,11.1,0.05,2022-05-26,15604.196086342545,1412.1444422029454,0,False,0,No SL Hit
WIPRO.EQ-NSE,2022-06-01,471.7,490.0,9.35,0.05,2022-06-30,13801.144795420816,1483.994064023744,0,False,0,No SL Hit
WIPRO.EQ-NSE,2022-07-01,422.6,440.0,9.8,0.05,2022-07-28,16150.023663038333,1656.412683388547,0,False,0,No SL Hit
WIPRO.EQ-NSE,2022-08-01,430.5,445.0,8.45,0.05,2022-08-25,13658.536585365851,1626.0162601626016,0,False,0,No SL Hit
WIPRO.EQ-NSE,2022-09-01,410.7,425.0,8.45,0.05,2022-09-29,14317.019722425126,1704.4071098125153,0,False,0,No SL Hit
WIPRO.EQ-NSE,2022-10-03,394.2,410.0,9.0,0.05,2022-10-27,15892.94774226281,1775.7483510908169,0,False,0,No SL Hit
WIPRO.EQ-NSE,2022-11-01,392.0,405.0,5.2,0.05,2022-11-24,9196.428571428572,1785.7142857142858,0,False,0,No SL Hit
WIPRO.EQ-NSE,2022-12-01,413.75,430.0,5.1,0.05,2022-12-29,8543.80664652568,1691.842900302115,0,False,0,No SL Hit
WIPRO.EQ-NSE,2023-01-02,393.35,405.0,5.9,0.05,2023-01-25,10410.575823058345,1779.5856107792042,0,False,0,No SL Hit
WIPRO.EQ-NSE,2023-02-01,402.0,415.0,4.85,0.05,2023-02-23,8358.208955223881,1741.2935323383085,0,False,0,No SL Hit
WIPRO.EQ-NSE,2023-03-01,390.2,405.0,3.85,0.05,2023-03-29,6817.0169144028705,1793.9518195797027,0,False,0,No SL Hit
WIPRO.EQ-NSE,2023-04-03,368.2,380.0,4.05,0.05,2023-04-27,7604.5627376425855,1901.1406844106464,0,False,0,No SL Hit
WIPRO.EQ-NSE,2023-05-02,387.9,400.0,3.45,0.05,2023-05-25,6135.601959267854,1804.5888115493685,0,False,0,No SL Hit
WIPRO.EQ-NSE,2023-06-02,405.35,417.5,2.8,0.05,2023-06-28,4748.982360922659,1726.9026766991487,0,False,0,No SL Hit
WIPRO.EQ-NSE,2023-07-03,392.2,402.5,5.6,16.799999999999997,2023-07-17,-19989.80112187659,1784.8036715961246,0,False,0,Intraday SL Hit
WIPRO.EQ-NSE,2023-08-02,402.75,415.0,5.4,0.05,2023-08-31,9298.572315332092,1738.0509000620732,0,False,0,No SL Hit
WIPRO.EQ-NSE,2023-09-01,416.7,427.5,6.3,0.1,2023-09-28,10415.166786657068,1679.86561075114,0,False,0,No SL Hit
WIPRO.EQ-NSE,2023-10-03,405.6,415.0,7.6,0.05,2023-10-26,13030.07889546351,1725.8382642998026,0,False,0,No SL Hit
WIPRO.EQ-NSE,2023-11-01,381.0,390.0,5.0,15.0,2023-11-23,-18372.70341207349,1837.270341207349,0,False,0,Intraday SL Hit
WIPRO.EQ-NSE,2023-12-01,407.3,417.5,6.65,19.950000000000003,2023-12-14,-22857.844340780757,1718.634912840658,0,False,0,Intraday SL Hit
WIPRO.EQ-NSE,2024-01-01,475.2,487.5,14.35,0.05,2024-01-25,21064.814814814814,1473.0639730639732,0,False,0,No SL Hit
WIPRO.EQ-NSE,2024-02-01,471.4,485.0,9.85,29.549999999999997,2024-02-12,-29253.288078065332,1484.938481120068,0,False,0,Intraday SL Hit
WIPRO.EQ-NSE,2024-03-01,519.3,535.0,14.15,0.05,2024-03-28,19006.354708261122,1347.9684190256114,0,False,0,No SL Hit
WIPRO.EQ-NSE,2024-04-01,485.0,500.0,9.7,0.05,2024-04-25,13927.83505154639,1443.298969072165,0,False,0,No SL Hit
WIPRO.EQ-NSE,2024-05-02,457.8,470.0,9.05,0.05,2024-05-30,13761.467889908256,1529.051987767584,0,False,0,No SL Hit
WIPRO.EQ-NSE,2024-06-03,445.0,460.0,8.5,25.5,2024-06-07,-26741.573033707864,1573.0337078651685,0,False,0,Intraday SL Hit
ULTRACEMCO.EQ-NSE,2019-01-01,4009.8999,4200.0,60.45,0.05,2019-01-31,10543.904100947759,174.56794869118804,0,False,0,No SL Hit
ULTRACEMCO.EQ-NSE,2019-02-01,3481.0,3600.0,69.5,208.5,2019-02-26,-27951.73800632002,201.09164033323756,0,False,0,Intraday SL Hit
ULTRACEMCO.EQ-NSE,2019-03-01,3895.0,4100.0,40.55,0.05,2019-03-28,7278.562259306803,179.7175866495507,0,False,0,No SL Hit
ULTRACEMCO.EQ-NSE,2019-04-01,4030.0,4200.0,82.0,246.0,2019-04-25,-28486.3523573201,173.697270471464,0,False,0,Intraday SL Hit
ULTRACEMCO.EQ-NSE,2019-05-02,4614.0,4800.0,73.9,0.05,2019-05-30,11203.94451668834,151.71218032076288,0,False,0,No SL Hit
ULTRACEMCO.EQ-NSE,2019-06-03,4754.75,4950.0,57.6,0.05,2019-06-27,8472.58005152742,147.2211998527788,0,False,0,No SL Hit
ULTRACEMCO.EQ-NSE,2019-07-01,4520.3501,4700.0,57.2,0.05,2019-07-25,8849.978235092898,154.85526220634992,0,False,0,No SL Hit
ULTRACEMCO.EQ-NSE,2019-08-01,4236.3999,4400.0,80.7,0.05,2019-08-29,13326.173480459198,165.23463707946928,0,False,0,No SL Hit
ULTRACEMCO.EQ-NSE,2019-09-03,3875.0,4000.0,89.1,267.29999999999995,2019-09-20,-32190.967741935478,180.6451612903226,0,False,0,Intraday SL Hit
ULTRACEMCO.EQ-NSE,2019-10-01,4218.0,4400.0,77.0,0.05,2019-10-31,12770.27027027027,165.95542911332385,0,False,0,No SL Hit
ULTRACEMCO.EQ-NSE,2019-11-01,4168.9502,4350.0,66.25,0.05,2019-11-28,11115.508167979555,167.90797836827122,0,False,0,No SL Hit
ULTRACEMCO.EQ-NSE,2019-12-02,4286.9502,4450.0,60.55,181.64999999999998,2020-01-24,-19773.964250856,163.2862448460446,0,False,0,Intraday SL Hit
ULTRACEMCO.EQ-NSE,2020-02-03,4372.0,4550.0,57.65,0.05,2020-02-27,9222.323879231473,160.10978956999085,0,False,0,No SL Hit
ULTRACEMCO.EQ-NSE,2020-03-02,4152.0,4300.0,92.0,3.2,2020-03-26,14971.098265895953,168.59344894026975,0,False,0,No SL Hit
ULTRACEMCO.EQ-NSE,2020-04-01,3142.0,3300.0,180.5,230.0,2020-04-30,-11028.007638446848,222.78803309993634,0,False,0,No SL Hit
ULTRACEMCO.EQ-NSE,2020-05-04,3340.3,3500.0,138.0,315.0,2020-05-28,-37092.476723647575,209.5620153878394,0,False,0,No SL Hit
ULTRACEMCO.EQ-NSE,2020-06-01,3820.0,4000.0,92.35,0.45,2020-06-25,16840.314136125653,183.2460732984293,0,False,0,No SL Hit
ULTRACEMCO.EQ-NSE,2020-07-01,3892.7,4100.0,71.55,40.0,2020-07-30,5673.440028771804,179.8237727027513,0,False,0,No SL Hit
ULTRACEMCO.EQ-NSE,2020-08-03,4039.0,4250.0,80.0,0.05,2020-08-27,13856.152512998267,173.3102253032929,0,False,0,No SL Hit
ULTRACEMCO.EQ-NSE,2020-09-01,3924.1499,4100.0,81.95,0.05,2020-09-24,14609.53364701996,178.3825842126979,0,False,0,No SL Hit
ULTRACEMCO.EQ-NSE,2020-10-01,4100.0,4300.0,64.0,192.0,2020-10-13,-21853.658536585364,170.73170731707316,0,False,0,Intraday SL Hit
ULTRACEMCO.EQ-NSE,2020-11-02,4547.8999,4750.0,84.55,59.45,2020-11-26,3863.3216179626106,153.9171959347654,0,False,0,No SL Hit
ULTRACEMCO.EQ-NSE,2020-12-01,4904.6001,5200.0,63.0,189.0,2020-12-04,-17983.1175226702,142.72315494182698,0,False,0,Intraday SL Hit
ULTRACEMCO.EQ-NSE,2021-01-01,5292.0,5600.0,90.1,270.29999999999995,2021-01-25,-23835.978835978833,132.27513227513228,0,False,0,Intraday SL Hit
ULTRACEMCO.EQ-NSE,2021-02-01,5750.0,6000.0,111.0,333.0,2021-02-02,-27026.08695652174,121.73913043478261,0,False,0,Intraday SL Hit
ULTRACEMCO.EQ-NSE,2021-03-01,6362.0,6700.0,120.0,360.0,2021-03-05,-26406.79031751022,110.02829298962591,0,False,0,Intraday SL Hit
ULTRACEMCO.EQ-NSE,2021-04-01,6888.0,7200.0,126.75,0.1,2021-04-29,12870.934959349594,101.6260162601626,0,False,0,No SL Hit
ULTRACEMCO.EQ-NSE,2021-05-03,6342.0,6600.0,159.15,85.0,2021-05-27,8184.326710816777,110.37527593818984,0,False,0,No SL Hit
ULTRACEMCO.EQ-NSE,2021-06-01,6604.8999,6800.0,126.5,155.0,2021-06-24,-3020.4848373250893,105.9819241166698,0,False,0,No SL Hit
ULTRACEMCO.EQ-NSE,2021-07-01,6712.0,7000.0,93.5,280.5,2021-07-14,-19502.38379022646,104.29082240762813,0,False,0,Intraday SL Hit
ULTRACEMCO.EQ-NSE,2021-08-02,7649.0,7900.0,101.1,0.05,2021-08-26,9247.614067198327,91.51523074911753,0,False,0,No SL Hit
ULTRACEMCO.EQ-NSE,2021-09-01,7761.0498,8100.0,110.8,0.05,2021-09-30,9988.9837068176,90.1939838087368,0,False,0,No SL Hit
ULTRACEMCO.EQ-NSE,2021-10-01,7482.0,7800.0,217.0,0.05,2021-10-28,20297.38037957765,93.55787222667736,0,False,0,No SL Hit
ULTRACEMCO.EQ-NSE,2021-11-01,7770.0,8000.0,128.0,384.0,2021-11-08,-23063.063063063062,90.09009009009009,0,False,0,Intraday SL Hit
ULTRACEMCO.EQ-NSE,2021-12-01,7320.0,7600.0,139.95,0.1,2021-12-30,13373.63387978142,95.62841530054645,0,False,0,No SL Hit
ULTRACEMCO.EQ-NSE,2022-01-03,7712.0,8000.0,110.0,0.05,2022-01-27,9979.901452282158,90.76763485477179,0,False,0,No SL Hit
ULTRACEMCO.EQ-NSE,2022-02-01,7535.0,7800.0,93.9,0.05,2022-02-24,8718.646317186463,92.899800928998,0,False,0,No SL Hit
ULTRACEMCO.EQ-NSE,2022-03-02,6411.1499,6600.0,197.0,5.0,2022-03-31,20963.47801819452,109.18478134476312,0,False,0,No SL Hit
ULTRACEMCO.EQ-NSE,2022-04-01,6656.0498,6900.0,135.7,0.05,2022-04-28,14265.968983585428,105.16748237069982,0,False,0,No SL Hit
ULTRACEMCO.EQ-NSE,2022-05-02,6660.0,6900.0,103.9,0.15,2022-05-26,10904.654654654656,105.10510510510511,0,False,0,No SL Hit
ULTRACEMCO.EQ-NSE,2022-06-01,5976.7998,6200.0,111.0,0.05,2022-06-30,12994.412160166383,117.11953276400526,0,False,0,No SL Hit
ULTRACEMCO.EQ-NSE,2022-07-01,5690.0,5900.0,86.0,258.0,2022-07-20,-21159.92970123023,123.02284710017575,0,False,0,Intraday SL Hit
ULTRACEMCO.EQ-NSE,2022-08-01,6656.0,6900.0,73.4,0.05,2022-08-25,7714.092548076924,105.16826923076923,0,False,0,No SL Hit
ULTRACEMCO.EQ-NSE,2022-09-01,6627.0,6900.0,98.0,0.05,2022-09-29,10346.310547759167,105.62848951259997,0,False,0,No SL Hit
ULTRACEMCO.EQ-NSE,2022-10-03,6238.0,6500.0,129.0,0.05,2022-10-27,14470.182750881691,112.21545367104841,0,False,0,No SL Hit
ULTRACEMCO.EQ-NSE,2022-11-01,6846.0,7100.0,88.4,0.05,2022-11-24,9033.742331288344,102.24948875255623,0,False,0,No SL Hit
ULTRACEMCO.EQ-NSE,2022-12-01,7285.0,7600.0,96.6,0.05,2022-12-29,9277.282086479066,96.08785175017158,0,False,0,No SL Hit
ULTRACEMCO.EQ-NSE,2023-01-02,7014.9502,7300.0,87.0,0.05,2023-01-25,8676.469292682934,99.78688088191987,0,False,0,No SL Hit
ULTRACEMCO.EQ-NSE,2023-02-01,7119.0,7400.0,70.0,0.05,2023-02-23,6878.0727630285155,98.32841691248771,0,False,0,No SL Hit
ULTRACEMCO.EQ-NSE,2023-03-01,7271.0,7500.0,90.2,70.05,2023-03-29,1939.8982258286348,96.27286480539128,0,False,0,No SL Hit
ULTRACEMCO.EQ-NSE,2023-04-03,7643.0,7850.0,85.2,0.05,2023-04-27,7798.63927777051,91.58707313881983,0,False,0,No SL Hit
ULTRACEMCO.EQ-NSE,2023-05-02,7458.0,7650.0,84.75,254.25,2023-05-11,-15909.090909090908,93.85894341646554,0,False,0,Intraday SL Hit
ULTRACEMCO.EQ-NSE,2023-06-02,7841.0,8100.0,75.0,225.0,2023-06-08,-13391.149088126514,89.27432725417677,0,False,0,Intraday SL Hit
ULTRACEMCO.EQ-NSE,2023-07-03,8435.0498,8650.0,115.3,0.1,2023-07-27,9560.109532489067,82.9870619139676,0,False,0,No SL Hit
ULTRACEMCO.EQ-NSE,2023-08-02,8280.2998,8500.0,121.2,0.05,2023-08-31,10241.778926893443,84.53800187283073,0,False,0,No SL Hit
ULTRACEMCO.EQ-NSE,2023-09-01,8269.9,8500.0,99.0,0.05,2023-09-28,8375.554722548037,84.64431250680178,0,False,0,No SL Hit
ULTRACEMCO.EQ-NSE,2023-10-03,8284.3,8500.0,115.3,0.1,2023-10-26,9734.075299059668,84.49718141544851,0,False,0,No SL Hit
ULTRACEMCO.EQ-NSE,2023-11-01,8371.0,8600.0,74.0,222.0,2023-11-15,-12376.060207860472,83.62202843148967,0,False,0,Intraday SL Hit
ULTRACEMCO.EQ-NSE,2023-12-01,9040.0,9250.0,125.15,375.45000000000005,2023-12-11,-19381.637168141595,77.43362831858407,0,False,0,Intraday SL Hit
ULTRACEMCO.EQ-NSE,2024-01-01,10459.5,10700.0,177.55,0.1,2024-01-25,11875.806682919834,66.92480520101343,0,False,0,No SL Hit
ULTRACEMCO.EQ-NSE,2024-02-01,9929.9,10200.0,161.0,0.1,2024-02-29,11342.511002124897,70.49416409027282,0,False,0,No SL Hit
ULTRACEMCO.EQ-NSE,2024-03-01,10107.0,10400.0,139.95,0.05,2024-03-28,9689.324230731174,69.25892945483328,0,False,0,No SL Hit
ULTRACEMCO.EQ-NSE,2024-04-01,9957.1,10200.0,134.4,0.05,2024-04-25,9445.019132076608,70.30159383756315,0,False,0,No SL Hit
ULTRACEMCO.EQ-NSE,2024-05-02,9981.05,10200.0,171.0,0.05,2024-05-30,11989.219571087211,70.13290184900387,0,False,0,No SL Hit
ULTRACEMCO.EQ-NSE,2024-06-03,10450.0,10700.0,226.6,1050.0,2024-06-27,-55155.98086124402,66.98564593301435,0,False,0,Overnight SL Hit
TITAN.EQ-NSE,2019-01-01,927.0,960.0,21.25,28.2,2019-01-31,-5248.112189859762,755.1240560949299,0,False,0,No SL Hit
TITAN.EQ-NSE,2019-02-01,992.3,1040.0,24.6,0.05,2019-02-28,17318.35130504888,705.4318250529075,0,False,0,No SL Hit
TITAN.EQ-NSE,2019-03-01,1022.8,1060.0,16.65,49.949999999999996,2019-03-15,-22790.379350801722,684.395776300352,0,False,0,Intraday SL Hit
TITAN.EQ-NSE,2019-04-01,1121.0,1160.0,19.0,0.05,2019-04-25,11833.184656556647,624.442462087422,0,False,0,No SL Hit
TITAN.EQ-NSE,2019-05-02,1141.0,1180.0,28.5,85.5,2019-05-23,-34969.32515337424,613.4969325153374,0,False,0,Intraday SL Hit
TITAN.EQ-NSE,2019-06-03,1268.85,1320.0,12.15,7.3,2019-06-27,2675.651180202546,551.6806557118651,0,False,0,No SL Hit
TITAN.EQ-NSE,2019-07-01,1323.2,1380.0,13.15,0.05,2019-07-25,6930.169286577992,529.0205562273277,0,False,0,No SL Hit
TITAN.EQ-NSE,2019-08-01,1061.0,1100.0,24.8,0.5,2019-08-29,16032.045240339303,659.7549481621112,0,False,0,No SL Hit
TITAN.EQ-NSE,2019-09-03,1057.15,1100.0,19.25,62.5,2019-09-17,-28638.320011351272,662.1576881237288,0,False,0,Overnight SL Hit
TITAN.EQ-NSE,2019-10-01,1281.0,1340.0,23.95,0.15,2019-10-31,13005.464480874318,546.448087431694,0,False,0,No SL Hit
TITAN.EQ-NSE,2019-11-01,1303.0,1360.0,32.45,0.05,2019-11-28,17405.98618572525,537.2217958557176,0,False,0,No SL Hit
TITAN.EQ-NSE,2019-12-02,1153.15,1200.0,14.95,0.05,2019-12-26,9044.79035684863,607.0329098556128,0,False,0,No SL Hit
TITAN.EQ-NSE,2020-01-01,1155.0,1200.0,20.3,0.05,2020-01-30,12272.727272727272,606.060606060606,0,False,0,No SL Hit
TITAN.EQ-NSE,2020-02-03,1184.0,1220.0,25.55,76.65,2020-02-05,-30211.148648648654,591.2162162162163,0,False,0,Intraday SL Hit
TITAN.EQ-NSE,2020-03-02,1248.0,1300.0,21.0,0.05,2020-03-26,11750.801282051281,560.8974358974359,0,False,0,No SL Hit
TITAN.EQ-NSE,2020-04-01,935.0,980.0,48.5,0.05,2020-04-30,36272.72727272727,748.663101604278,0,False,0,No SL Hit
TITAN.EQ-NSE,2020-05-04,893.95,940.0,39.7,0.05,2020-05-28,31047.597740365793,783.0415571340678,0,False,0,No SL Hit
TITAN.EQ-NSE,2020-06-01,958.5,1020.0,20.85,62.550000000000004,2020-06-08,-30453.834115805945,730.3077725612936,0,False,0,Intraday SL Hit
TITAN.EQ-NSE,2020-07-01,949.0,1010.0,20.35,61.050000000000004,2020-07-22,-30021.074815595366,737.6185458377239,0,False,0,Intraday SL Hit
TITAN.EQ-NSE,2020-08-03,1077.0,1140.0,29.45,0.3,2020-08-27,18946.14670380687,649.9535747446611,0,False,0,No SL Hit
TITAN.EQ-NSE,2020-09-01,1122.0,1180.0,18.0,54.0,2020-09-15,-22459.893048128342,623.885918003565,0,False,0,Intraday SL Hit
TITAN.EQ-NSE,2020-10-01,1196.55,1260.0,18.0,54.0,2020-10-07,-21060.54907860098,585.0152521833605,0,False,0,Intraday SL Hit
TITAN.EQ-NSE,2020-11-02,1168.3,1240.0,16.75,50.25,2020-11-06,-20071.899340922708,599.1611743559017,0,False,0,Intraday SL Hit
TITAN.EQ-NSE,2020-12-01,1343.0,1420.0,22.3,66.9,2020-12-14,-23246.46314221892,521.2211466865227,0,False,0,Intraday SL Hit
TITAN.EQ-NSE,2021-01-01,1558.0,1640.0,28.7,0.05,2021-01-28,12872.27214377407,449.29396662387677,0,False,0,No SL Hit
TITAN.EQ-NSE,2021-02-01,1505.75,1580.0,27.7,0.05,2021-02-25,12854.059438817865,464.8846089988378,0,False,0,No SL Hit
TITAN.EQ-NSE,2021-03-01,1454.0,1540.0,21.7,0.05,2021-03-25,10422.971114167813,481.4305364511692,0,False,0,No SL Hit
TITAN.EQ-NSE,2021-04-01,1553.0,1620.0,24.75,0.05,2021-04-29,11133.290405666452,450.7405022537025,0,False,0,No SL Hit
TITAN.EQ-NSE,2021-05-03,1423.7,1480.0,27.1,81.30000000000001,2021-05-20,-26648.87265575613,491.6766172648732,0,False,0,Intraday SL Hit
TITAN.EQ-NSE,2021-06-01,1590.3,1640.0,30.4,91.19999999999999,2021-06-08,-26762.246117084822,440.1685216625794,0,False,0,Intraday SL Hit
TITAN.EQ-NSE,2021-07-01,1742.9,1820.0,17.0,0.1,2021-07-29,6787.538011360376,401.6294681278329,0,False,0,No SL Hit
TITAN.EQ-NSE,2021-08-02,1775.3,1840.0,33.65,0.05,2021-08-26,13248.465048160875,394.2995550047879,0,False,0,No SL Hit
TITAN.EQ-NSE,2021-09-01,1943.9,2020.0,22.0,66.0,2021-09-08,-15844.436442203816,360.1008282319049,0,False,0,Intraday SL Hit
TITAN.EQ-NSE,2021-10-01,2160.0,2240.0,53.3,159.89999999999998,2021-10-07,-34546.29629629629,324.0740740740741,0,False,0,Intraday SL Hit
TITAN.EQ-NSE,2021-11-01,2407.8,2500.0,54.0,0.05,2021-11-25,15684.442229421049,290.72182074923165,0,False,0,No SL Hit
TITAN.EQ-NSE,2021-12-01,2364.0,2460.0,41.15,0.25,2021-12-30,12110.829103214888,296.1082910321489,0,False,0,No SL Hit
TITAN.EQ-NSE,2022-01-03,2529.75,2620.0,37.1,111.30000000000001,2022-01-07,-20531.67309022631,276.7071845043977,0,False,0,Intraday SL Hit
TITAN.EQ-NSE,2022-02-01,2436.05,2520.0,46.45,0.05,2022-02-24,13333.059666263009,287.35042384187517,0,False,0,No SL Hit
TITAN.EQ-NSE,2022-03-02,2590.0,2700.0,45.0,0.05,2022-03-31,12148.648648648648,270.27027027027026,0,False,0,No SL Hit
TITAN.EQ-NSE,2022-04-01,2526.0,2620.0,50.4,0.05,2022-04-28,13952.889944576407,277.11797307996835,0,False,0,No SL Hit
TITAN.EQ-NSE,2022-05-02,2386.0,2480.0,40.05,0.05,2022-05-26,11735.12154233026,293.3780385582565,0,False,0,No SL Hit
TITAN.EQ-NSE,2022-06-01,2195.0,2300.0,39.0,0.05,2022-06-30,12421.412300683372,318.90660592255125,0,False,0,No SL Hit
TITAN.EQ-NSE,2022-07-01,1943.55,2020.0,42.55,130.0,2022-07-07,-31496.488384656943,360.1656762110571,0,False,0,Overnight SL Hit
TITAN.EQ-NSE,2022-08-01,2375.6001,2480.0,41.6,0.1,2022-08-25,12228.489129967624,294.66238867391866,0,False,0,No SL Hit
TITAN.EQ-NSE,2022-09-01,2625.0,2740.0,36.5,0.05,2022-09-29,9720.000000000002,266.6666666666667,0,False,0,No SL Hit
TITAN.EQ-NSE,2022-10-03,2577.3,2680.0,47.15,27.5,2022-10-27,5336.980561052263,271.6020641756877,0,False,0,No SL Hit
TITAN.EQ-NSE,2022-11-01,2755.0,2860.0,46.0,0.05,2022-11-24,11675.136116152451,254.08348457350272,0,False,0,No SL Hit
TITAN.EQ-NSE,2022-12-01,2636.95,2740.0,29.9,0.05,2022-12-29,7923.927264453251,265.4581998141793,0,False,0,No SL Hit
TITAN.EQ-NSE,2023-01-02,2565.3501,2660.0,34.95,0.05,2023-01-25,9523.06665667193,272.86723944618706,0,False,0,No SL Hit
TITAN.EQ-NSE,2023-02-01,2345.0,2420.0,33.0,99.0,2023-02-13,-19701.492537313436,298.5074626865672,0,False,0,Intraday SL Hit
TITAN.EQ-NSE,2023-03-01,2383.5,2480.0,21.5,47.0,2023-03-29,-7488.98678414097,293.68575624082234,0,False,0,No SL Hit
TITAN.EQ-NSE,2023-04-03,2536.0,2620.0,27.0,42.0,2023-04-27,-4140.378548895899,276.02523659305996,0,False,0,No SL Hit
TITAN.EQ-NSE,2023-05-02,2664.0,2740.0,36.65,0.35,2023-05-25,9538.288288288288,262.76276276276275,0,False,0,No SL Hit
TITAN.EQ-NSE,2023-06-02,2853.75,2940.0,29.0,87.0,2023-06-19,-14226.894437144108,245.29128339903636,0,False,0,Intraday SL Hit
TITAN.EQ-NSE,2023-07-03,3042.0,3120.0,38.05,114.14999999999999,2023-07-07,-17511.505588428667,230.11176857330705,0,False,0,Intraday SL Hit
TITAN.EQ-NSE,2023-08-02,2961.0,3040.0,63.35,70.0,2023-08-31,-1572.1040189125292,236.4066193853428,0,False,0,No SL Hit
TITAN.EQ-NSE,2023-09-01,3117.0,3200.0,35.5,106.5,2023-09-14,-15944.818735964069,224.5749117741418,0,False,0,Intraday SL Hit
TITAN.EQ-NSE,2023-10-03,3191.0,3260.0,51.05,0.05,2023-10-26,11187.715449702288,219.36696960200564,0,False,0,No SL Hit
TITAN.EQ-NSE,2023-11-01,3179.0,3260.0,41.7,125.10000000000001,2023-11-21,-18364.265492293176,220.1950298836112,0,False,0,Intraday SL Hit
TITAN.EQ-NSE,2023-12-01,3487.95,3580.0,38.55,118.0,2023-12-28,-15944.895999082557,200.69095027164954,0,False,0,Overnight SL Hit
TITAN.EQ-NSE,2024-01-01,3679.85,3760.0,66.4,6.0,2024-01-25,11489.598760819057,190.2251450466731,0,False,0,No SL Hit
TITAN.EQ-NSE,2024-02-01,3630.0,3720.0,70.35,0.05,2024-02-29,13556.473829201102,192.8374655647383,0,False,0,No SL Hit
TITAN.EQ-NSE,2024-03-01,3761.05,3860.0,55.4,0.1,2024-03-28,10292.33857566371,186.11823825793329,0,False,0,No SL Hit
TITAN.EQ-NSE,2024-04-01,3745.95,3820.0,69.5,0.05,2024-04-25,12978.016257558163,186.86848463006714,0,False,0,No SL Hit
TITAN.EQ-NSE,2024-05-02,3574.1,3660.0,76.0,0.05,2024-05-30,14875.073445063093,195.85350158081755,0,False,0,No SL Hit
TITAN.EQ-NSE,2024-06-03,3260.0,3340.0,71.0,230.0,2024-06-18,-34141.10429447852,214.72392638036808,0,False,0,Overnight SL Hit
TECHM.EQ-NSE,2019-01-01,720.6,760.0,11.6,0.05,2019-01-31,11219.816819317233,971.4127116291978,0,False,0,No SL Hit
TECHM.EQ-NSE,2019-02-01,749.0,780.0,16.2,48.599999999999994,2019-02-06,-30280.373831775694,934.5794392523364,0,False,0,Intraday SL Hit
TECHM.EQ-NSE,2019-03-01,830.25,860.0,10.35,0.05,2019-03-28,8684.131285757301,843.1195423065342,0,False,0,No SL Hit
TECHM.EQ-NSE,2019-04-01,783.9,810.0,14.9,5.0,2019-04-25,8840.41331802526,892.9710422247736,0,False,0,No SL Hit
TECHM.EQ-NSE,2019-05-02,836.0,870.0,13.6,0.05,2019-05-30,11345.693779904306,837.3205741626795,0,False,0,No SL Hit
TECHM.EQ-NSE,2019-06-03,758.7,790.0,8.55,0.05,2019-06-27,7842.361934888625,922.63081586925,0,False,0,No SL Hit
TECHM.EQ-NSE,2019-07-01,704.5,730.0,8.2,0.05,2019-07-25,8097.941802696946,993.6124911284599,0,False,0,No SL Hit
TECHM.EQ-NSE,2019-08-01,625.3,650.0,9.55,28.650000000000002,2019-08-06,-21381.736766352155,1119.4626579241965,0,False,0,Intraday SL Hit
TECHM.EQ-NSE,2019-09-03,703.0,730.0,10.0,0.05,2019-09-26,9907.539118065433,995.7325746799431,0,False,0,No SL Hit
TECHM.EQ-NSE,2019-10-01,704.85,740.0,10.6,1.0,2019-10-31,9533.943392211107,993.1191033553238,0,False,0,No SL Hit
TECHM.EQ-NSE,2019-11-01,758.25,790.0,18.4,0.05,2019-11-28,16940.323112429935,923.1783712495878,0,False,0,No SL Hit
TECHM.EQ-NSE,2019-12-02,748.0,780.0,7.7,0.1,2019-12-26,7112.299465240642,935.8288770053476,0,False,0,No SL Hit
TECHM.EQ-NSE,2020-01-01,761.9,790.0,10.35,1.75,2020-01-30,7901.299383121144,918.7557422233889,0,False,0,No SL Hit
TECHM.EQ-NSE,2020-02-03,793.2,820.0,10.3,0.05,2020-02-27,9045.637922339889,882.5012607160867,0,False,0,No SL Hit
TECHM.EQ-NSE,2020-03-02,744.4,770.0,13.15,0.05,2020-03-26,12318.645889306825,940.3546480386889,0,False,0,No SL Hit
TECHM.EQ-NSE,2020-04-01,511.9,540.0,25.5,8.5,2020-04-30,23246.72787653839,1367.4545809728463,0,False,0,No SL Hit
TECHM.EQ-NSE,2020-05-04,504.7,530.0,16.6,0.35,2020-05-28,22538.141470180308,1386.9625520110958,0,False,0,No SL Hit
TECHM.EQ-NSE,2020-06-01,541.75,570.0,11.0,33.0,2020-06-05,-28426.395939086295,1292.1089063221043,0,False,0,Intraday SL Hit
TECHM.EQ-NSE,2020-07-01,546.75,580.0,10.7,33.2,2020-07-15,-28806.58436213992,1280.2926383173296,0,False,0,Overnight SL Hit
TECHM.EQ-NSE,2020-08-03,674.5,710.0,15.65,28.0,2020-08-27,-12816.901408450703,1037.8057820607858,0,False,0,No SL Hit
TECHM.EQ-NSE,2020-09-01,735.8,770.0,14.8,44.400000000000006,2020-09-17,-28159.826039684704,951.3454743136723,0,False,0,Intraday SL Hit
TECHM.EQ-NSE,2020-10-01,821.85,870.0,15.7,47.099999999999994,2020-10-08,-26744.53975786335,851.7369349638011,0,False,0,Intraday SL Hit
TECHM.EQ-NSE,2020-11-02,812.0,850.0,16.4,8.0,2020-11-26,7241.379310344826,862.0689655172414,0,False,0,No SL Hit
TECHM.EQ-NSE,2020-12-01,910.05,960.0,19.5,5.0,2020-12-31,11153.233338827536,769.188506126037,0,False,0,No SL Hit
TECHM.EQ-NSE,2021-01-01,975.95,1040.0,19.7,59.099999999999994,2021-01-11,-28259.644448998406,717.2498591116348,0,False,0,Intraday SL Hit
TECHM.EQ-NSE,2021-02-01,947.95,1000.0,18.0,0.05,2021-02-25,13254.918508360146,738.435571496387,0,False,0,No SL Hit
TECHM.EQ-NSE,2021-03-01,937.95,990.0,20.35,2.4,2021-03-25,13396.23647315955,746.3084386161308,0,False,0,No SL Hit
TECHM.EQ-NSE,2021-04-01,992.0,1040.0,19.9,0.05,2021-04-29,14007.056451612902,705.6451612903226,0,False,0,No SL Hit
TECHM.EQ-NSE,2021-05-03,956.7,1000.0,19.0,30.0,2021-05-27,-8048.500052262987,731.6818229329988,0,False,0,No SL Hit
TECHM.EQ-NSE,2021-06-01,1030.0,1060.0,21.3,18.0,2021-06-24,2242.7184466019426,679.6116504854369,0,False,0,No SL Hit
TECHM.EQ-NSE,2021-07-01,1085.65,1140.0,10.5,0.05,2021-07-29,6737.89895454336,644.7750195735273,0,False,0,No SL Hit
TECHM.EQ-NSE,2021-08-02,1206.0,1260.0,13.3,39.900000000000006,2021-08-09,-15439.469320066337,580.4311774461028,0,False,0,Intraday SL Hit
TECHM.EQ-NSE,2021-09-01,1434.4,1500.0,20.1,60.300000000000004,2021-09-24,-19617.958728388177,488.00892359174566,0,False,0,Intraday SL Hit
TECHM.EQ-NSE,2021-10-01,1368.9,1420.0,47.25,141.75,2021-10-19,-48323.471400394475,511.35948571846006,0,False,0,Intraday SL Hit
TECHM.EQ-NSE,2021-11-01,1523.9,1580.0,29.95,0.05,2021-11-25,13734.497014239778,459.34772622875516,0,False,0,No SL Hit
TECHM.EQ-NSE,2021-12-01,1588.75,1660.0,25.35,76.05000000000001,2021-12-24,-22338.316286388676,440.59795436664047,0,False,0,Intraday SL Hit
TECHM.EQ-NSE,2022-01-03,1783.8,1840.0,40.0,0.05,2022-01-27,15677.20596479426,392.42067496356094,0,False,0,No SL Hit
TECHM.EQ-NSE,2022-02-01,1514.0,1560.0,32.4,0.05,2022-02-24,14957.067371202113,462.35138705416114,0,False,0,No SL Hit
TECHM.EQ-NSE,2022-03-02,1394.0,1460.0,27.5,82.5,2022-03-22,-27618.364418938305,502.15208034433283,0,False,0,Intraday SL Hit
TECHM.EQ-NSE,2022-04-01,1489.0,1540.0,32.6,0.05,2022-04-28,15302.21625251847,470.11417058428475,0,False,0,No SL Hit
TECHM.EQ-NSE,2022-05-02,1232.0,1280.0,27.7,0.05,2022-05-26,15710.22727272727,568.1818181818181,0,False,0,No SL Hit
TECHM.EQ-NSE,2022-06-01,1148.5,1200.0,23.5,0.05,2022-06-30,14292.55550718328,609.4906399651719,0,False,0,No SL Hit
TECHM.EQ-NSE,2022-07-01,1011.25,1060.0,14.0,0.05,2022-07-28,9656.36588380717,692.2126081582201,0,False,0,No SL Hit
TECHM.EQ-NSE,2022-08-01,1052.0,1100.0,17.05,0.05,2022-08-25,11311.787072243347,665.3992395437263,0,False,0,No SL Hit
TECHM.EQ-NSE,2022-09-01,1055.95,1100.0,22.5,67.5,2022-09-12,-29830.957905203843,662.9101756711965,0,False,0,Intraday SL Hit
TECHM.EQ-NSE,2022-10-03,1004.55,1040.0,26.15,40.0,2022-10-27,-9651.08755164004,696.8294261111942,0,False,0,No SL Hit
TECHM.EQ-NSE,2022-11-01,1067.95,1120.0,14.75,0.05,2022-11-24,9635.28255068121,655.4613980055245,0,False,0,No SL Hit
TECHM.EQ-NSE,2022-12-01,1101.0,1140.0,19.0,0.05,2022-12-29,12048.138056312442,635.7856494096276,0,False,0,No SL Hit
TECHM.EQ-NSE,2023-01-02,1010.0,1050.0,14.0,0.05,2023-01-25,9668.316831683167,693.0693069306931,0,False,0,No SL Hit
TECHM.EQ-NSE,2023-02-01,1023.0,1060.0,12.95,38.849999999999994,2023-02-16,-17722.38514173998,684.2619745845552,0,False,0,Intraday SL Hit
TECHM.EQ-NSE,2023-03-01,1126.5,1170.0,14.1,0.05,2023-03-29,8730.58144695961,621.3936972924989,0,False,0,No SL Hit
TECHM.EQ-NSE,2023-04-03,1105.0,1150.0,11.5,0.1,2023-04-27,7221.719457013575,633.4841628959276,0,False,0,No SL Hit
TECHM.EQ-NSE,2023-05-02,1053.0,1090.0,11.55,5.0,2023-05-25,4354.226020892688,664.7673314339982,0,False,0,No SL Hit
TECHM.EQ-NSE,2023-06-02,1121.0,1160.0,16.9,0.05,2023-06-28,10521.855486173059,624.442462087422,0,False,0,No SL Hit
TECHM.EQ-NSE,2023-07-03,1121.65,1160.0,20.3,60.900000000000006,2023-07-14,-25337.6721793786,624.0805955511969,0,False,0,Intraday SL Hit
TECHM.EQ-NSE,2023-08-02,1147.5,1190.0,17.15,51.449999999999996,2023-08-09,-20923.747276688453,610.0217864923748,0,False,0,Intraday SL Hit
TECHM.EQ-NSE,2023-09-01,1229.0,1270.0,16.8,0.1,2023-09-28,9511.79820992677,569.5687550854353,0,False,0,No SL Hit
TECHM.EQ-NSE,2023-10-03,1216.95,1250.0,22.5,0.05,2023-10-26,12913.431118780558,575.2085130859937,0,False,0,No SL Hit
TECHM.EQ-NSE,2023-11-01,1122.95,1160.0,11.5,34.5,2023-11-16,-14337.23674250857,623.358119239503,0,False,0,Intraday SL Hit
TECHM.EQ-NSE,2023-12-01,1220.3,1260.0,18.45,55.349999999999994,2023-12-15,-21166.926165696954,573.6294353847414,0,False,0,Intraday SL Hit
TECHM.EQ-NSE,2024-01-01,1292.7,1330.0,31.05,0.05,2024-01-25,16786.570743405275,541.5022820453314,0,False,0,No SL Hit
TECHM.EQ-NSE,2024-02-01,1313.3,1360.0,22.65,0.05,2024-02-29,12045.991015000382,533.0084519911674,0,False,0,No SL Hit
TECHM.EQ-NSE,2024-03-01,1273.0,1320.0,24.55,0.05,2024-03-28,13472.113118617439,549.8821681068342,0,False,0,No SL Hit
TECHM.EQ-NSE,2024-04-01,1245.0,1280.0,24.0,0.05,2024-04-25,13465.86345381526,562.2489959839357,0,False,0,No SL Hit
TECHM.EQ-NSE,2024-05-02,1269.0,1310.0,20.75,0.05,2024-05-30,11418.439716312057,551.6154452324665,0,False,0,No SL Hit
TECHM.EQ-NSE,2024-06-03,1245.15,1280.0,27.15,81.44999999999999,2024-06-07,-30526.44259727743,562.1812633016102,0,False,0,Intraday SL Hit
NESTLEIND.EQ-NSE,2019-01-01,1099.5,11.25,0.2296,0.251,2019-01-31,-13.624374715779902,636.6530241018645,0,False,0,No SL Hit
NESTLEIND.EQ-NSE,2019-02-01,1156.0,11.25,0.51,0.0001,2019-02-28,308.7629757785467,605.5363321799308,0,False,0,No SL Hit
NESTLEIND.EQ-NSE,2019-03-01,1045.0,10.5,0.2613999999999999,0.4817,2019-03-28,-147.5693779904307,669.8564593301436,0,False,0,No SL Hit
NESTLEIND.EQ-NSE,2019-04-01,1087.3700199999998,10.75,0.54065,0.15,2019-04-25,251.4829312656606,643.7551037134535,0,False,0,No SL Hit
JSWSTEEL.EQ-NSE,2019-01-01,303.35,315.0,7.3,0.05,2019-04-25,16729.850008241305,2307.565518378111,0,False,0,No SL Hit
JSWSTEEL.EQ-NSE,2019-05-02,307.45,320.0,9.95,0.05,2019-05-30,22540.25044722719,2276.7929744673934,0,False,0,No SL Hit
JSWSTEEL.EQ-NSE,2019-06-03,274.1,285.0,6.4,0.05,2019-06-27,16216.709230207955,2553.812477198103,0,False,0,No SL Hit
JSWSTEEL.EQ-NSE,2019-07-01,274.8,285.0,5.0,0.05,2019-07-25,12609.170305676857,2547.307132459971,0,False,0,No SL Hit
JSWSTEEL.EQ-NSE,2019-08-01,225.55,235.0,6.1,0.05,2019-08-29,18776.324540013302,3103.5247173575704,0,False,0,No SL Hit
JSWSTEEL.EQ-NSE,2019-09-03,209.9,220.0,5.9,17.700000000000003,2019-09-20,-39352.07241543593,3334.9213911386373,0,False,0,Intraday SL Hit
JSWSTEEL.EQ-NSE,2019-10-01,223.2,235.0,7.7,0.1,2019-10-31,23835.125448028677,3136.200716845878,0,False,0,No SL Hit
JSWSTEEL.EQ-NSE,2019-11-01,236.8,245.0,8.4,18.5,2019-11-28,-29856.418918918916,2956.081081081081,0,False,0,No SL Hit
JSWSTEEL.EQ-NSE,2019-12-02,268.1,280.0,5.7,0.05,2019-12-26,14751.958224543081,2610.9660574412533,0,False,0,No SL Hit
JSWSTEEL.EQ-NSE,2020-01-01,268.3,280.0,6.15,0.05,2020-01-30,15915.020499440925,2609.019754006709,0,False,0,No SL Hit
JSWSTEEL.EQ-NSE,2020-02-03,252.3,265.0,4.45,13.350000000000001,2020-02-06,-24692.826000792713,2774.4748315497422,0,False,0,Intraday SL Hit
JSWSTEEL.EQ-NSE,2020-03-02,234.05,245.0,8.1,0.05,2020-03-26,24076.052125614184,2990.813928647725,0,False,0,No SL Hit
JSWSTEEL.EQ-NSE,2020-04-01,143.0,155.0,9.9,24.2,2020-04-30,-70000.0,4895.104895104895,0,False,0,No SL Hit
JSWSTEEL.EQ-NSE,2020-05-04,163.0,175.0,6.95,9.15,2020-05-28,-9447.852760736196,4294.478527607362,0,False,0,No SL Hit
JSWSTEEL.EQ-NSE,2020-06-01,192.65,205.0,5.65,0.05,2020-06-25,20347.780949909164,3633.5323124837787,0,False,0,No SL Hit
JSWSTEEL.EQ-NSE,2020-07-01,191.6,205.0,5.05,15.149999999999999,2020-07-29,-36899.79123173277,3653.444676409186,0,False,0,Intraday SL Hit
JSWSTEEL.EQ-NSE,2020-08-03,219.5,235.0,5.0,15.0,2020-08-10,-31890.660592255124,3189.0660592255126,0,False,0,Intraday SL Hit
JSWSTEEL.EQ-NSE,2020-09-01,287.45,305.0,8.4,0.05,2020-09-24,20333.971125413114,2435.206122803966,0,False,0,No SL Hit
JSWSTEEL.EQ-NSE,2020-10-01,282.4,305.0,5.25,15.75,2020-10-16,-26026.91218130312,2478.7535410764876,0,False,0,Intraday SL Hit
JSWSTEEL.EQ-NSE,2020-11-02,309.5,330.0,6.05,18.15,2020-11-11,-27366.720516962836,2261.7124394184166,0,False,0,Intraday SL Hit
JSWSTEEL.EQ-NSE,2020-12-01,357.5,390.0,5.9,0.05,2020-12-31,11454.545454545456,1958.041958041958,0,False,0,No SL Hit
JSWSTEEL.EQ-NSE,2021-01-01,388.65,415.0,8.35,0.05,2021-01-28,14949.183069599896,1801.1063939276985,0,False,0,No SL Hit
JSWSTEEL.EQ-NSE,2021-02-01,382.0,410.0,7.5,22.5,2021-02-08,-27486.910994764396,1832.4607329842931,0,False,0,Intraday SL Hit
JSWSTEEL.EQ-NSE,2021-03-01,406.45,435.0,10.8,3.15,2021-03-25,13175.0522819535,1722.2290564645098,0,False,0,No SL Hit
JSWSTEEL.EQ-NSE,2021-04-01,505.5,535.0,13.25,39.75,2021-04-07,-36696.34025717112,1384.7675568743819,0,False,0,Intraday SL Hit
JSWSTEEL.EQ-NSE,2021-05-03,723.0,760.0,28.1,0.05,2021-05-27,27157.676348547717,968.1881051175657,0,False,0,No SL Hit
JSWSTEEL.EQ-NSE,2021-06-01,695.0,725.0,18.4,0.05,2021-06-24,18482.014388489206,1007.1942446043165,0,False,0,No SL Hit
JSWSTEEL.EQ-NSE,2021-07-01,680.6,715.0,12.45,37.349999999999994,2021-07-29,-25609.75609756097,1028.504260946224,0,False,0,Intraday SL Hit
JSWSTEEL.EQ-NSE,2021-08-02,746.6,780.0,16.7,0.05,2021-08-26,15610.76881864452,937.5837128315028,0,False,0,No SL Hit
JSWSTEEL.EQ-NSE,2021-09-01,677.3,710.0,16.7,0.75,2021-09-30,16484.571091097,1033.515428908903,0,False,0,No SL Hit
JSWSTEEL.EQ-NSE,2021-10-01,673.95,710.0,19.65,0.05,2021-10-28,20357.59329327101,1038.6527190444394,0,False,0,No SL Hit
JSWSTEEL.EQ-NSE,2021-11-01,687.7,720.0,15.75,0.05,2021-11-25,15980.805583830157,1017.8857059764432,0,False,0,No SL Hit
JSWSTEEL.EQ-NSE,2021-12-01,638.5,670.0,15.0,0.1,2021-12-30,16335.160532498043,1096.319498825372,0,False,0,No SL Hit
JSWSTEEL.EQ-NSE,2022-01-03,670.3,700.0,12.1,0.05,2022-01-27,12583.917648813964,1044.308518573773,0,False,0,No SL Hit
JSWSTEEL.EQ-NSE,2022-02-01,654.5,680.0,12.95,0.05,2022-02-24,13796.791443850265,1069.51871657754,0,False,0,No SL Hit
JSWSTEEL.EQ-NSE,2022-03-02,641.15,680.0,15.7,47.099999999999994,2022-03-25,-34282.149263042964,1091.7881930905405,0,False,0,Intraday SL Hit
JSWSTEEL.EQ-NSE,2022-04-01,732.45,770.0,17.35,0.05,2022-04-28,16533.55177827838,955.6966345825653,0,False,0,No SL Hit
JSWSTEEL.EQ-NSE,2022-05-02,731.0,760.0,16.75,0.05,2022-05-26,15991.792065663474,957.5923392612859,0,False,0,No SL Hit
JSWSTEEL.EQ-NSE,2022-06-01,571.7,600.0,15.85,0.05,2022-06-30,19345.810739898545,1224.4184012594017,0,False,0,No SL Hit
JSWSTEEL.EQ-NSE,2022-07-01,577.5,610.0,8.4,8.2,2022-07-28,242.4242424242437,1212.121212121212,0,False,0,No SL Hit
JSWSTEEL.EQ-NSE,2022-08-01,640.2,670.0,12.0,0.05,2022-08-25,13066.229303342703,1093.4083099031552,0,False,0,No SL Hit
JSWSTEEL.EQ-NSE,2022-09-01,661.95,700.0,11.1,0.05,2022-09-29,11685.17259611753,1057.481682906564,0,False,0,No SL Hit
JSWSTEEL.EQ-NSE,2022-10-03,623.5,650.0,13.8,32.5,2022-10-27,-20994.386527666396,1122.6944667201283,0,False,0,No SL Hit
JSWSTEEL.EQ-NSE,2022-11-01,685.0,720.0,9.2,9.0,2022-11-24,204.3795620437949,1021.8978102189781,0,False,0,No SL Hit
JSWSTEEL.EQ-NSE,2022-12-01,746.0,790.0,6.95,0.05,2022-12-29,6474.530831099196,938.3378016085791,0,False,0,No SL Hit
JSWSTEEL.EQ-NSE,2023-01-02,776.15,810.0,10.9,0.05,2023-01-25,9785.479610899954,901.8875217419313,0,False,0,No SL Hit
JSWSTEEL.EQ-NSE,2023-02-01,731.45,760.0,8.6,0.05,2023-02-23,8182.377469410075,957.0032127965001,0,False,0,No SL Hit
JSWSTEEL.EQ-NSE,2023-03-01,677.9,710.0,7.4,0.05,2023-03-29,7589.614987461278,1032.6006785661602,0,False,0,No SL Hit
JSWSTEEL.EQ-NSE,2023-04-03,682.2,710.0,7.0,21.0,2023-04-12,-14365.288771621224,1026.0920551158017,0,False,0,Intraday SL Hit
JSWSTEEL.EQ-NSE,2023-05-02,736.95,770.0,6.45,0.05,2023-05-25,6079.109844629893,949.8609132234208,0,False,0,No SL Hit
JSWSTEEL.EQ-NSE,2023-06-02,706.5,730.0,9.75,29.25,2023-06-08,-19320.59447983015,990.7997169143666,0,False,0,Intraday SL Hit
JSWSTEEL.EQ-NSE,2023-07-03,794.95,820.0,15.1,0.05,2023-07-27,13252.405811686269,880.5585256934398,0,False,0,No SL Hit
JSWSTEEL.EQ-NSE,2023-08-02,802.3,830.0,13.8,0.05,2023-08-31,11996.75931696373,872.4915866882712,0,False,0,No SL Hit
JSWSTEEL.EQ-NSE,2023-09-01,807.0,830.0,14.55,0.05,2023-09-28,12577.447335811648,867.4101610904585,0,False,0,No SL Hit
JSWSTEEL.EQ-NSE,2023-10-03,770.0,790.0,12.75,0.05,2023-10-26,11545.454545454546,909.0909090909091,0,False,0,No SL Hit
JSWSTEEL.EQ-NSE,2023-11-01,724.35,750.0,8.6,25.799999999999997,2023-11-15,-16621.79885414509,966.3836543107614,0,False,0,Intraday SL Hit
JSWSTEEL.EQ-NSE,2023-12-01,808.0,830.0,14.3,42.900000000000006,2023-12-08,-24777.22772277228,866.3366336633663,0,False,0,Intraday SL Hit
JSWSTEEL.EQ-NSE,2024-01-01,875.85,900.0,23.0,0.05,2024-01-25,18342.181880458982,799.2236113489753,0,False,0,No SL Hit
JSWSTEEL.EQ-NSE,2024-02-01,803.2,830.0,16.7,0.05,2024-02-29,14510.707171314738,871.5139442231075,0,False,0,No SL Hit
JSWSTEEL.EQ-NSE,2024-03-01,834.0,860.0,25.1,0.05,2024-03-28,21025.179856115108,839.3285371702638,0,False,0,No SL Hit
JSWSTEEL.EQ-NSE,2024-04-01,870.55,890.0,20.7,13.95,2024-04-25,5427.603239331458,804.0893687898456,0,False,0,No SL Hit
JSWSTEEL.EQ-NSE,2024-05-02,890.4,920.0,22.0,0.05,2024-05-30,17256.2893081761,786.1635220125786,0,False,0,No SL Hit
JSWSTEEL.EQ-NSE,2024-06-03,912.55,940.0,23.6,0.05,2024-06-27,18064.76357459865,767.0812558215988,0,False,0,No SL Hit
TATASTEEL.EQ-NSE,2019-01-01,51.55,54.0,0.935,0.005,2019-01-31,12628.51600387973,13579.049466537343,0,False,0,No SL Hit
TATASTEEL.EQ-NSE,2019-02-01,47.49,49.0,1.08,1.04,2019-02-28,589.5978100652774,14739.945251631922,0,False,0,No SL Hit
TATASTEEL.EQ-NSE,2019-03-01,50.760000000000005,53.0,0.8,0.005,2019-03-28,10963.35697399527,13790.386130811661,0,False,0,No SL Hit
TATASTEEL.EQ-NSE,2019-04-01,53.4,55.0,1.14,0.005,2019-04-25,14878.277153558054,13108.614232209738,0,False,0,No SL Hit
TATASTEEL.EQ-NSE,2019-05-02,55.435,58.0,1.115,0.005,2019-05-30,14016.415621899523,12627.40146117074,0,False,0,No SL Hit
TATASTEEL.EQ-NSE,2019-06-03,49.755,52.0,0.6799999999999999,0.005,2019-06-27,9496.53301175761,14068.937795196462,0,False,0,No SL Hit
TATASTEEL.EQ-NSE,2019-07-01,50.63,53.0,0.54,0.005,2019-07-25,7396.800316018171,13825.794983211534,0,False,0,No SL Hit
TATASTEEL.EQ-NSE,2019-08-01,41.98,44.0,1.0,0.005,2019-08-29,16591.23392091472,16674.606955693187,0,False,0,No SL Hit
TATASTEEL.EQ-NSE,2019-09-03,32.93,34.0,1.185,3.555,2019-09-12,-50379.59307622229,21257.212268448224,0,False,0,Intraday SL Hit
TATASTEEL.EQ-NSE,2019-10-01,35.1,37.0,1.045,1.25,2019-10-31,-4088.3190883190896,19943.019943019943,0,False,0,No SL Hit
TATASTEEL.EQ-NSE,2019-11-01,39.615,41.0,1.64,2.0,2019-11-28,-6361.226808027263,17670.074466742393,0,False,0,No SL Hit
TATASTEEL.EQ-NSE,2019-12-02,41.95,44.0,0.94,2.82,2019-12-26,-31370.679380214537,16686.5315852205,0,False,0,Intraday SL Hit
TATASTEEL.EQ-NSE,2020-01-01,46.78,49.0,0.9,0.005,2020-01-30,13392.475416844805,14963.659683625481,0,False,0,No SL Hit
TATASTEEL.EQ-NSE,2020-02-03,43.865,46.0,1.0,3.0,2020-02-06,-31916.106235039322,15958.053117519661,0,False,0,Intraday SL Hit
TATASTEEL.EQ-NSE,2020-03-02,36.4,38.0,1.485,0.005,2020-03-26,28461.538461538465,19230.76923076923,0,False,0,No SL Hit
TATASTEEL.EQ-NSE,2020-04-01,26.660000000000004,29.0,1.565,0.8,2020-04-30,20086.271567891967,26256.564141035255,0,False,0,No SL Hit
TATASTEEL.EQ-NSE,2020-05-04,27.27,29.0,1.25,0.3,2020-05-28,24385.771910524385,25669.23359002567,0,False,0,No SL Hit
TATASTEEL.EQ-NSE,2020-06-01,31.52,33.5,0.975,0.005,2020-06-25,21541.878172588833,22208.121827411167,0,False,0,No SL Hit
TATASTEEL.EQ-NSE,2020-07-01,32.410000000000004,35.0,0.675,2.0250000000000004,2020-07-29,-29157.667386609075,21598.27213822894,0,False,0,Intraday SL Hit
TATASTEEL.EQ-NSE,2020-08-03,37.195,39.5,0.76,2.2800000000000002,2020-08-07,-28605.995429493218,18819.733835192903,0,False,0,Intraday SL Hit
TATASTEEL.EQ-NSE,2020-09-01,43.2,46.0,0.94,0.005,2020-09-24,15150.462962962962,16203.703703703703,0,False,0,No SL Hit
TATASTEEL.EQ-NSE,2020-10-01,36.49,39.0,0.75,2.25,2020-10-21,-28775.006851192105,19183.337900794737,0,False,0,Intraday SL Hit
TATASTEEL.EQ-NSE,2020-11-02,40.19,43.0,1.1,3.3000000000000003,2020-11-11,-38317.98954963922,17417.267977108735,0,False,0,Intraday SL Hit
TATASTEEL.EQ-NSE,2020-12-01,58.485,63.0,1.19,1.25,2020-12-31,-718.1328545780975,11968.880909634949,0,False,0,No SL Hit
TATASTEEL.EQ-NSE,2021-01-01,64.135,69.0,1.235,3.705,2021-01-07,-26958.75886801278,10914.477274499102,0,False,0,Intraday SL Hit
TATASTEEL.EQ-NSE,2021-02-01,63.765,68.0,1.55,4.65,2021-02-08,-34031.20834313495,10977.809142946757,0,False,0,Intraday SL Hit
TATASTEEL.EQ-NSE,2021-03-01,73.1,78.0,1.905,0.005,2021-03-25,18194.254445964434,9575.92339261286,0,False,0,No SL Hit
TATASTEEL.EQ-NSE,2021-04-01,85.89500000000001,91.0,2.04,6.12,2021-04-08,-33249.89813143954,8149.484836137143,0,False,0,Intraday SL Hit
TATASTEEL.EQ-NSE,2021-05-03,106.71,112.0,4.025,12.075000000000001,2021-05-10,-52806.67228938245,6559.83506700403,0,False,0,Intraday SL Hit
TATASTEEL.EQ-NSE,2021-06-01,110.005,116.0,2.025,0.005,2021-06-24,12853.961183582565,6363.3471205854285,0,False,0,No SL Hit
TATASTEEL.EQ-NSE,2021-07-01,116.29,123.0,2.04,6.12,2021-07-16,-24559.291426605898,6019.43417318772,0,False,0,Intraday SL Hit
TATASTEEL.EQ-NSE,2021-08-02,141.35,148.0,3.45,0.005,2021-08-26,17060.488149982317,4952.246197382385,0,False,0,No SL Hit
TATASTEEL.EQ-NSE,2021-09-01,141.095,150.0,2.53,0.005,2021-09-30,12527.020801587583,4961.196357064389,0,False,0,No SL Hit
TATASTEEL.EQ-NSE,2021-10-01,129.405,136.0,4.64,0.005,2021-10-28,25072.446968818822,5409.373671805572,0,False,0,No SL Hit
TATASTEEL.EQ-NSE,2021-11-01,136.2,144.0,3.38,0.005,2021-11-25,17345.81497797357,5139.500734214391,0,False,0,No SL Hit
TATASTEEL.EQ-NSE,2021-12-01,108.2,114.0,3.0,0.005,2021-12-30,19376.155268022183,6469.500924214418,0,False,0,No SL Hit
TATASTEEL.EQ-NSE,2022-01-03,114.99,122.0,1.64,0.005,2022-01-27,9953.039394729976,6087.485868336377,0,False,0,No SL Hit
TATASTEEL.EQ-NSE,2022-02-01,116.8,122.0,3.1,0.005,2022-02-24,18548.801369863017,5993.150684931507,0,False,0,No SL Hit
TATASTEEL.EQ-NSE,2022-03-02,129.0,136.0,3.3200000000000003,0.005,2022-03-31,17988.37209302326,5426.356589147287,0,False,0,No SL Hit
TATASTEEL.EQ-NSE,2022-04-01,131.715,140.0,2.89,0.005,2022-04-28,15332.346353870098,5314.504802034696,0,False,0,No SL Hit
TATASTEEL.EQ-NSE,2022-05-02,129.695,136.0,2.395,0.005,2022-05-26,12899.494968965651,5397.278229692741,0,False,0,No SL Hit
TATASTEEL.EQ-NSE,2022-06-01,106.1,112.0,1.825,0.005,2022-06-30,12007.540056550424,6597.549481621112,0,False,0,No SL Hit
TATASTEEL.EQ-NSE,2022-07-01,87.135,92.0,2.16,6.48,2022-07-28,-34704.76846273025,8033.511218224594,0,False,0,Intraday SL Hit
TATASTEEL.EQ-NSE,2022-08-01,108.25,114.0,2.75,0.05,2022-08-25,17459.58429561201,6466.512702078522,0,False,0,No SL Hit
TATASTEEL.EQ-NSE,2022-09-01,106.55,112.0,2.65,0.05,2022-09-29,17081.182543406852,6569.68559361802,0,False,0,No SL Hit
TATASTEEL.EQ-NSE,2022-10-03,98.3,103.0,2.65,0.6,2022-10-27,14598.168870803662,7121.057985757884,0,False,0,No SL Hit
TATASTEEL.EQ-NSE,2022-11-01,101.2,106.0,1.8,5.4,2022-11-14,-24901.18577075099,6916.99604743083,0,False,0,Intraday SL Hit
TATASTEEL.EQ-NSE,2022-12-01,110.65,117.0,1.7,0.05,2022-12-29,10438.319023949389,6326.253953908721,0,False,0,No SL Hit
TATASTEEL.EQ-NSE,2023-01-02,119.1,125.0,2.15,0.05,2023-01-25,12342.569269521413,5877.413937867339,0,False,0,No SL Hit
TATASTEEL.EQ-NSE,2023-02-01,122.05,128.0,2.0,0.05,2023-02-23,11183.941007783696,5735.354362965998,0,False,0,No SL Hit
TATASTEEL.EQ-NSE,2023-03-01,105.7,111.0,1.65,0.05,2023-03-29,10596.026490066224,6622.516556291391,0,False,0,No SL Hit
TATASTEEL.EQ-NSE,2023-04-03,104.25,109.0,1.5,0.05,2023-04-27,9736.211031175058,6714.62829736211,0,False,0,No SL Hit
TATASTEEL.EQ-NSE,2023-05-02,110.4,115.0,1.7,0.05,2023-05-25,10461.956521739128,6340.579710144927,0,False,0,No SL Hit
TATASTEEL.EQ-NSE,2023-06-02,108.2,113.0,1.15,3.4499999999999997,2023-06-16,-14879.85212569316,6469.500924214418,0,False,0,Intraday SL Hit
TATASTEEL.EQ-NSE,2023-07-03,113.15,117.0,2.0,2.9,2023-07-27,-5567.830313742818,6186.47812638091,0,False,0,No SL Hit
TATASTEEL.EQ-NSE,2023-08-02,119.2,124.0,2.0,0.05,2023-08-31,11451.342281879195,5872.48322147651,0,False,0,No SL Hit
TATASTEEL.EQ-NSE,2023-09-01,126.8,131.0,2.35,0.05,2023-09-28,12697.160883280758,5520.504731861199,0,False,0,No SL Hit
TATASTEEL.EQ-NSE,2023-10-03,128.05,132.0,2.25,0.05,2023-10-26,12026.552128074969,5466.61460367044,0,False,0,No SL Hit
TATASTEEL.EQ-NSE,2023-11-01,116.15,120.0,2.05,6.1499999999999995,2023-11-17,-24709.427464485576,6026.689625484288,0,False,0,Intraday SL Hit
TATASTEEL.EQ-NSE,2023-12-01,130.05,134.0,2.1,4.0,2023-12-28,-10226.835832372162,5382.545174932718,0,False,0,No SL Hit
TATASTEEL.EQ-NSE,2024-01-01,139.7,144.0,3.5,0.05,2024-01-25,17287.043664996425,5010.737294201862,0,False,0,No SL Hit
TATASTEEL.EQ-NSE,2024-02-01,134.85,139.0,2.95,8.850000000000001,2024-02-07,-30626.622172784584,5190.952910641454,0,False,0,Intraday SL Hit
TATASTEEL.EQ-NSE,2024-03-01,150.35,155.0,6.6,1.55,2024-03-28,23511.80578649817,4655.803126039242,0,False,0,No SL Hit
TATASTEEL.EQ-NSE,2024-04-01,162.8,168.0,3.4,0.05,2024-04-25,14404.176904176904,4299.7542997543,0,False,0,No SL Hit
TATASTEEL.EQ-NSE,2024-05-02,167.55,173.0,4.45,0.05,2024-05-30,18382.572366457774,4177.85735601313,0,False,0,No SL Hit
TATASTEEL.EQ-NSE,2024-06-03,174.45,180.0,4.8,0.05,2024-06-27,19059.902550874176,4012.611063341932,0,False,0,No SL Hit
POWERGRID.EQ-NSE,2019-01-01,150.15,157.5,0.975,0.0375,2019-03-28,4370.62937062937,4662.004662004661,0,False,0,No SL Hit
POWERGRID.EQ-NSE,2019-04-01,146.625,151.9,2.2125000000000004,0.0375,2019-04-25,10383.631713554989,4774.083546462063,0,False,0,No SL Hit
POWERGRID.EQ-NSE,2019-05-02,142.65,148.1,1.95,0.0375,2019-05-30,9384.858044164037,4907.115317209954,0,False,0,No SL Hit
POWERGRID.EQ-NSE,2019-06-03,144.375,150.0,1.4625,4.387499999999999,2019-06-26,-14181.818181818178,4848.484848484848,0,False,0,Intraday SL Hit
POWERGRID.EQ-NSE,2019-07-01,155.55,161.25,2.1375,0.0375,2019-07-25,9450.337512054002,4500.160720025715,0,False,0,No SL Hit
POWERGRID.EQ-NSE,2019-08-01,160.9875,166.9,1.6125,0.0375,2019-08-29,6848.357791754018,4348.163677304138,0,False,0,No SL Hit
POWERGRID.EQ-NSE,2019-09-03,147.525,153.75,2.1750000000000003,0.0375,2019-09-26,10142.3487544484,4744.958481613286,0,False,0,No SL Hit
POWERGRID.EQ-NSE,2019-10-01,147.525,153.75,2.8875,0.0375,2019-10-31,13523.131672597865,4744.958481613286,0,False,0,No SL Hit
POWERGRID.EQ-NSE,2019-11-01,148.38750000000002,153.75,2.7,0.0375,2019-11-28,12560.020217336365,4717.37848538455,0,False,0,No SL Hit
POWERGRID.EQ-NSE,2019-12-02,143.88750000000002,150.0,1.425,0.0375,2019-12-26,6750.065155069063,4864.911823473199,0,False,0,No SL Hit
POWERGRID.EQ-NSE,2020-01-01,146.5875,153.75,1.1625,3.4875000000000003,2020-01-20,-11102.583781018164,4775.304852050823,0,False,0,Intraday SL Hit
POWERGRID.EQ-NSE,2020-02-03,140.775,144.4,1.05,0.0375,2020-02-27,5034.629728289824,4972.473805718345,0,False,0,No SL Hit
POWERGRID.EQ-NSE,2020-03-02,137.4375,140.6,1.5,4.5,2020-03-05,-15279.672578444748,5093.224192814916,0,False,0,Intraday SL Hit
POWERGRID.EQ-NSE,2020-04-01,116.85,121.9,4.0125,0.1875,2020-04-30,22913.992297817716,5990.586221651691,0,False,0,No SL Hit
POWERGRID.EQ-NSE,2020-05-04,119.4,123.75,3.1875,0.0375,2020-05-28,18467.336683417085,5862.646566164154,0,False,0,No SL Hit
POWERGRID.EQ-NSE,2020-06-01,118.9875,123.75,2.4000000000000004,7.200000000000001,2020-06-05,-28238.26032146234,5882.970900304654,0,False,0,Intraday SL Hit
POWERGRID.EQ-NSE,2020-07-01,130.3125,136.9,2.5500000000000003,0.0375,2020-07-30,13496.402877697843,5371.702637889688,0,False,0,No SL Hit
POWERGRID.EQ-NSE,2020-08-03,133.01250000000002,138.75,2.1750000000000003,0.45,2020-08-27,9078.094164082322,5262.663283525983,0,False,0,No SL Hit
POWERGRID.EQ-NSE,2020-09-01,135.3,140.6,2.7375000000000003,8.100000000000001,2020-11-26,-27743.90243902439,5173.688100517368,0,False,0,No SL Hit
POWERGRID.EQ-NSE,2020-12-01,144.675,151.9,2.3625000000000003,0.075,2020-12-31,11067.91083462934,4838.430965958181,0,False,0,No SL Hit
POWERGRID.EQ-NSE,2021-01-01,142.3125,148.1,2.2125000000000004,6.637500000000001,2021-01-08,-21765.480895915684,4918.752744839701,0,False,0,Intraday SL Hit
POWERGRID.EQ-NSE,2021-02-01,141.9,148.1,2.2125000000000004,6.637500000000001,2021-02-03,-21828.752642706135,4933.051444679351,0,False,0,Intraday SL Hit
POWERGRID.EQ-NSE,2021-03-01,171.45000000000002,180.0,3.3000000000000003,0.0375,2021-03-25,13320.20997375328,4082.8229804607754,0,False,0,No SL Hit
POWERGRID.EQ-NSE,2021-04-01,163.35000000000002,170.6,2.5125,0.075,2021-04-29,10445.36271808999,4285.277012549739,0,False,0,No SL Hit
POWERGRID.EQ-NSE,2021-05-03,165.675,172.5,2.7750000000000004,8.325000000000001,2021-05-12,-23449.524671797193,4225.139580503998,0,False,0,Intraday SL Hit
POWERGRID.EQ-NSE,2021-06-01,168.45000000000002,174.4,3.3375000000000004,10.012500000000001,2021-06-09,-27738.20124666073,4155.535767289996,0,False,0,Intraday SL Hit
POWERGRID.EQ-NSE,2021-07-01,173.13750000000002,180.0,3.0,0.05,2021-07-29,11926.936683271966,4043.0293841599882,0,False,0,No SL Hit
POWERGRID.EQ-NSE,2021-08-02,171.1,177.5,1.95,5.85,2021-08-12,-15955.581531268263,4091.1747516072473,0,False,0,Intraday SL Hit
POWERGRID.EQ-NSE,2021-09-01,175.35,182.5,1.5,4.5,2021-09-16,-11976.047904191619,3992.0159680638726,0,False,0,Intraday SL Hit
POWERGRID.EQ-NSE,2021-10-01,191.3,200.0,5.45,0.05,2021-10-28,19759.539989545217,3659.174072138003,0,False,0,No SL Hit
POWERGRID.EQ-NSE,2021-11-01,188.2,195.0,2.8,8.399999999999999,2021-11-24,-20828.9054197662,3719.4473963868227,0,False,0,Intraday SL Hit
POWERGRID.EQ-NSE,2021-12-01,207.3,215.0,2.7,0.05,2021-12-30,8948.383984563436,3376.748673420164,0,False,0,No SL Hit
POWERGRID.EQ-NSE,2022-01-03,205.1,212.5,3.1,9.3,2022-01-27,-21160.409556314,3412.969283276451,0,False,0,Intraday SL Hit
POWERGRID.EQ-NSE,2022-02-01,213.0,220.0,4.0,0.05,2022-02-24,12981.220657276996,3286.3849765258215,0,False,0,No SL Hit
POWERGRID.EQ-NSE,2022-03-02,210.55,220.0,2.3,6.8999999999999995,2022-03-08,-15293.279506055567,3324.6259795772976,0,False,0,Intraday SL Hit
POWERGRID.EQ-NSE,2022-04-01,225.5,235.0,2.95,8.850000000000001,2022-04-07,-18314.855875831487,3104.212860310421,0,False,0,Intraday SL Hit
POWERGRID.EQ-NSE,2022-05-02,232.9,240.0,3.15,9.45,2022-05-09,-18935.165306998708,3005.5817947617,0,False,0,Intraday SL Hit
POWERGRID.EQ-NSE,2022-06-01,228.95,237.5,3.7,0.05,2022-06-30,11159.641843197207,3057.436121423892,0,False,0,No SL Hit
POWERGRID.EQ-NSE,2022-07-01,206.35,215.0,3.2,0.05,2022-07-28,10685.72813181488,3392.2946450205964,0,False,0,No SL Hit
POWERGRID.EQ-NSE,2022-08-01,219.5,227.5,2.55,0.05,2022-08-25,7972.665148063781,3189.0660592255126,0,False,0,No SL Hit
POWERGRID.EQ-NSE,2022-09-01,226.5,235.0,3.5,0.05,2022-09-29,10662.25165562914,3090.5077262693158,0,False,0,No SL Hit
POWERGRID.EQ-NSE,2022-10-03,210.35,217.5,4.45,6.5,2022-10-27,-6821.963394342762,3327.7870216306155,0,False,0,No SL Hit
POWERGRID.EQ-NSE,2022-11-01,234.9,242.5,2.85,0.05,2022-11-24,8343.976160068114,2979.991485738612,0,False,0,No SL Hit
POWERGRID.EQ-NSE,2022-12-01,221.9,230.0,2.75,0.05,2022-12-29,8517.350157728708,3154.5741324921137,0,False,0,No SL Hit
POWERGRID.EQ-NSE,2023-01-02,214.85,222.5,2.55,0.05,2023-01-25,8145.217593670003,3258.087037468001,0,False,0,No SL Hit
POWERGRID.EQ-NSE,2023-02-01,216.0,222.5,3.3,0.05,2023-02-23,10532.407407407409,3240.740740740741,0,False,0,No SL Hit
POWERGRID.EQ-NSE,2023-03-01,218.8,227.5,1.85,5.550000000000001,2023-03-06,-11837.29433272395,3199.26873857404,0,False,0,Intraday SL Hit
POWERGRID.EQ-NSE,2023-04-03,224.45,230.0,2.85,8.55,2023-04-17,-17776.787703274676,3118.7346847850304,0,False,0,Intraday SL Hit
POWERGRID.EQ-NSE,2023-05-02,239.9,247.5,2.8,0.05,2023-05-25,8024.176740308462,2917.882451021259,0,False,0,No SL Hit
POWERGRID.EQ-NSE,2023-06-02,234.7,242.5,2.45,7.3500000000000005,2023-06-12,-14614.401363442696,2982.530890498509,0,False,0,Intraday SL Hit
POWERGRID.EQ-NSE,2023-07-03,250.45,257.5,4.45,0.05,2023-07-27,12297.86384507886,2794.9690556997407,0,False,0,No SL Hit
POWERGRID.EQ-NSE,2023-08-02,248.45,257.5,3.95,0.05,2023-08-31,10988.126383578185,2817.4683034815857,0,False,0,No SL Hit
POWERGRID.EQ-NSE,2023-09-01,252.3,260.25,3.0,9.0,2023-09-11,-16646.848989298454,2774.4748315497422,0,False,0,Intraday SL Hit
POWERGRID.EQ-NSE,2023-10-03,199.3,209.0,2.35,0.05,2023-10-26,8078.273958855996,3512.293025589563,0,False,0,No SL Hit
POWERGRID.EQ-NSE,2023-11-01,200.9,212.0,0.8,2.5,2023-11-07,-5923.344947735191,3484.320557491289,0,False,0,Overnight SL Hit
POWERGRID.EQ-NSE,2023-12-01,210.0,220.0,2.9,9.25,2023-12-06,-21166.666666666668,3333.3333333333335,0,False,0,Overnight SL Hit
POWERGRID.EQ-NSE,2024-01-01,237.1,247.5,4.65,0.05,2024-01-25,13580.767608603966,2952.3407844791227,0,False,0,No SL Hit
POWERGRID.EQ-NSE,2024-02-01,266.25,280.0,3.5,10.5,2024-02-05,-18403.7558685446,2629.107981220657,0,False,0,Intraday SL Hit
POWERGRID.EQ-NSE,2024-03-01,287.1,302.5,5.55,0.05,2024-03-28,13409.961685823755,2438.1748519679554,0,False,0,No SL Hit
POWERGRID.EQ-NSE,2024-04-01,279.0,292.5,3.6,0.5,2024-04-25,7777.777777777777,2508.9605734767024,0,False,0,No SL Hit
POWERGRID.EQ-NSE,2024-05-02,313.4,332.5,4.2,0.05,2024-05-30,9269.304403318443,2233.5673261008296,0,False,0,No SL Hit
ONGC.EQ-NSE,2019-01-01,148.25,155.0,1.4,0.05,2019-01-31,6374.367622259696,4721.753794266442,0,False,0,No SL Hit
ONGC.EQ-NSE,2019-02-01,141.9,147.5,1.85,1.0,2019-02-28,4193.093727977449,4933.051444679351,0,False,0,No SL Hit
ONGC.EQ-NSE,2019-03-01,149.5,155.0,2.55,7.6499999999999995,2019-03-19,-23879.598662207354,4682.274247491639,0,False,0,Intraday SL Hit
ONGC.EQ-NSE,2019-04-01,157.6,164.0,3.6,4.85,2019-04-25,-5552.03045685279,4441.624365482234,0,False,0,No SL Hit
ONGC.EQ-NSE,2019-05-02,169.65,177.5,3.05,0.05,2019-05-30,12378.42617152962,4126.14205717654,0,False,0,No SL Hit
ONGC.EQ-NSE,2019-06-03,173.2,180.0,2.35,0.05,2019-06-27,9295.612009237877,4041.5704387990763,0,False,0,No SL Hit
ONGC.EQ-NSE,2019-07-01,161.25,167.5,2.5,7.5,2021-10-06,-21705.426356589145,4341.085271317829,0,False,0,Intraday SL Hit
ONGC.EQ-NSE,2021-11-01,153.05,160.0,2.8,0.05,2021-11-25,12577.589023195034,4573.668735707285,0,False,0,No SL Hit
ONGC.EQ-NSE,2021-12-01,142.25,150.0,2.7,0.05,2021-12-30,13040.421792618632,4920.91388400703,0,False,0,No SL Hit
ONGC.EQ-NSE,2022-01-03,143.0,150.0,1.85,5.550000000000001,2022-01-07,-18111.888111888115,4895.104895104895,0,False,0,Intraday SL Hit
ONGC.EQ-NSE,2022-02-01,170.3,177.5,2.1,0.05,2022-02-24,8426.306517909572,4110.393423370522,0,False,0,No SL Hit
ONGC.EQ-NSE,2022-03-02,163.0,170.0,3.75,11.25,2022-03-07,-32208.588957055214,4294.478527607362,0,False,0,Intraday SL Hit
ONGC.EQ-NSE,2022-04-01,167.95,175.0,3.6,0.05,2022-04-28,14796.070259005657,4167.907115212861,0,False,0,No SL Hit
ONGC.EQ-NSE,2022-05-02,157.1,165.0,3.3,0.05,2022-05-26,14481.222151495864,4455.760661998727,0,False,0,No SL Hit
ONGC.EQ-NSE,2022-06-01,150.05,157.5,3.3,9.899999999999999,2022-06-08,-30789.736754415186,4665.111629456847,0,False,0,Intraday SL Hit
ONGC.EQ-NSE,2022-07-01,131.4,137.5,4.2,0.05,2022-07-28,22108.066971080672,5327.245053272451,0,False,0,No SL Hit
ONGC.EQ-NSE,2022-08-01,138.25,145.0,2.6,0.05,2022-08-25,12911.392405063294,5063.291139240507,0,False,0,No SL Hit
ONGC.EQ-NSE,2022-09-01,134.9,142.5,2.7,0.05,2022-09-29,13750.926612305413,5189.028910303929,0,False,0,No SL Hit
ONGC.EQ-NSE,2022-10-03,132.6,140.0,2.55,0.05,2022-10-27,13197.586726998492,5279.034690799397,0,False,0,No SL Hit
ONGC.EQ-NSE,2022-11-01,135.0,142.5,1.7,0.05,2022-11-24,8555.555555555555,5185.185185185185,0,False,0,No SL Hit
ONGC.EQ-NSE,2022-12-01,140.0,147.5,1.65,4.949999999999999,2022-12-16,-16499.999999999996,5000.0,0,False,0,Intraday SL Hit
ONGC.EQ-NSE,2023-01-02,150.65,158.25,1.25,0.05,2023-01-25,5575.838035180883,4646.531695984069,0,False,0,No SL Hit
ONGC.EQ-NSE,2023-02-01,144.5,150.0,2.4,7.199999999999999,2023-02-17,-23252.59515570934,4844.2906574394465,0,False,0,Intraday SL Hit
ONGC.EQ-NSE,2023-03-01,154.65,162.5,1.05,0.05,2023-04-27,4526.349822179114,4526.349822179114,0,False,0,No SL Hit
ONGC.EQ-NSE,2023-05-02,164.3,171.0,1.05,3.4,2023-05-26,-10012.172854534387,4260.49908703591,0,False,0,Overnight SL Hit
ONGC.EQ-NSE,2023-07-03,162.95,169.0,2.2,1.45,2023-07-27,3221.847192390305,4295.796256520405,0,False,0,No SL Hit
ONGC.EQ-NSE,2023-08-02,176.0,182.0,1.75,0.05,2023-08-31,6761.363636363637,3977.2727272727275,0,False,0,No SL Hit
ONGC.EQ-NSE,2023-09-01,181.2,187.0,1.65,5.3,2023-09-15,-14100.441501103753,3863.1346578366447,0,False,0,Overnight SL Hit
ONGC.EQ-NSE,2023-10-03,184.65,190.0,2.0,0.05,2023-10-26,7392.363931762794,3790.9558624424585,0,False,0,No SL Hit
ONGC.EQ-NSE,2023-11-01,186.1,192.0,1.15,3.4499999999999997,2023-11-06,-8651.262761955937,3761.4185921547555,0,False,0,Intraday SL Hit
ONGC.EQ-NSE,2023-12-01,194.5,200.0,3.75,11.25,2023-12-20,-26992.28791773779,3598.9717223650387,0,False,0,Intraday SL Hit
ONGC.EQ-NSE,2024-01-01,204.95,210.25,5.8,25.5,2024-01-16,-67284.70358624055,3415.4671871188098,0,False,0,Overnight SL Hit
ONGC.EQ-NSE,2024-02-01,247.9,257.5,4.75,14.25,2024-02-06,-26825.33279548205,2823.7192416296893,0,False,0,Intraday SL Hit
ONGC.EQ-NSE,2024-03-01,271.0,280.0,6.8,0.05,2024-03-28,17435.424354243543,2583.0258302583024,0,False,0,No SL Hit
ONGC.EQ-NSE,2024-04-01,269.95,277.5,4.9,14.700000000000001,2024-04-16,-25412.113354324876,2593.0727912576403,0,False,0,Intraday SL Hit
ONGC.EQ-NSE,2024-05-02,282.5,292.5,6.65,0.05,2024-06-27,16353.982300884956,2477.8761061946902,0,False,0,No SL Hit
COALINDIA.EQ-NSE,2019-01-01,242.0,255.0,1.9,0.05,2019-01-31,5351.239669421487,2892.561983471074,0,False,0,No SL Hit
COALINDIA.EQ-NSE,2019-02-01,223.3,230.0,4.2,0.05,2019-02-28,13009.404388714735,3134.796238244514,0,False,0,No SL Hit
COALINDIA.EQ-NSE,2019-03-01,232.95,245.0,1.65,0.05,2019-03-28,4807.89869070616,3004.9366816913503,0,False,0,No SL Hit
COALINDIA.EQ-NSE,2019-04-01,237.0,245.0,4.2,12.600000000000001,2019-04-24,-24810.126582278488,2953.5864978902955,0,False,0,Intraday SL Hit
COALINDIA.EQ-NSE,2019-05-02,252.5,265.0,3.6,0.05,2019-05-30,9841.584158415842,2772.2772277227723,0,False,0,No SL Hit
COALINDIA.EQ-NSE,2019-06-03,260.45,270.0,3.4,0.05,2019-06-27,9003.647533115762,2687.655980034556,0,False,0,No SL Hit
COALINDIA.EQ-NSE,2019-07-01,248.8,260.0,2.65,0.05,2019-07-25,7315.112540192927,2813.5048231511255,0,False,0,No SL Hit
COALINDIA.EQ-NSE,2019-08-01,201.85,210.0,3.7,0.05,2019-08-29,12657.914292791678,3467.9217240525145,0,False,0,No SL Hit
COALINDIA.EQ-NSE,2019-09-03,180.05,185.0,5.65,18.3,2019-09-11,-49180.78311580116,3887.8089419605662,0,False,0,Overnight SL Hit
COALINDIA.EQ-NSE,2019-10-01,194.15,205.0,3.9,2.8,2019-10-31,3966.00566572238,3605.4596961112543,0,False,0,No SL Hit
COALINDIA.EQ-NSE,2019-11-01,206.85,215.0,4.9,0.05,2019-11-28,16412.85956006768,3384.09475465313,0,False,0,No SL Hit
COALINDIA.EQ-NSE,2019-12-02,205.2,215.0,2.8,0.05,2019-12-26,9381.091617933724,3411.3060428849903,0,False,0,No SL Hit
COALINDIA.EQ-NSE,2020-01-01,211.6,220.0,1.85,0.05,2020-01-30,5954.631379962193,3308.1285444234404,0,False,0,No SL Hit
COALINDIA.EQ-NSE,2020-02-03,178.7,185.0,2.6,0.05,2020-02-27,9988.8080581981,3917.1796306659207,0,False,0,No SL Hit
COALINDIA.EQ-NSE,2020-03-02,169.4,175.0,4.2,0.05,2020-05-28,17148.760330578512,4132.231404958678,0,False,0,No SL Hit
COALINDIA.EQ-NSE,2020-06-01,147.65,155.0,3.85,0.05,2020-06-25,18015.577378936676,4740.941415509651,0,False,0,No SL Hit
COALINDIA.EQ-NSE,2020-07-01,134.05,142.5,3.4,0.05,2020-07-30,17493.472584856398,5221.9321148825065,0,False,0,No SL Hit
COALINDIA.EQ-NSE,2020-08-03,128.6,135.0,3.1,5.35,2020-08-27,-12247.278382581648,5443.234836702955,0,False,0,No SL Hit
COALINDIA.EQ-NSE,2020-09-01,133.7,140.0,3.85,0.05,2020-09-24,19895.287958115183,5235.602094240838,0,False,0,No SL Hit
COALINDIA.EQ-NSE,2020-10-01,117.0,122.5,2.6,0.05,2020-10-29,15256.410256410258,5982.9059829059825,0,False,0,No SL Hit
COALINDIA.EQ-NSE,2020-11-02,115.6,122.5,2.25,6.75,2020-11-10,-27249.134948096886,6055.363321799308,0,False,0,Intraday SL Hit
COALINDIA.EQ-NSE,2020-12-01,126.3,135.0,2.3,6.8999999999999995,2020-12-11,-25494.853523357087,5542.359461599367,0,False,0,Intraday SL Hit
COALINDIA.EQ-NSE,2021-01-01,135.5,142.5,3.35,0.05,2021-01-28,17047.970479704796,5166.051660516605,0,False,0,No SL Hit
COALINDIA.EQ-NSE,2021-02-01,129.3,135.0,3.4,10.2,2021-02-04,-36813.61175560711,5413.766434648105,0,False,0,Intraday SL Hit
COALINDIA.EQ-NSE,2021-03-01,154.65,162.5,4.65,0.05,2021-03-25,20821.20918202393,4526.349822179114,0,False,0,No SL Hit
COALINDIA.EQ-NSE,2021-04-01,132.2,140.0,2.3,0.05,2021-04-29,11913.767019667173,5295.007564296521,0,False,0,No SL Hit
COALINDIA.EQ-NSE,2021-05-03,132.25,137.5,2.95,8.850000000000001,2021-05-10,-31228.73345935728,5293.005671077504,0,False,0,Intraday SL Hit
COALINDIA.EQ-NSE,2021-06-01,147.5,155.0,3.6,10.8,2021-06-11,-34169.491525423735,4745.762711864407,0,False,0,Intraday SL Hit
COALINDIA.EQ-NSE,2021-07-01,145.7,152.5,2.5,0.05,2021-07-29,11770.761839396022,4804.39258750858,0,False,0,No SL Hit
COALINDIA.EQ-NSE,2021-08-02,143.6,150.0,2.15,0.05,2021-08-26,10236.768802228413,4874.651810584958,0,False,0,No SL Hit
COALINDIA.EQ-NSE,2021-09-01,144.4,150.0,1.45,4.35,2021-09-08,-14058.171745152351,4847.64542936288,0,False,0,Intraday SL Hit
COALINDIA.EQ-NSE,2021-10-01,188.5,197.5,8.5,0.05,2021-10-28,31379.310344827583,3713.527851458886,0,False,0,No SL Hit
COALINDIA.EQ-NSE,2021-11-01,170.35,177.5,3.8,0.05,2021-11-25,15409.451130026415,4109.186968007044,0,False,0,No SL Hit
COALINDIA.EQ-NSE,2021-12-01,155.9,162.5,3.15,0.05,2021-12-30,13919.178960872352,4490.057729313662,0,False,0,No SL Hit
COALINDIA.EQ-NSE,2022-01-03,155.45,162.5,2.45,0.05,2022-01-27,10807.333547764556,4503.055644901898,0,False,0,No SL Hit
COALINDIA.EQ-NSE,2022-02-01,163.0,170.0,2.95,0.05,2022-02-24,12453.98773006135,4294.478527607362,0,False,0,No SL Hit
COALINDIA.EQ-NSE,2022-03-02,184.0,195.0,4.0,0.05,2022-03-31,15027.173913043478,3804.3478260869565,0,False,0,No SL Hit
COALINDIA.EQ-NSE,2022-04-01,186.0,195.0,4.6,13.799999999999999,2022-04-21,-34623.655913978495,3763.440860215054,0,False,0,Intraday SL Hit
COALINDIA.EQ-NSE,2022-05-02,187.5,197.5,4.55,0.05,2022-05-26,16800.0,3733.3333333333335,0,False,0,No SL Hit
COALINDIA.EQ-NSE,2022-06-01,196.8,207.5,3.5,0.05,2022-06-30,12271.341463414634,3556.9105691056907,0,False,0,No SL Hit
COALINDIA.EQ-NSE,2022-07-01,183.05,192.5,2.7,8.100000000000001,2022-07-19,-20650.09560229446,3824.091778202677,0,False,0,Intraday SL Hit
COALINDIA.EQ-NSE,2022-08-01,212.3,222.5,3.6,2.7,2022-08-25,2967.4988224211015,3297.2209138012245,0,False,0,No SL Hit
COALINDIA.EQ-NSE,2022-09-01,230.55,242.5,3.9,0.05,2022-09-29,11689.438299718066,3036.2177401865106,0,False,0,No SL Hit
COALINDIA.EQ-NSE,2022-10-03,214.8,225.0,3.7,11.100000000000001,2022-10-06,-24115.45623836127,3258.8454376163872,0,False,0,Intraday SL Hit
COALINDIA.EQ-NSE,2022-11-01,245.5,257.5,3.65,0.05,2023-08-31,10264.765784114054,2851.32382892057,0,False,0,No SL Hit
COALINDIA.EQ-NSE,2023-09-01,236.9,242.5,2.85,8.55,2023-09-04,-16842.549598986916,2954.8332629801603,0,False,0,Intraday SL Hit
COALINDIA.EQ-NSE,2023-10-03,291.9,300.0,5.2,15.600000000000001,2023-10-17,-24940.047961630702,2398.0815347721823,0,False,0,Intraday SL Hit
COALINDIA.EQ-NSE,2023-11-01,307.0,317.5,4.7,16.2,2023-11-13,-26221.498371335507,2280.130293159609,0,False,0,Overnight SL Hit
COALINDIA.EQ-NSE,2023-12-01,346.0,357.25,6.95,19.5,2023-12-28,-25390.173410404626,2023.121387283237,0,False,0,No SL Hit
COALINDIA.EQ-NSE,2024-01-01,382.0,395.0,9.75,0.05,2024-01-25,17774.869109947642,1832.4607329842931,0,False,0,No SL Hit
COALINDIA.EQ-NSE,2024-02-01,406.8,422.5,8.5,25.5,2024-02-05,-29252.704031465095,1720.747295968535,0,False,0,Intraday SL Hit
COALINDIA.EQ-NSE,2024-03-01,447.65,465.0,11.5,0.05,2024-03-28,17904.612978889756,1563.721657544957,0,False,0,No SL Hit
COALINDIA.EQ-NSE,2024-04-01,441.7,460.0,6.9,0.05,2024-04-25,10855.784469096672,1584.7860538827258,0,False,0,No SL Hit
COALINDIA.EQ-NSE,2024-05-02,452.0,470.0,10.85,32.55,2024-05-22,-33606.19469026548,1548.6725663716813,0,False,0,Intraday SL Hit
COALINDIA.EQ-NSE,2024-06-03,512.5,535.0,14.05,0.05,2024-06-27,19121.951219512193,1365.8536585365853,0,False,0,No SL Hit
INDUSINDBK.EQ-NSE,2019-01-01,1594.8,1660.0,26.0,0.05,2019-01-31,11390.142964635064,438.92651116127416,0,False,0,No SL Hit
INDUSINDBK.EQ-NSE,2019-02-01,1515.2,1580.0,13.25,0.05,2019-02-28,6098.204857444562,461.98521647307285,0,False,0,No SL Hit
INDUSINDBK.EQ-NSE,2019-03-01,1517.0,1600.0,12.45,37.349999999999994,2019-03-13,-11489.78246539222,461.43704680290045,0,False,0,Intraday SL Hit
INDUSINDBK.EQ-NSE,2019-04-01,1740.35,1800.0,42.6,0.05,2019-04-25,17114.373545551185,402.2179446663028,0,False,0,No SL Hit
INDUSINDBK.EQ-NSE,2019-05-02,1556.65,1620.0,49.8,0.05,2019-05-30,22371.759868949346,449.6836154562682,0,False,0,No SL Hit
INDUSINDBK.EQ-NSE,2019-06-03,1658.0,1720.0,30.6,0.05,2019-07-25,12898.069963811822,422.1954161640531,0,False,0,No SL Hit
INDUSINDBK.EQ-NSE,2019-08-01,1399.1,1460.0,29.7,0.05,2019-08-29,14834.536487742122,500.3216353370024,0,False,0,No SL Hit
INDUSINDBK.EQ-NSE,2019-09-03,1341.2,1400.0,34.95,104.85000000000001,2019-09-23,-36482.254697286015,521.9206680584551,0,False,0,Intraday SL Hit
INDUSINDBK.EQ-NSE,2019-10-01,1306.0,1360.0,59.05,0.05,2019-10-31,31623.277182235837,535.9877488514549,0,False,0,No SL Hit
INDUSINDBK.EQ-NSE,2019-11-01,1377.2,1440.0,39.3,117.89999999999999,2019-11-28,-39950.62445541678,508.27766482718556,0,False,0,Intraday SL Hit
INDUSINDBK.EQ-NSE,2019-12-02,1579.45,1640.0,32.0,0.05,2019-12-26,14159.992402418564,443.1922504669347,0,False,0,No SL Hit
INDUSINDBK.EQ-NSE,2020-01-01,1486.95,1550.0,31.8,0.05,2020-01-30,14946.70298261542,470.7622986650526,0,False,0,No SL Hit
INDUSINDBK.EQ-NSE,2020-02-03,1264.7,1340.0,21.0,0.05,2020-02-27,11595.635328536411,553.4909464695185,0,False,0,No SL Hit
INDUSINDBK.EQ-NSE,2020-03-02,1074.4,1150.0,29.7,0.05,2020-03-26,19317.758749069246,651.5264333581533,0,False,0,No SL Hit
INDUSINDBK.EQ-NSE,2020-04-01,342.5,380.0,64.0,90.0,2020-04-30,-53138.68613138686,2043.7956204379561,0,False,0,No SL Hit
INDUSINDBK.EQ-NSE,2020-05-04,424.7,480.0,27.95,0.05,2020-05-28,45985.40145985401,1648.2222745467388,0,False,0,No SL Hit
INDUSINDBK.EQ-NSE,2020-06-01,409.8,460.0,17.7,53.099999999999994,2020-06-10,-60468.521229868216,1708.150317227916,0,False,0,Intraday SL Hit
INDUSINDBK.EQ-NSE,2020-07-01,492.0,560.0,20.15,60.449999999999996,2020-07-08,-57337.398373983735,1422.7642276422764,0,False,0,Intraday SL Hit
INDUSINDBK.EQ-NSE,2020-08-03,504.0,560.0,14.7,44.099999999999994,2020-08-27,-40833.33333333333,1388.888888888889,0,False,0,Intraday SL Hit
INDUSINDBK.EQ-NSE,2020-09-01,631.0,700.0,20.1,0.05,2020-09-24,22242.472266244058,1109.3502377179082,0,False,0,No SL Hit
INDUSINDBK.EQ-NSE,2020-10-01,593.0,680.0,10.05,0.05,2020-10-29,11804.384485666105,1180.4384485666105,0,False,0,No SL Hit
INDUSINDBK.EQ-NSE,2020-11-02,623.45,700.0,13.4,40.2,2020-11-05,-30090.62474937846,1122.784505573823,0,False,0,Intraday SL Hit
INDUSINDBK.EQ-NSE,2020-12-01,899.95,1000.0,28.8,0.05,2020-12-31,22362.353464081338,777.820990055003,0,False,0,No SL Hit
INDUSINDBK.EQ-NSE,2021-01-01,900.3,1020.0,16.95,0.05,2021-01-28,13140.064422970121,777.5186049094747,0,False,0,No SL Hit
INDUSINDBK.EQ-NSE,2021-02-01,975.7,1100.0,22.6,10.9,2021-02-25,8393.973557445937,717.4336373885416,0,False,0,No SL Hit
INDUSINDBK.EQ-NSE,2021-03-01,1069.2,1200.0,21.95,0.05,2021-03-25,14337.822671156004,654.6950991395436,0,False,0,No SL Hit
INDUSINDBK.EQ-NSE,2021-04-01,996.0,1100.0,15.55,0.05,2021-04-29,10893.574297188756,702.8112449799197,0,False,0,No SL Hit
INDUSINDBK.EQ-NSE,2021-05-03,914.0,980.0,28.3,33.0,2021-05-27,-3599.5623632385114,765.8643326039387,0,False,0,No SL Hit
INDUSINDBK.EQ-NSE,2021-06-01,1009.85,1080.0,16.4,0.05,2021-06-24,11333.36634153587,693.1722533049463,0,False,0,No SL Hit
INDUSINDBK.EQ-NSE,2021-07-01,1008.0,1080.0,14.3,0.05,2021-07-29,9895.833333333334,694.4444444444445,0,False,0,No SL Hit
INDUSINDBK.EQ-NSE,2021-08-02,990.0,1060.0,10.75,0.05,2021-08-26,7565.656565656564,707.070707070707,0,False,0,No SL Hit
INDUSINDBK.EQ-NSE,2021-09-01,998.1,1060.0,15.55,46.650000000000006,2021-09-16,-21811.441739304682,701.3325318104398,0,False,0,Intraday SL Hit
INDUSINDBK.EQ-NSE,2021-10-01,1103.5,1160.0,26.6,79.80000000000001,2021-10-18,-33747.16810149525,634.3452650657,0,False,0,Intraday SL Hit
INDUSINDBK.EQ-NSE,2021-11-01,1226.05,1300.0,24.0,0.05,2021-11-25,13673.993719668855,570.9391949757351,0,False,0,No SL Hit
INDUSINDBK.EQ-NSE,2021-12-01,934.05,980.0,25.2,0.05,2021-12-30,18848.027407526362,749.4245490070125,0,False,0,No SL Hit
INDUSINDBK.EQ-NSE,2022-01-03,913.15,960.0,18.9,0.05,2022-01-27,14449.980835569184,766.5772326561902,0,False,0,No SL Hit
INDUSINDBK.EQ-NSE,2022-02-01,925.0,970.0,18.0,0.05,2022-02-24,13583.783783783783,756.7567567567568,0,False,0,No SL Hit
INDUSINDBK.EQ-NSE,2022-03-02,908.0,960.0,20.6,0.15,2022-03-31,15765.418502202645,770.9251101321586,0,False,0,No SL Hit
INDUSINDBK.EQ-NSE,2022-04-01,967.4,1020.0,17.2,0.05,2022-04-28,12409.551374819102,723.589001447178,0,False,0,No SL Hit
INDUSINDBK.EQ-NSE,2022-05-02,1016.4,1060.0,19.5,0.1,2022-05-26,13360.881542699723,688.7052341597796,0,False,0,No SL Hit
INDUSINDBK.EQ-NSE,2022-06-01,931.5,980.0,16.8,0.05,2022-06-30,12587.224906065485,751.4761137949544,0,False,0,No SL Hit
INDUSINDBK.EQ-NSE,2022-07-01,808.0,840.0,20.35,61.050000000000004,2022-07-20,-35259.90099009901,866.3366336633663,0,False,0,Intraday SL Hit
INDUSINDBK.EQ-NSE,2022-08-01,1039.0,1090.0,16.3,10.0,2022-08-25,4244.46583253128,673.7247353224254,0,False,0,No SL Hit
INDUSINDBK.EQ-NSE,2022-09-01,1113.8,1170.0,20.4,61.199999999999996,2022-09-14,-25641.94648949542,628.4790806248878,0,False,0,Intraday SL Hit
INDUSINDBK.EQ-NSE,2022-10-03,1156.0,1210.0,23.9,0.05,2022-10-27,14442.041522491349,605.5363321799308,0,False,0,No SL Hit
INDUSINDBK.EQ-NSE,2022-11-01,1150.3,1210.0,16.45,0.05,2022-11-24,9980.0052160306,608.5369034165001,0,False,0,No SL Hit
INDUSINDBK.EQ-NSE,2022-12-01,1172.0,1240.0,12.7,38.099999999999994,2022-12-14,-15170.648464163818,597.2696245733788,0,False,0,Intraday SL Hit
INDUSINDBK.EQ-NSE,2023-01-02,1226.45,1280.0,19.0,0.05,2023-01-25,10815.769089648986,570.7529862611602,0,False,0,No SL Hit
INDUSINDBK.EQ-NSE,2023-02-01,1039.95,1080.0,29.5,88.5,2023-02-09,-39713.44776191163,673.1092841001971,0,False,0,Intraday SL Hit
INDUSINDBK.EQ-NSE,2023-03-01,1104.05,1160.0,14.35,43.05,2023-03-08,-18196.639644943614,634.0292559213804,0,False,0,Intraday SL Hit
INDUSINDBK.EQ-NSE,2023-04-03,1079.0,1120.0,14.1,21.55,2023-04-27,-4833.1788693234475,648.7488415199258,0,False,0,No SL Hit
INDUSINDBK.EQ-NSE,2023-05-02,1151.9,1200.0,11.4,34.2,2023-05-12,-13855.369389703968,607.6916398992968,0,False,0,Intraday SL Hit
INDUSINDBK.EQ-NSE,2023-06-02,1285.0,1340.0,15.7,2.0,2023-06-28,7463.035019455252,544.7470817120623,0,False,0,No SL Hit
INDUSINDBK.EQ-NSE,2023-07-03,1378.5,1430.0,21.65,0.05,2023-07-27,10968.443960826986,507.7983315197679,0,False,0,No SL Hit
INDUSINDBK.EQ-NSE,2023-08-02,1380.0,1440.0,18.5,0.05,2023-08-31,9358.695652173912,507.2463768115942,0,False,0,No SL Hit
INDUSINDBK.EQ-NSE,2023-09-01,1415.0,1460.0,19.4,0.05,2023-09-28,9572.43816254417,494.69964664310953,0,False,0,No SL Hit
INDUSINDBK.EQ-NSE,2023-10-03,1434.0,1480.0,20.9,0.05,2023-10-26,10177.824267782426,488.1450488145049,0,False,0,No SL Hit
INDUSINDBK.EQ-NSE,2023-11-01,1434.9,1480.0,16.8,50.400000000000006,2023-11-09,-16391.38615931424,487.8388737891142,0,False,0,Intraday SL Hit
INDUSINDBK.EQ-NSE,2023-12-01,1461.9,1520.0,17.9,53.699999999999996,2023-12-15,-17142.075381353032,478.8289212668445,0,False,0,Intraday SL Hit
INDUSINDBK.EQ-NSE,2024-01-01,1596.0,1640.0,27.6,0.05,2024-01-25,12083.333333333334,438.5964912280702,0,False,0,No SL Hit
INDUSINDBK.EQ-NSE,2024-02-01,1536.95,1600.0,19.75,0.05,2024-02-29,8972.315299782036,455.44747714629625,0,False,0,No SL Hit
INDUSINDBK.EQ-NSE,2024-03-01,1524.0,1580.0,21.0,0.05,2024-03-28,9622.70341207349,459.31758530183725,0,False,0,No SL Hit
INDUSINDBK.EQ-NSE,2024-04-01,1542.6,1580.0,24.55,0.05,2024-04-25,11117.593673019579,453.77933359263585,0,False,0,No SL Hit
INDUSINDBK.EQ-NSE,2024-05-02,1505.0,1560.0,20.15,0.05,2024-05-30,9348.837209302324,465.1162790697674,0,False,0,No SL Hit
INDUSINDBK.EQ-NSE,2024-06-03,1528.95,1580.0,27.25,0.05,2024-06-27,12452.990614473985,457.8305372968377,0,False,0,No SL Hit
BAJAJFINSV.EQ-NSE,2019-01-01,651.5,680.0,12.395,0.005,2019-07-25,13312.35610130468,1074.4435917114351,0,False,0,No SL Hit
BAJAJFINSV.EQ-NSE,2019-08-01,708.4,740.0,11.215,0.005,2019-08-29,11077.075098814228,988.1422924901186,0,False,0,No SL Hit
BAJAJFINSV.EQ-NSE,2019-09-03,702.27002,730.0,11.83,35.49,2019-09-20,-23583.521335568334,996.7675966005212,0,False,0,Intraday SL Hit
BAJAJFINSV.EQ-NSE,2019-10-01,847.1,880.0,21.0,0.005,2019-10-31,17349.191358753396,826.3487191594853,0,False,0,No SL Hit
BAJAJFINSV.EQ-NSE,2019-11-01,839.5,870.0,18.7,56.099999999999994,2019-11-28,-31185.229303156633,833.8296605122097,0,False,0,Intraday SL Hit
BAJAJFINSV.EQ-NSE,2019-12-02,899.5200199999999,930.0,10.8,6.0,2019-12-26,3735.325423885508,778.1927966428141,0,False,0,No SL Hit
BAJAJFINSV.EQ-NSE,2020-01-01,937.13496,980.0,7.0,0.01,2020-01-30,5221.233022829498,746.9575139956363,0,False,0,No SL Hit
BAJAJFINSV.EQ-NSE,2020-02-03,910.5,950.0,10.305,30.915,2020-02-06,-15845.14003294893,768.8083470620538,0,False,0,Intraday SL Hit
BAJAJFINSV.EQ-NSE,2020-03-02,891.9,930.0,19.16,0.0349999999999999,2020-03-26,15010.090817356206,784.8413499271219,0,False,0,No SL Hit
BAJAJFINSV.EQ-NSE,2020-04-01,449.1,480.0,39.705,33.5,2020-04-30,9671.565352928075,1558.672901358272,0,False,0,No SL Hit
BAJAJFINSV.EQ-NSE,2020-05-04,479.5,510.0,22.825,0.005,2020-05-28,33313.868613138686,1459.85401459854,0,False,0,No SL Hit
BAJAJFINSV.EQ-NSE,2020-06-01,475.0,510.0,14.255,51.995000000000005,2020-06-03,-55616.84210526316,1473.6842105263158,0,False,0,Overnight SL Hit
BAJAJFINSV.EQ-NSE,2020-07-01,614.88501,670.0,18.009999999999998,0.005,2020-07-30,20497.328435441937,1138.4242396801965,0,False,0,No SL Hit
BAJAJFINSV.EQ-NSE,2020-08-03,611.175,660.0,14.44,0.12,2020-08-27,16401.194420583302,1145.3348059066552,0,False,0,No SL Hit
BAJAJFINSV.EQ-NSE,2020-09-01,636.2,680.0,12.46,0.005,2020-09-24,13704.023891857907,1100.282929896259,0,False,0,No SL Hit
BAJAJFINSV.EQ-NSE,2020-10-01,605.0,650.0,9.095,0.005,2020-10-29,10517.355371900827,1157.0247933884298,0,False,0,No SL Hit
BAJAJFINSV.EQ-NSE,2020-11-02,569.4950200000001,610.0,10.1,30.299999999999997,2020-11-06,-24829.014308149694,1229.1591241658266,0,False,0,Intraday SL Hit
BAJAJFINSV.EQ-NSE,2020-12-01,872.8,950.0,19.095,0.005,2020-12-31,15310.49495875344,802.0164986251147,0,False,0,No SL Hit
BAJAJFINSV.EQ-NSE,2021-01-01,887.0200199999999,960.0,16.0,0.005,2021-01-28,12622.601235088247,789.1591894397153,0,False,0,No SL Hit
BAJAJFINSV.EQ-NSE,2021-02-01,974.0,1050.0,16.675,0.01,2021-02-25,11976.899383983571,718.6858316221766,0,False,0,No SL Hit
BAJAJFINSV.EQ-NSE,2021-03-01,979.0,1060.0,20.065,0.01,2021-03-25,14339.632277834524,715.0153217568948,0,False,0,No SL Hit
BAJAJFINSV.EQ-NSE,2021-04-01,981.0,1050.0,12.565,37.695,2021-04-29,-17931.702344546382,713.5575942915392,0,False,0,Intraday SL Hit
BAJAJFINSV.EQ-NSE,2021-05-03,1103.0,1160.0,25.0,35.28,2021-05-27,-6524.025385312784,634.6328195829556,0,False,0,No SL Hit
BAJAJFINSV.EQ-NSE,2021-06-01,1176.0,1230.0,23.0,8.0,2021-06-24,8928.571428571428,595.2380952380952,0,False,0,No SL Hit
BAJAJFINSV.EQ-NSE,2021-07-01,1183.9,1240.0,20.05,60.150000000000006,2021-07-09,-23709.772784863588,591.2661542359996,0,False,0,Intraday SL Hit
BAJAJFINSV.EQ-NSE,2021-08-02,1413.4,1480.0,19.865,59.595,2021-08-23,-19676.6661949908,495.25965756332243,0,False,0,Intraday SL Hit
BAJAJFINSV.EQ-NSE,2021-09-01,1677.6,1760.0,31.315,93.94500000000001,2021-09-23,-26133.166428230812,417.2627563185503,0,False,0,Intraday SL Hit
BAJAJFINSV.EQ-NSE,2021-10-01,1721.5,1800.0,55.0,0.22,2021-10-28,22274.760383386583,406.62213186174847,0,False,0,No SL Hit
BAJAJFINSV.EQ-NSE,2021-11-01,1753.5,1830.0,43.5,0.005,2021-11-25,17363.27345309381,399.2015968063872,0,False,0,No SL Hit
BAJAJFINSV.EQ-NSE,2021-12-01,1740.0,1825.0,26.275,0.005,2021-12-30,10568.3908045977,402.2988505747126,0,False,0,No SL Hit
BAJAJFINSV.EQ-NSE,2022-01-03,1696.0,1775.0,29.705,89.115,2022-01-19,-24520.63679245283,412.7358490566038,0,False,0,Intraday SL Hit
BAJAJFINSV.EQ-NSE,2022-02-01,1591.52002,1650.0,38.8,0.005,2022-02-24,17063.247498451197,439.8310993285526,0,False,0,No SL Hit
BAJAJFINSV.EQ-NSE,2022-03-02,1607.0,1675.0,42.9,30.0,2022-03-31,5619.166148102053,435.5942750466708,0,False,0,No SL Hit
BAJAJFINSV.EQ-NSE,2022-04-01,1715.0,1800.0,35.595,0.005,2022-04-28,14526.530612244896,408.16326530612247,0,False,0,No SL Hit
BAJAJFINSV.EQ-NSE,2022-05-02,1492.11504,1550.0,32.1,0.01,2022-05-26,15054.469258616951,469.13272853278124,0,False,0,No SL Hit
BAJAJFINSV.EQ-NSE,2022-06-01,1258.5,1325.0,29.125,0.015,2022-06-30,16191.497814858958,556.21771950735,0,False,0,No SL Hit
BAJAJFINSV.EQ-NSE,2022-07-01,1131.5,1175.0,31.18,107.42,2022-07-22,-47165.70923552807,618.6478126380911,0,False,0,Overnight SL Hit
BAJAJFINSV.EQ-NSE,2022-08-01,1506.1299800000002,1575.0,31.58,94.74,2022-08-17,-29354.70416703344,464.767323733905,0,False,0,Intraday SL Hit
BAJAJFINSV.EQ-NSE,2022-09-01,1744.0,1825.0,45.0,0.05,2022-09-29,18041.85779816514,401.3761467889908,0,False,0,No SL Hit
BAJAJFINSV.EQ-NSE,2022-10-03,1645.0,1720.0,39.35,0.05,2022-10-27,16723.40425531915,425.531914893617,0,False,0,No SL Hit
BAJAJFINSV.EQ-NSE,2022-11-01,1708.9,1780.0,22.8,0.05,2022-11-24,9318.860085435075,409.6202235356077,0,False,0,No SL Hit
BAJAJFINSV.EQ-NSE,2022-12-01,1638.5,1720.0,25.5,0.05,2022-12-29,10872.749465974977,427.22001830942935,0,False,0,No SL Hit
BAJAJFINSV.EQ-NSE,2023-01-02,1550.1,1620.0,19.0,0.05,2023-01-25,8557.512418553642,451.5837687891104,0,False,0,No SL Hit
BAJAJFINSV.EQ-NSE,2023-02-01,1269.35,1320.0,26.0,78.0,2023-02-09,-28676.09406389097,551.4633473825187,0,False,0,Intraday SL Hit
BAJAJFINSV.EQ-NSE,2023-03-01,1345.0,1400.0,20.7,0.05,2023-03-29,10747.21189591078,520.446096654275,0,False,0,No SL Hit
BAJAJFINSV.EQ-NSE,2023-04-03,1283.0,1340.0,15.45,20.0,2023-04-27,-2482.462977396727,545.5962587685113,0,False,0,No SL Hit
BAJAJFINSV.EQ-NSE,2023-05-02,1346.9,1400.0,16.0,48.0,2023-05-09,-16630.7817952335,519.7119311010468,0,False,0,Intraday SL Hit
BAJAJFINSV.EQ-NSE,2023-06-02,1455.5,1520.0,15.5,46.5,2023-06-19,-14908.965991068362,480.9343868086568,0,False,0,Intraday SL Hit
BAJAJFINSV.EQ-NSE,2023-07-03,1540.9,1600.0,24.0,72.0,2023-07-04,-21805.438380167434,454.27996625348817,0,False,0,Intraday SL Hit
BAJAJFINSV.EQ-NSE,2023-08-02,1525.5,1580.0,25.5,0.05,2023-08-31,11678.138315306456,458.8659455916093,0,False,0,No SL Hit
BAJAJFINSV.EQ-NSE,2023-09-01,1514.0,1560.0,24.95,0.25,2023-09-28,11420.07926023778,462.35138705416114,0,False,0,No SL Hit
BAJAJFINSV.EQ-NSE,2023-10-03,1560.8,1610.0,22.1,66.30000000000001,2023-10-17,-19823.16760635572,448.4879548949257,0,False,0,Intraday SL Hit
BAJAJFINSV.EQ-NSE,2023-11-01,1568.0,1620.0,18.45,55.349999999999994,2023-11-30,-16473.214285714283,446.42857142857144,0,False,0,Intraday SL Hit
BAJAJFINSV.EQ-NSE,2023-12-01,1681.55,1730.0,25.0,0.05,2023-12-28,10386.250780529868,416.2825964140228,0,False,0,No SL Hit
BAJAJFINSV.EQ-NSE,2024-01-01,1672.0,1720.0,33.75,0.05,2024-01-25,14108.85167464115,418.66028708133973,0,False,0,No SL Hit
BAJAJFINSV.EQ-NSE,2024-02-01,1625.0,1680.0,21.55,0.1,2024-02-29,9240.0,430.7692307692308,0,False,0,No SL Hit
BAJAJFINSV.EQ-NSE,2024-03-01,1610.2,1660.0,25.0,1.0,2024-03-28,10433.48652341324,434.7286051422183,0,False,0,No SL Hit
BAJAJFINSV.EQ-NSE,2024-04-01,1644.0,1680.0,32.95,0.05,2024-04-25,14008.515815085162,425.79075425790757,0,False,0,No SL Hit
BAJAJFINSV.EQ-NSE,2024-05-02,1618.0,1660.0,28.9,86.69999999999999,2024-05-03,-25006.180469715695,432.63288009888754,0,False,0,Intraday SL Hit
BAJAJFINSV.EQ-NSE,2024-06-03,1576.05,1620.0,33.95,0.05,2024-06-27,15056.628914057299,444.1483455474129,0,False,0,No SL Hit
GRASIM.EQ-NSE,2019-01-01,830.5309009009009,876.5,10.906414061119944,0.0498009774480362,2019-01-31,9150.326797385622,842.8343836944415,0,False,0,No SL Hit
GRASIM.EQ-NSE,2019-02-01,716.735667432138,737.05,20.767007595831124,35.856703762586115,2019-02-28,-14737.354085603112,976.6501540350333,0,False,0,No SL Hit
GRASIM.EQ-NSE,2019-03-01,788.9968857092387,816.75,15.537904963787316,10.458205264087615,2019-03-28,4506.722211702329,887.2024879676954,0,False,0,No SL Hit
GRASIM.EQ-NSE,2019-04-01,849.2560684213624,886.45,16.932332332332333,50.796996996996995,2019-04-25,-27912.97718876444,824.250807299138,0,False,0,Intraday SL Hit
GRASIM.EQ-NSE,2019-05-02,893.4295354177707,926.3,21.26501737031149,0.0996019548960725,2019-05-30,16583.05462653289,783.4977155447157,0,False,0,No SL Hit
GRASIM.EQ-NSE,2019-06-03,892.43351586881,926.3,14.94029323441088,0.1494029323441088,2019-06-27,11601.5625,784.3721549593861,0,False,0,No SL Hit
GRASIM.EQ-NSE,2019-07-01,915.0431596302184,946.2,16.533924512748044,0.0498009774480362,2019-07-25,12610.210079460108,764.9912385366388,0,False,0,No SL Hit
GRASIM.EQ-NSE,2019-08-01,771.4669416475298,806.8,14.1434775952423,0.0498009774480362,2019-08-29,12788.070492544059,907.3622759584405,0,False,0,No SL Hit
GRASIM.EQ-NSE,2019-09-03,694.1260236707295,717.15,15.88651180592357,47.65953541777071,2019-09-23,-32041.89984215813,1008.4624061466637,0,False,0,Intraday SL Hit
GRASIM.EQ-NSE,2019-10-01,691.8351787081199,717.15,19.62158511452629,49.80097744803627,2019-10-31,-30535.56003455226,1011.8016856372157,0,False,0,No SL Hit
GRASIM.EQ-NSE,2019-11-01,775.3016169110286,816.75,19.27297827239004,0.0498009774480362,2019-11-28,17356.115107913673,902.874422974833,0,False,0,No SL Hit
GRASIM.EQ-NSE,2019-12-02,802.1941447329682,836.65,16.235118648059824,0.0498009774480362,2019-12-26,14123.416935684134,872.6067182066179,0,False,0,No SL Hit
GRASIM.EQ-NSE,2020-01-01,739.7437190131308,776.9,9.312782782782785,27.938348348348356,2020-01-23,-17624.882186616407,946.2736647954894,0,False,0,Intraday SL Hit
GRASIM.EQ-NSE,2020-02-03,773.9071895424836,816.75,11.852632632632632,0.0498009774480362,2020-02-27,10675.675675675677,904.5012237369499,0,False,0,No SL Hit
GRASIM.EQ-NSE,2020-03-02,666.3370782547253,697.2,17.928351881293057,0.0498009774480362,2020-03-26,18781.763826606875,1050.5193585106279,0,False,0,No SL Hit
GRASIM.EQ-NSE,2020-04-01,467.1331684625802,498.0,30.72720308543838,2.9880586468821764,2020-04-30,41567.16417910448,1498.502027385096,0,False,0,No SL Hit
GRASIM.EQ-NSE,2020-05-04,478.2387864334923,517.95,20.368599776246835,54.7810751928399,2020-05-28,-50369.67614287203,1463.7039484402999,0,False,0,No SL Hit
GRASIM.EQ-NSE,2020-06-01,579.384571630454,617.55,15.637506918683387,0.1494029323441088,2020-06-25,18712.394705174484,1208.1785299013407,0,False,0,No SL Hit
GRASIM.EQ-NSE,2020-07-01,611.6058040393334,657.35,14.442283459930518,0.0498009774480362,2020-07-30,16472.599951144042,1144.528052835453,0,False,0,No SL Hit
GRASIM.EQ-NSE,2020-08-03,630.8787823117234,667.35,17.23113819702055,13.047856091385505,2020-08-27,4641.616671929268,1109.56338939629,0,False,0,No SL Hit
GRASIM.EQ-NSE,2020-09-01,680.4307548725195,727.1,14.790890302066773,0.0498009774480362,2020-09-24,15165.044280172731,1028.760083208095,0,False,0,No SL Hit
GRASIM.EQ-NSE,2020-10-01,748.7078949537773,806.8,7.021937820173114,0.0996019548960725,2020-10-29,6471.996807236929,934.9440612526406,0,False,0,No SL Hit
GRASIM.EQ-NSE,2020-11-02,784.8634045810517,836.65,13.645467820761937,31.872625566743213,2020-11-26,-16256.345177664974,891.8749376187943,0,False,0,No SL Hit
GRASIM.EQ-NSE,2020-12-01,903.1407260201378,976.1,14.442283459930518,0.0498009774480362,2020-12-31,11155.224703611799,775.0730089259553,0,False,0,No SL Hit
GRASIM.EQ-NSE,2021-01-01,929.2364382029087,996.0,15.338701053995171,46.01610316198551,2021-01-08,-23109.491398252852,753.3066625688515,0,False,0,Intraday SL Hit
GRASIM.EQ-NSE,2021-02-01,1126.2989059647882,1195.2,26.394518047459226,69.72136842725078,2021-02-25,-26927.838698266714,621.5046434768394,0,False,0,No SL Hit
GRASIM.EQ-NSE,2021-03-01,1264.9448271801214,1344.65,19.92039097921451,59.76117293764353,2021-03-04,-22047.24409448819,553.3838195618976,0,False,0,Intraday SL Hit
GRASIM.EQ-NSE,2021-04-01,1447.266205617382,1533.85,17.5797450391568,0.0996019548960725,2021-04-29,8454.62991638278,483.6705212096005,0,False,0,No SL Hit
GRASIM.EQ-NSE,2021-05-03,1408.3716422304658,1474.1,29.98018842371784,0.0498009774480362,2021-05-27,14876.23762376238,497.02790017228426,0,False,0,No SL Hit
GRASIM.EQ-NSE,2021-06-01,1442.883719601955,1494.05,25.09969263381028,0.0498009774480362,2021-06-24,12152.693887412419,485.13957881034753,0,False,0,No SL Hit
GRASIM.EQ-NSE,2021-07-01,1494.029323441088,1553.8,19.02397338514985,57.071920155449554,2021-07-22,-17826.666666666664,468.53163389574,0,False,0,Intraday SL Hit
GRASIM.EQ-NSE,2021-08-02,1582.3762574339046,1633.45,30.77700406288641,0.0498009774480362,2021-08-26,13592.8746774092,442.3726637147416,0,False,0,No SL Hit
GRASIM.EQ-NSE,2021-09-01,1479.0890302066773,1533.85,23.80486722016133,71.414601660484,2021-09-08,-22531.986531986528,473.2642766623636,0,False,0,Intraday SL Hit
GRASIM.EQ-NSE,2021-10-01,1663.3526467644117,1733.05,46.66351586880999,0.1494029323441088,2021-10-28,19574.850299401194,420.83679691234124,0,False,0,No SL Hit
GRASIM.EQ-NSE,2021-11-01,1777.8948948948948,1832.7,45.518093387505154,0.0498009774480362,2021-11-25,17901.960784313727,393.7240620972605,0,False,0,No SL Hit
GRASIM.EQ-NSE,2021-12-01,1681.6296054878403,1753.0,33.864664664664666,0.0498009774480362,2021-12-30,14075.872893653572,416.2628903033199,0,False,0,No SL Hit
GRASIM.EQ-NSE,2022-01-03,1659.3685685685684,1713.15,26.344717070011185,79.03415121003356,2022-01-07,-22226.89075630252,421.847209389922,0,False,0,Intraday SL Hit
GRASIM.EQ-NSE,2022-02-01,1764.9466407584057,1832.7,34.76108225872932,0.1494029323441088,2022-02-24,13727.426636568847,396.6125569094864,0,False,0,No SL Hit
GRASIM.EQ-NSE,2022-03-02,1551.649054348466,1613.55,41.38461225931814,38.79496143202026,2022-03-31,1168.2767917321926,451.1329401698559,0,False,0,No SL Hit
GRASIM.EQ-NSE,2022-04-01,1659.3685685685684,1733.05,32.17143143143143,96.51429429429429,2022-04-11,-27142.857142857145,421.847209389922,0,False,0,Intraday SL Hit
GRASIM.EQ-NSE,2022-05-02,1674.0598569157391,1733.05,26.892527821939584,0.0498009774480362,2022-05-26,11224.155882790421,418.14514403903615,0,False,0,No SL Hit
GRASIM.EQ-NSE,2022-06-01,1440.1446658423129,1494.05,32.07182947653536,0.0498009774480362,2022-06-30,15564.700186734908,486.0622801325195,0,False,0,No SL Hit
GRASIM.EQ-NSE,2022-07-01,1340.3435070364485,1394.45,27.04193075428369,81.12579226285106,2022-07-22,-28245.522776250265,522.2541806075722,0,False,0,Intraday SL Hit
GRASIM.EQ-NSE,2022-08-01,1562.3562644997935,1633.45,18.874570452805745,0.0996019548960725,2022-08-25,8411.959709294913,448.04121563407506,0,False,0,No SL Hit
GRASIM.EQ-NSE,2022-09-01,1674.6574686451156,1753.0,26.99212977683566,0.2988058646882176,2022-09-29,11157.700657209982,417.9959263946293,0,False,0,No SL Hit
GRASIM.EQ-NSE,2022-10-03,1643.432255785197,1713.15,20.96621150562327,3.237063534122357,2022-10-27,7551.515151515152,425.93784899612723,0,False,0,No SL Hit
GRASIM.EQ-NSE,2022-11-01,1757.9247029382325,1832.7,21.4144203026556,0.0498009774480362,2022-11-24,8507.323153630416,398.1968049200317,0,False,0,No SL Hit
GRASIM.EQ-NSE,2022-12-01,1798.81130542307,1872.5,28.88456691986104,0.0498009774480362,2022-12-29,11220.93023255814,389.1458753286877,0,False,0,No SL Hit
GRASIM.EQ-NSE,2023-01-02,1726.1018783489371,1792.85,17.729147971500915,0.0498009774480362,2023-01-25,7169.6480092325455,405.53805588206,0,False,0,No SL Hit
GRASIM.EQ-NSE,2023-02-01,1572.5156638991932,1633.45,24.900488724018132,0.0498009774480362,2023-02-23,11062.199138586268,445.1465992168799,0,False,0,No SL Hit
GRASIM.EQ-NSE,2023-03-01,1588.651180592357,1653.4,14.193278572690335,0.0498009774480362,2023-03-29,6231.974921630093,440.6253610304765,0,False,0,No SL Hit
GRASIM.EQ-NSE,2023-04-03,1618.5317670611787,1673.3,18.82476947535771,56.47430842607312,2023-04-11,-16283.07692307692,432.4907389806831,0,False,0,Intraday SL Hit
GRASIM.EQ-NSE,2023-05-02,1725.1058587999764,1772.9,23.85466819760937,0.0498009774480362,2023-05-25,9659.353348729792,405.77220025612587,0,False,0,No SL Hit
GRASIM.EQ-NSE,2023-06-02,1703.0938267679444,1753.0,19.721187069422363,59.16356120826709,2023-06-15,-16211.474355225451,411.01669737622666,0,False,0,Intraday SL Hit
GRASIM.EQ-NSE,2023-07-03,1789.8471294824235,1832.7,32.47023729611965,0.2490048872401813,2023-07-27,12601.55815247635,391.0948530014524,0,False,0,No SL Hit
GRASIM.EQ-NSE,2023-08-02,1812.7555791085204,1872.5,33.06784902549609,0.0498009774480362,2023-08-31,12750.0,386.152445518467,0,False,0,No SL Hit
GRASIM.EQ-NSE,2023-09-01,1817.685875875876,1872.5,26.44431902490726,79.33295707472178,2023-09-13,-20367.681306337156,385.10504443607215,0,False,0,Intraday SL Hit
GRASIM.EQ-NSE,2023-10-03,1912.3575340045927,1952.2,32.17143143143143,0.0498009774480362,2023-10-26,11757.8125,366.0403389810469,0,False,0,No SL Hit
GRASIM.EQ-NSE,2023-11-01,1864.548595654478,1912.35,23.954270152505448,71.86281045751635,2023-11-17,-17986.111111111113,375.42598869850957,0,False,0,Intraday SL Hit
GRASIM.EQ-NSE,2023-12-01,2002.4973031855384,2051.8,38.247150680091856,68.67554790084202,2023-12-28,-10636.657547873665,349.5635169577767,0,False,0,No SL Hit
CIPLA.EQ-NSE,2019-01-01,522.75,550.0,6.3,0.05,2019-01-31,8369.201339072213,1339.0722142515542,0,False,0,No SL Hit
CIPLA.EQ-NSE,2019-02-01,521.3,540.0,11.15,14.0,2019-02-28,-3826.9710339535773,1342.7968540187992,0,False,0,No SL Hit
CIPLA.EQ-NSE,2019-03-01,550.7,570.0,9.0,0.05,2019-03-28,11376.429998184127,1271.1094970038132,0,False,0,No SL Hit
CIPLA.EQ-NSE,2019-04-01,526.75,545.0,8.9,9.55,2019-04-25,-863.7873754152829,1328.9036544850499,0,False,0,No SL Hit
CIPLA.EQ-NSE,2019-05-02,568.0,590.0,12.45,0.05,2019-05-30,15281.690140845067,1232.394366197183,0,False,0,No SL Hit
CIPLA.EQ-NSE,2019-06-03,568.25,590.0,6.2,0.05,2019-11-28,7575.890893092829,1231.8521777386713,0,False,0,No SL Hit
CIPLA.EQ-NSE,2019-12-02,463.8,480.0,8.9,0.05,2019-12-26,13357.050452781372,1509.2712376024149,0,False,0,No SL Hit
CIPLA.EQ-NSE,2020-01-01,476.4,500.0,5.15,0.05,2020-01-30,7493.702770780858,1469.3534844668347,0,False,0,No SL Hit
CIPLA.EQ-NSE,2020-02-03,443.8,460.0,10.4,0.05,2020-02-27,16324.921135646688,1577.2870662460568,0,False,0,No SL Hit
CIPLA.EQ-NSE,2020-03-02,405.0,420.0,7.25,21.75,2020-03-04,-25061.72839506173,1728.3950617283951,0,False,0,Intraday SL Hit
CIPLA.EQ-NSE,2020-04-01,413.8,430.0,20.4,61.199999999999996,2020-04-07,-69018.84968583856,1691.6384726921217,0,False,0,Intraday SL Hit
CIPLA.EQ-NSE,2020-05-04,611.9,640.0,27.6,0.05,2020-05-28,31516.58767772512,1143.9777741461023,0,False,0,No SL Hit
CIPLA.EQ-NSE,2020-06-01,640.6,670.0,15.5,0.05,2020-06-25,16882.61005307524,1092.7255697783328,0,False,0,No SL Hit
CIPLA.EQ-NSE,2020-07-01,628.2,660.0,15.0,26.0,2020-07-30,-12257.242916268704,1114.2948105698822,0,False,0,No SL Hit
CIPLA.EQ-NSE,2020-08-03,711.15,740.0,27.55,12.9,2020-08-27,14420.30513956268,984.3211699360191,0,False,0,No SL Hit
CIPLA.EQ-NSE,2020-09-01,740.15,770.0,20.3,0.1,2020-09-24,19104.235627913262,945.754239005607,0,False,0,No SL Hit
CIPLA.EQ-NSE,2020-10-01,775.55,820.0,19.4,0.05,2020-10-29,17465.024821094707,902.585262072078,0,False,0,No SL Hit
CIPLA.EQ-NSE,2020-11-02,749.25,790.0,19.1,0.05,2020-11-26,17797.7977977978,934.2676009342676,0,False,0,No SL Hit
CIPLA.EQ-NSE,2020-12-01,756.5,800.0,15.3,17.0,2020-12-31,-1573.0337078651678,925.3139458030403,0,False,0,No SL Hit
CIPLA.EQ-NSE,2021-01-01,827.3,870.0,17.4,0.05,2021-01-28,14680.285265320921,846.1259518916959,0,False,0,No SL Hit
CIPLA.EQ-NSE,2021-02-01,805.5,850.0,20.8,0.05,2021-02-25,18032.27808814401,869.0254500310366,0,False,0,No SL Hit
CIPLA.EQ-NSE,2021-03-01,789.3,830.0,17.8,0.05,2021-03-25,15741.79652856962,886.8617762574434,0,False,0,No SL Hit
CIPLA.EQ-NSE,2021-04-01,818.0,860.0,10.85,32.55,2021-04-09,-18569.68215158924,855.7457212713937,0,False,0,Intraday SL Hit
CIPLA.EQ-NSE,2021-05-03,909.0,950.0,27.55,0.15,2021-05-27,21100.110011001103,770.0770077007701,0,False,0,No SL Hit
CIPLA.EQ-NSE,2021-06-01,946.5,980.0,17.7,0.05,2021-06-24,13053.354463814052,739.5668251452721,0,False,0,No SL Hit
CIPLA.EQ-NSE,2021-07-01,979.0,1020.0,14.7,0.05,2021-07-29,10474.974463738507,715.0153217568948,0,False,0,No SL Hit
CIPLA.EQ-NSE,2021-08-02,922.15,960.0,17.45,0.05,2021-08-26,13208.263297728134,759.0955918234561,0,False,0,No SL Hit
CIPLA.EQ-NSE,2021-09-01,921.0,960.0,14.4,43.2,2021-09-29,-21889.25081433225,760.043431053203,0,False,0,Intraday SL Hit
CIPLA.EQ-NSE,2021-10-01,984.05,1020.0,28.0,0.05,2021-10-28,19882.119810985212,711.3459681926731,0,False,0,No SL Hit
CIPLA.EQ-NSE,2021-11-01,908.95,940.0,17.35,0.05,2021-11-25,13323.065075086639,770.1193685021178,0,False,0,No SL Hit
CIPLA.EQ-NSE,2021-12-01,928.0,960.0,19.05,0.05,2021-12-30,14331.896551724138,754.3103448275862,0,False,0,No SL Hit
CIPLA.EQ-NSE,2022-01-03,931.75,960.0,16.0,0.3,2022-01-27,11795.009390931044,751.2744834987926,0,False,0,No SL Hit
CIPLA.EQ-NSE,2022-02-01,944.0,970.0,14.5,0.05,2022-02-24,10715.042372881355,741.5254237288135,0,False,0,No SL Hit
CIPLA.EQ-NSE,2022-03-02,923.2,960.0,14.95,44.849999999999994,2022-03-09,-22671.143847486997,758.2322357019063,0,False,0,Intraday SL Hit
CIPLA.EQ-NSE,2022-04-01,1018.65,1050.0,20.7,0.05,2022-04-28,14190.349973003484,687.1840180631227,0,False,0,No SL Hit
CIPLA.EQ-NSE,2022-05-02,979.7,1010.0,17.15,0.1,2022-05-26,12182.300704297231,714.5044401347351,0,False,0,No SL Hit
CIPLA.EQ-NSE,2022-06-01,982.3,1020.0,15.35,0.05,2022-06-30,10902.982795479997,712.6132546065357,0,False,0,No SL Hit
CIPLA.EQ-NSE,2022-07-01,948.0,980.0,12.0,0.15,2022-07-28,8750.0,738.3966244725739,0,False,0,No SL Hit
CIPLA.EQ-NSE,2022-08-01,1005.0,1040.0,14.1,0.05,2022-08-25,9786.069651741293,696.5174129353234,0,False,0,No SL Hit
CIPLA.EQ-NSE,2022-09-01,1024.0,1060.0,16.65,49.949999999999996,2022-09-29,-22763.671874999996,683.59375,0,False,0,Intraday SL Hit
CIPLA.EQ-NSE,2022-10-03,1130.0,1170.0,19.85,0.6,2022-10-27,11924.778761061947,619.4690265486726,0,False,0,No SL Hit
CIPLA.EQ-NSE,2022-11-01,1173.0,1210.0,17.0,0.05,2022-11-24,10115.089514066496,596.7604433077579,0,False,0,No SL Hit
CIPLA.EQ-NSE,2022-12-01,1125.0,1160.0,14.75,0.05,2022-12-29,9146.666666666666,622.2222222222222,0,False,0,No SL Hit
CIPLA.EQ-NSE,2023-01-02,1074.5,1110.0,15.15,0.05,2023-01-25,9837.1335504886,651.4657980456026,0,False,0,No SL Hit
CIPLA.EQ-NSE,2023-02-01,1032.4,1060.0,13.0,0.05,2023-02-23,8780.511429678418,678.031770631538,0,False,0,No SL Hit
CIPLA.EQ-NSE,2023-03-01,900.0,930.0,12.75,0.05,2023-03-29,9877.777777777777,777.7777777777778,0,False,0,No SL Hit
CIPLA.EQ-NSE,2023-04-03,891.15,920.0,10.5,0.05,2023-04-27,8208.494641755035,785.5018795937833,0,False,0,No SL Hit
CIPLA.EQ-NSE,2023-05-02,919.05,940.0,13.85,0.25,2023-05-25,10358.522387247702,761.6560578858605,0,False,0,No SL Hit
CIPLA.EQ-NSE,2023-06-02,965.0,990.0,9.7,29.099999999999998,2023-06-19,-14072.538860103625,725.3886010362694,0,False,0,Intraday SL Hit
CIPLA.EQ-NSE,2023-07-03,1002.5,1030.0,13.9,41.7,2023-07-26,-19411.471321695764,698.2543640897755,0,False,0,Intraday SL Hit
CIPLA.EQ-NSE,2023-08-02,1167.95,1200.0,20.45,61.349999999999994,2023-08-08,-24513.03566077314,599.3407252022774,0,False,0,Intraday SL Hit
CIPLA.EQ-NSE,2023-09-01,1244.95,1280.0,20.1,0.05,2023-09-28,11273.545122294068,562.271577171774,0,False,0,No SL Hit
CIPLA.EQ-NSE,2023-10-03,1182.85,1210.0,19.8,0.05,2023-10-26,11687.872511307436,591.7910132307562,0,False,0,No SL Hit
CIPLA.EQ-NSE,2023-11-01,1200.35,1240.0,12.0,36.0,2023-11-22,-13995.917857291624,583.1632440538177,0,False,0,Intraday SL Hit
CIPLA.EQ-NSE,2023-12-01,1204.9,1240.0,17.6,22.0,2023-12-28,-2556.22873267491,580.9610756079343,0,False,0,No SL Hit
CIPLA.EQ-NSE,2024-01-01,1250.05,1290.0,23.3,79.2,2024-01-23,-31302.747890084403,559.9776008959642,0,False,0,Overnight SL Hit
CIPLA.EQ-NSE,2024-02-01,1383.9,1430.0,20.5,52.35,2024-02-29,-16110.26808295397,505.81689428426904,0,False,0,No SL Hit
CIPLA.EQ-NSE,2024-03-01,1467.05,1510.0,28.0,0.05,2024-03-28,13336.287106778911,477.1480181316247,0,False,0,No SL Hit
CIPLA.EQ-NSE,2024-04-01,1497.0,1540.0,21.65,0.05,2024-04-25,10100.200400801601,467.6018704074816,0,False,0,No SL Hit
CIPLA.EQ-NSE,2024-05-02,1421.0,1460.0,28.4,12.0,2024-05-30,8078.817733990147,492.61083743842363,0,False,0,No SL Hit
CIPLA.EQ-NSE,2024-06-03,1450.9,1500.0,21.0,63.0,2024-06-14,-20263.284857674545,482.4591632779654,0,False,0,Intraday SL Hit
ADANIPORTS.EQ-NSE,2019-01-01,390.6,410.0,6.65,0.05,2019-01-31,11827.956989247312,1792.1146953405016,0,False,0,No SL Hit
ADANIPORTS.EQ-NSE,2019-02-01,339.05,355.0,8.75,0.05,2019-02-28,17961.95251437841,2064.592243032001,0,False,0,No SL Hit
ADANIPORTS.EQ-NSE,2019-03-01,332.35,350.0,6.65,19.950000000000003,2019-03-12,-28012.637279975934,2106.2133293214983,0,False,0,Intraday SL Hit
ADANIPORTS.EQ-NSE,2019-04-01,381.55,400.0,7.0,0.1,2019-04-25,12658.891364172456,1834.6219368365876,0,False,0,No SL Hit
ADANIPORTS.EQ-NSE,2019-05-02,395.3,410.0,13.3,0.05,2019-05-30,23463.19251201619,1770.8069820389578,0,False,0,No SL Hit
ADANIPORTS.EQ-NSE,2019-06-03,423.15,440.0,6.95,0.05,2019-06-27,11414.392059553351,1654.259718775848,0,False,0,No SL Hit
ADANIPORTS.EQ-NSE,2019-07-01,411.9,430.0,5.4,0.05,2019-07-25,9092.012624423405,1699.4416120417577,0,False,0,No SL Hit
ADANIPORTS.EQ-NSE,2019-08-01,371.1,390.0,6.5,0.05,2019-08-29,12166.531932093776,1886.284020479655,0,False,0,No SL Hit
ADANIPORTS.EQ-NSE,2019-09-03,361.0,370.0,8.1,24.299999999999997,2019-09-23,-31412.74238227146,1939.0581717451523,0,False,0,Intraday SL Hit
ADANIPORTS.EQ-NSE,2019-10-01,405.0,425.0,7.4,0.05,2019-10-31,12703.703703703704,1728.3950617283951,0,False,0,No SL Hit
ADANIPORTS.EQ-NSE,2019-11-01,389.0,405.0,11.15,0.05,2019-11-28,19974.293059125965,1799.4858611825193,0,False,0,No SL Hit
ADANIPORTS.EQ-NSE,2019-12-02,377.7,390.0,8.5,0.05,2019-12-26,15660.577177654222,1853.3227429176595,0,False,0,No SL Hit
ADANIPORTS.EQ-NSE,2020-01-01,377.45,395.0,6.0,0.1,2020-01-30,10941.846602198968,1854.550271559147,0,False,0,No SL Hit
ADANIPORTS.EQ-NSE,2020-02-03,369.0,385.0,7.6,0.05,2020-02-27,14322.493224932248,1897.0189701897018,0,False,0,No SL Hit
ADANIPORTS.EQ-NSE,2020-03-02,340.5,355.0,8.45,0.05,2020-06-25,17268.72246696035,2055.800293685756,0,False,0,No SL Hit
ADANIPORTS.EQ-NSE,2020-07-01,344.45,365.0,6.0,0.05,2020-08-27,12091.740455799101,2032.2252866889244,0,False,0,No SL Hit
ADANIPORTS.EQ-NSE,2020-09-01,351.0,370.0,10.5,0.05,2020-09-24,20840.455840455837,1994.3019943019942,0,False,0,No SL Hit
ADANIPORTS.EQ-NSE,2020-10-01,353.95,375.0,5.25,0.05,2020-10-29,10283.938409379856,1977.68046334228,0,False,0,No SL Hit
ADANIPORTS.EQ-NSE,2020-11-02,357.5,375.0,9.2,27.599999999999998,2020-11-26,-36027.97202797202,1958.041958041958,0,False,0,Intraday SL Hit
ADANIPORTS.EQ-NSE,2020-12-01,423.0,450.0,9.15,27.450000000000003,2020-12-07,-30283.68794326242,1654.8463356973996,0,False,0,Intraday SL Hit
ADANIPORTS.EQ-NSE,2021-01-01,505.0,530.0,14.0,0.05,2021-01-28,19336.633663366334,1386.1386138613861,0,False,0,No SL Hit
ADANIPORTS.EQ-NSE,2021-02-01,544.0,570.0,15.1,45.3,2021-02-12,-38860.294117647056,1286.764705882353,0,False,0,Intraday SL Hit
ADANIPORTS.EQ-NSE,2021-03-01,697.6,740.0,24.8,0.05,2021-03-25,24835.149082568805,1003.440366972477,0,False,0,No SL Hit
ADANIPORTS.EQ-NSE,2021-04-01,733.55,770.0,24.1,72.30000000000001,2021-04-06,-45995.501329152765,954.2635130529617,0,False,0,Intraday SL Hit
ADANIPORTS.EQ-NSE,2021-05-03,763.8,800.0,36.0,0.05,2021-05-27,32947.10657240116,916.4702801780571,0,False,0,No SL Hit
ADANIPORTS.EQ-NSE,2021-06-01,799.0,840.0,22.8,68.4,2021-06-07,-39949.93742177723,876.0951188986232,0,False,0,Intraday SL Hit
ADANIPORTS.EQ-NSE,2021-07-01,705.15,750.0,18.0,0.05,2021-07-29,17818.90377933773,992.6965893781465,0,False,0,No SL Hit
ADANIPORTS.EQ-NSE,2021-08-02,694.1,730.0,19.6,0.05,2021-08-26,19716.179224895546,1008.5002161071891,0,False,0,No SL Hit
ADANIPORTS.EQ-NSE,2021-09-01,743.95,780.0,18.45,0.05,2021-09-30,17312.991464480136,940.9234491565293,0,False,0,No SL Hit
ADANIPORTS.EQ-NSE,2021-10-01,734.35,780.0,20.7,62.099999999999994,2021-10-18,-39463.471096888396,953.2239395383673,0,False,0,Intraday SL Hit
ADANIPORTS.EQ-NSE,2021-11-01,706.0,740.0,18.0,23.5,2021-11-25,-5453.257790368272,991.5014164305949,0,False,0,No SL Hit
ADANIPORTS.EQ-NSE,2021-12-01,708.9,750.0,17.0,51.0,2021-12-10,-33573.14148681055,987.4453378473692,0,False,0,Intraday SL Hit
ADANIPORTS.EQ-NSE,2022-01-03,735.0,770.0,15.05,0.05,2022-01-27,14285.714285714286,952.3809523809524,0,False,0,No SL Hit
ADANIPORTS.EQ-NSE,2022-02-01,739.1,780.0,16.05,0.05,2022-02-24,15153.565146800162,947.0978216750101,0,False,0,No SL Hit
ADANIPORTS.EQ-NSE,2022-03-02,711.25,750.0,15.95,23.3,2022-03-31,-7233.743409490336,984.182776801406,0,False,0,No SL Hit
ADANIPORTS.EQ-NSE,2022-04-01,786.0,830.0,18.45,55.349999999999994,2022-04-05,-32862.59541984732,890.5852417302799,0,False,0,Intraday SL Hit
ADANIPORTS.EQ-NSE,2022-05-02,856.4,900.0,29.9,0.05,2022-05-26,24398.64549276039,817.3750583839328,0,False,0,No SL Hit
ADANIPORTS.EQ-NSE,2022-06-01,737.4,780.0,16.5,0.05,2022-06-30,15615.676701925684,949.2812584757255,0,False,0,No SL Hit
ADANIPORTS.EQ-NSE,2022-07-01,678.3,710.0,13.7,41.099999999999994,2022-07-19,-28276.573787409696,1031.9917440660474,0,False,0,Intraday SL Hit
ADANIPORTS.EQ-NSE,2022-08-01,801.0,840.0,16.55,49.650000000000006,2022-08-19,-28926.342072409494,873.9076154806492,0,False,0,Intraday SL Hit
ADANIPORTS.EQ-NSE,2022-09-01,837.0,880.0,24.0,72.0,2022-09-12,-40143.36917562724,836.3201911589008,0,False,0,Intraday SL Hit
ADANIPORTS.EQ-NSE,2022-10-03,784.95,820.0,26.55,0.05,2022-10-27,23632.07847633607,891.7765462768328,0,False,0,No SL Hit
ADANIPORTS.EQ-NSE,2022-11-01,841.1,880.0,18.5,0.05,2022-11-24,15354.892402805848,832.2434906669837,0,False,0,No SL Hit
ADANIPORTS.EQ-NSE,2022-12-01,889.95,940.0,16.6,0.05,2022-12-29,13017.585257598741,786.5610427552109,0,False,0,No SL Hit
ADANIPORTS.EQ-NSE,2023-01-02,822.0,860.0,13.7,0.05,2023-01-25,11624.087591240876,851.5815085158151,0,False,0,No SL Hit
ADANIPORTS.EQ-NSE,2023-02-01,504.0,530.0,55.0,19.45,2023-02-23,49375.0,1388.888888888889,0,False,0,No SL Hit
ADANIPORTS.EQ-NSE,2023-03-01,601.25,640.0,16.85,50.550000000000004,2023-03-03,-39234.927234927236,1164.2411642411641,0,False,0,Intraday SL Hit
ADANIPORTS.EQ-NSE,2023-04-03,629.15,670.0,12.85,0.05,2023-04-27,14241.436859254549,1112.6122546292618,0,False,0,No SL Hit
ADANIPORTS.EQ-NSE,2023-05-02,680.65,720.0,10.35,31.049999999999997,2023-05-22,-21288.474252552704,1028.4287078527877,0,False,0,Intraday SL Hit
ADANIPORTS.EQ-NSE,2023-06-02,735.0,780.0,14.5,0.05,2023-06-28,13761.904761904761,952.3809523809524,0,False,0,No SL Hit
ADANIPORTS.EQ-NSE,2023-07-03,737.9,780.0,11.75,0.15,2023-07-27,11004.201111261687,948.6380268329042,0,False,0,No SL Hit
ADANIPORTS.EQ-NSE,2023-08-02,761.5,810.0,13.5,40.5,2023-08-18,-24819.435325016413,919.2383453709783,0,False,0,Intraday SL Hit
ADANIPORTS.EQ-NSE,2023-09-01,799.0,850.0,14.25,42.75,2023-09-11,-24968.710888610764,876.0951188986232,0,False,0,Intraday SL Hit
ADANIPORTS.EQ-NSE,2023-10-03,831.75,880.0,10.8,0.05,2023-10-26,9047.189660354674,841.5990381725278,0,False,0,No SL Hit
ADANIPORTS.EQ-NSE,2023-11-01,769.0,820.0,7.3,21.9,2023-11-08,-13289.986996098827,910.2730819245774,0,False,0,Intraday SL Hit
ADANIPORTS.EQ-NSE,2023-12-01,827.0,880.0,13.3,39.900000000000006,2023-12-05,-22515.11487303507,846.4328899637243,0,False,0,Intraday SL Hit
ADANIPORTS.EQ-NSE,2024-01-01,1041.1,1100.0,26.55,79.65,2024-01-03,-35702.62222649122,672.3657669772357,0,False,0,Intraday SL Hit
ADANIPORTS.EQ-NSE,2024-02-01,1220.0,1300.0,22.05,21.4,2024-02-29,372.95081967213235,573.7704918032787,0,False,0,No SL Hit
ADANIPORTS.EQ-NSE,2024-03-01,1324.7,1390.0,28.0,0.05,2024-03-28,14769.381746810597,528.4215294028836,0,False,0,No SL Hit
ADANIPORTS.EQ-NSE,2024-04-01,1378.45,1440.0,24.4,0.05,2024-04-25,12365.337879502338,507.81675069824803,0,False,0,No SL Hit
ADANIPORTS.EQ-NSE,2024-05-02,1341.25,1400.0,24.65,0.05,2024-05-30,12838.769804287043,521.9012115563839,0,False,0,No SL Hit
ADANIPORTS.EQ-NSE,2024-06-03,1591.0,1660.0,60.8,0.05,2024-06-27,26728.472658705214,439.9748585795097,0,False,0,No SL Hit
TATAMOTORS.EQ-NSE,2019-01-01,174.0,180.0,5.25,0.95,2019-01-31,17298.850574712644,4022.9885057471265,0,False,0,No SL Hit
TATAMOTORS.EQ-NSE,2019-02-01,182.0,190.0,5.35,0.05,2019-02-28,20384.615384615383,3846.153846153846,0,False,0,No SL Hit
TATAMOTORS.EQ-NSE,2019-03-01,180.05,185.0,6.0,0.05,2019-03-28,23132.46320466537,3887.8089419605662,0,False,0,No SL Hit
TATAMOTORS.EQ-NSE,2019-04-01,187.3,195.0,6.5,19.5,2019-04-10,-48585.157501334754,3737.319807794981,0,False,0,Intraday SL Hit
TATAMOTORS.EQ-NSE,2019-05-02,206.9,215.0,9.2,0.05,2019-05-30,30956.984050265823,3383.2769453842434,0,False,0,No SL Hit
TATAMOTORS.EQ-NSE,2019-06-03,174.7,180.0,5.9,0.05,2019-06-27,23440.183171150547,4006.8689181453924,0,False,0,No SL Hit
TATAMOTORS.EQ-NSE,2019-07-01,167.65,175.0,4.55,0.05,2019-07-25,18789.144050104383,4175.365344467641,0,False,0,No SL Hit
TATAMOTORS.EQ-NSE,2019-08-01,129.8,135.0,4.6,0.05,2019-08-29,24537.75038520801,5392.912172573189,0,False,0,No SL Hit
TATAMOTORS.EQ-NSE,2019-09-03,112.0,115.0,5.3,15.899999999999999,2019-09-11,-66249.99999999999,6250.0,0,False,0,Intraday SL Hit
TATAMOTORS.EQ-NSE,2019-10-01,115.05,120.0,5.8,17.4,2019-10-17,-70578.0095610604,6084.311169056932,0,False,0,Intraday SL Hit
TATAMOTORS.EQ-NSE,2019-11-01,175.0,180.0,9.3,0.05,2019-11-28,37000.0,4000.0,0,False,0,No SL Hit
TATAMOTORS.EQ-NSE,2019-12-02,160.8,165.0,6.9,20.700000000000003,2019-12-13,-60074.62686567165,4353.233830845771,0,False,0,Intraday SL Hit
TATAMOTORS.EQ-NSE,2020-01-01,184.25,190.0,6.6,0.05,2020-01-30,24884.667571234735,3799.1858887381277,0,False,0,No SL Hit
TATAMOTORS.EQ-NSE,2020-02-03,164.35,180.0,3.2,9.600000000000001,2020-02-05,-27258.898691816255,4259.202920596289,0,False,0,Intraday SL Hit
TATAMOTORS.EQ-NSE,2020-03-02,125.25,135.0,5.55,0.05,2020-03-26,30738.52295409182,5588.8223552894215,0,False,0,No SL Hit
TATAMOTORS.EQ-NSE,2020-04-01,67.95,75.0,5.35,16.049999999999997,2020-04-30,-110228.10890360556,10301.692420897718,0,False,0,Intraday SL Hit
TATAMOTORS.EQ-NSE,2020-05-04,84.05,92.5,4.8,0.05,2020-05-28,39559.78584176086,8328.375966686497,0,False,0,No SL Hit
TATAMOTORS.EQ-NSE,2020-06-01,89.6,97.5,4.45,13.350000000000001,2020-06-05,-69531.25000000003,7812.500000000001,0,False,0,Intraday SL Hit
TATAMOTORS.EQ-NSE,2020-07-01,100.55,112.5,3.6,0.05,2020-07-30,24714.07260069617,6961.7105917454,0,False,0,No SL Hit
TATAMOTORS.EQ-NSE,2020-08-03,111.7,122.5,3.8,11.399999999999999,2020-08-13,-47627.57385854968,6266.786034019696,0,False,0,Intraday SL Hit
TATAMOTORS.EQ-NSE,2020-09-01,144.0,157.5,4.1,0.05,2020-09-24,19687.5,4861.111111111111,0,False,0,No SL Hit
TATAMOTORS.EQ-NSE,2020-10-01,133.85,147.5,3.8,0.05,2020-10-29,19611.50541651102,5229.734777736272,0,False,0,No SL Hit
TATAMOTORS.EQ-NSE,2020-11-02,132.7,142.5,5.45,16.35,2020-11-17,-57498.11605124342,5275.0565184626985,0,False,0,Intraday SL Hit
TATAMOTORS.EQ-NSE,2020-12-01,179.9,195.0,6.75,0.05,2020-12-31,26070.03891050584,3891.0505836575876,0,False,0,No SL Hit
TATAMOTORS.EQ-NSE,2021-01-01,186.6,205.0,5.45,16.35,2021-01-11,-40889.60342979636,3751.3397642015007,0,False,0,Intraday SL Hit
TATAMOTORS.EQ-NSE,2021-02-01,280.45,305.0,12.25,36.75,2021-02-02,-61151.72044927794,2495.9885897664467,0,False,0,Intraday SL Hit
TATAMOTORS.EQ-NSE,2021-03-01,327.6,355.0,14.15,0.05,2021-03-25,30128.205128205125,2136.7521367521367,0,False,0,No SL Hit
TATAMOTORS.EQ-NSE,2021-04-01,307.25,330.0,8.3,0.05,2021-04-29,18795.768917819365,2278.2750203417413,0,False,0,No SL Hit
TATAMOTORS.EQ-NSE,2021-05-03,293.1,315.0,8.35,25.049999999999997,2021-05-12,-39883.99863527805,2388.2633913340155,0,False,0,Intraday SL Hit
TATAMOTORS.EQ-NSE,2021-06-01,318.3,340.0,7.35,22.049999999999997,2021-06-08,-32327.992459943445,2199.183160540371,0,False,0,Intraday SL Hit
TATAMOTORS.EQ-NSE,2021-07-01,344.5,370.0,5.4,0.05,2021-07-29,10870.827285921627,2031.9303338171262,0,False,0,No SL Hit
TATAMOTORS.EQ-NSE,2021-08-02,296.7,315.0,5.85,0.05,2021-08-26,13683.855746545332,2359.285473542299,0,False,0,No SL Hit
TATAMOTORS.EQ-NSE,2021-09-01,294.7,320.0,4.75,14.25,2021-09-27,-22565.320665083138,2375.2969121140145,0,False,0,Intraday SL Hit
TATAMOTORS.EQ-NSE,2021-10-01,332.9,355.0,11.45,34.349999999999994,2021-10-07,-48152.59837789125,2102.7335536197056,0,False,0,Intraday SL Hit
TATAMOTORS.EQ-NSE,2021-11-01,486.5,520.0,17.95,0.05,2021-11-25,25755.395683453236,1438.8489208633093,0,False,0,No SL Hit
TATAMOTORS.EQ-NSE,2021-12-01,478.0,515.0,9.0,0.05,2021-12-30,13106.694560669455,1464.4351464435147,0,False,0,No SL Hit
TATAMOTORS.EQ-NSE,2022-01-03,496.7,530.0,8.0,0.05,2022-01-27,11203.946043889673,1409.3013891685123,0,False,0,No SL Hit
TATAMOTORS.EQ-NSE,2022-02-01,504.5,530.0,10.8,0.05,2022-02-24,14915.75817641229,1387.5123885034689,0,False,0,No SL Hit
TATAMOTORS.EQ-NSE,2022-03-02,448.7,480.0,11.8,0.05,2022-03-31,18330.733229329173,1560.0624024960998,0,False,0,No SL Hit
TATAMOTORS.EQ-NSE,2022-04-01,440.8,470.0,9.9,0.05,2022-04-28,15642.01451905626,1588.021778584392,0,False,0,No SL Hit
TATAMOTORS.EQ-NSE,2022-05-02,432.9,460.0,9.15,0.05,2022-05-26,14714.714714714713,1617.001617001617,0,False,0,No SL Hit
TATAMOTORS.EQ-NSE,2022-06-01,445.0,470.0,9.75,0.05,2022-06-30,15258.426966292132,1573.0337078651685,0,False,0,No SL Hit
TATAMOTORS.EQ-NSE,2022-07-01,413.7,440.0,7.95,23.85,2022-07-20,-26903.55329949239,1692.047377326565,0,False,0,Intraday SL Hit
TATAMOTORS.EQ-NSE,2022-08-01,480.0,510.0,7.8,0.05,2022-08-25,11302.083333333332,1458.3333333333333,0,False,0,No SL Hit
TATAMOTORS.EQ-NSE,2022-09-01,466.9,500.0,8.2,0.05,2022-09-29,12218.890554722637,1499.2503748125937,0,False,0,No SL Hit
TATAMOTORS.EQ-NSE,2022-10-03,397.5,420.0,8.75,0.05,2022-10-27,15320.75471698113,1761.006289308176,0,False,0,No SL Hit
TATAMOTORS.EQ-NSE,2022-11-01,421.3,440.0,8.5,0.05,2022-11-24,14039.876572513645,1661.5238547353429,0,False,0,No SL Hit
TATAMOTORS.EQ-NSE,2022-12-01,437.85,460.0,6.85,0.05,2022-12-29,10871.302957633892,1598.7210231814547,0,False,0,No SL Hit
TATAMOTORS.EQ-NSE,2023-01-02,395.0,415.0,5.9,4.35,2023-01-25,2746.835443037976,1772.1518987341772,0,False,0,No SL Hit
TATAMOTORS.EQ-NSE,2023-02-01,446.35,465.0,7.4,0.05,2023-02-23,11526.828721855047,1568.2760165789177,0,False,0,No SL Hit
TATAMOTORS.EQ-NSE,2023-03-01,426.05,445.0,5.45,0.05,2023-03-29,8872.198098814693,1642.999647928647,0,False,0,No SL Hit
TATAMOTORS.EQ-NSE,2023-04-03,424.3,440.0,5.15,17.65,2023-04-10,-20622.20127268442,1649.7761018147537,0,False,0,Overnight SL Hit
TATAMOTORS.EQ-NSE,2023-05-02,480.4,500.0,6.85,20.549999999999997,2023-05-09,-19962.531223980015,1457.119067443797,0,False,0,Intraday SL Hit
TATAMOTORS.EQ-NSE,2023-06-02,535.05,555.0,8.4,25.200000000000003,2023-06-07,-21979.25427530138,1308.2889449584152,0,False,0,Intraday SL Hit
TATAMOTORS.EQ-NSE,2023-07-03,591.9,615.0,11.15,40.0,2023-07-26,-34118.9390099679,1182.6322013853692,0,False,0,Overnight SL Hit
TATAMOTORS.EQ-NSE,2023-08-02,623.0,645.0,12.55,0.05,2023-08-31,14044.94382022472,1123.5955056179776,0,False,0,No SL Hit
TATAMOTORS.EQ-NSE,2023-09-01,610.4,630.0,10.25,0.05,2023-09-28,11697.247706422018,1146.7889908256882,0,False,0,No SL Hit
TATAMOTORS.EQ-NSE,2023-10-03,621.1,640.0,8.95,26.849999999999998,2023-10-13,-20173.885042666232,1127.0326839478344,0,False,0,Intraday SL Hit
TATAMOTORS.EQ-NSE,2023-11-01,627.6,650.0,13.2,39.599999999999994,2023-11-28,-29445.506692160605,1115.3601019757807,0,False,0,Intraday SL Hit
TATAMOTORS.EQ-NSE,2023-12-01,703.6,725.0,13.2,29.0,2023-12-28,-15719.158612848209,994.8834565093803,0,False,0,No SL Hit
TATAMOTORS.EQ-NSE,2024-01-01,792.0,815.0,17.35,0.05,2024-01-25,15290.40404040404,883.8383838383838,0,False,0,No SL Hit
TATAMOTORS.EQ-NSE,2024-02-01,879.1,910.0,22.55,45.0,2024-02-29,-17876.23706063019,796.2689113866454,0,False,0,No SL Hit
TATAMOTORS.EQ-NSE,2024-03-01,978.0,1010.0,22.8,68.4,2024-03-05,-32638.036809815956,715.7464212678937,0,False,0,Intraday SL Hit
TATAMOTORS.EQ-NSE,2024-04-01,993.65,1020.0,19.65,0.05,2024-04-25,13807.678760126804,704.4734061289187,0,False,0,No SL Hit
TATAMOTORS.EQ-NSE,2024-05-02,1029.85,1060.0,24.65,0.05,2024-05-30,16720.88168179832,679.7106374714765,0,False,0,No SL Hit
TATAMOTORS.EQ-NSE,2024-06-03,951.5,980.0,21.75,0.05,2024-06-27,15964.266946925905,735.6805044666316,0,False,0,No SL Hit
DRREDDY.EQ-NSE,2019-01-01,2608.0,2700.0,61.3,17.1,2019-01-31,11863.496932515336,268.4049079754601,0,False,0,No SL Hit
DRREDDY.EQ-NSE,2019-02-01,2811.05,2950.0,47.0,0.05,2019-02-28,11691.360879386706,249.01727112644738,0,False,0,No SL Hit
DRREDDY.EQ-NSE,2019-03-01,2648.0,2750.0,51.9,0.3,2019-03-28,13640.483383685802,264.35045317220545,0,False,0,No SL Hit
DRREDDY.EQ-NSE,2019-04-01,2800.0,2900.0,44.5,20.6,2019-04-25,5975.0,250.0,0,False,0,No SL Hit
DRREDDY.EQ-NSE,2019-05-02,2906.6499,3050.0,52.0,0.15,2019-11-28,12486.883955305386,240.82707724793414,0,False,0,No SL Hit
DRREDDY.EQ-NSE,2019-12-02,2872.1001,3000.0,36.45,0.2,2019-12-26,8834.998473764894,243.72409582799708,0,False,0,No SL Hit
DRREDDY.EQ-NSE,2020-01-01,2885.0,3000.0,40.65,121.94999999999999,2020-01-22,-19726.169844020795,242.63431542461007,0,False,0,Intraday SL Hit
DRREDDY.EQ-NSE,2020-02-03,3142.0,3250.0,43.0,0.05,2020-02-27,9568.746021642266,222.78803309993634,0,False,0,No SL Hit
DRREDDY.EQ-NSE,2020-03-02,2894.5,3000.0,69.2,207.60000000000002,2020-03-04,-33470.37484885128,241.8379685610641,0,False,0,Intraday SL Hit
DRREDDY.EQ-NSE,2020-04-01,3102.0,3200.0,136.0,408.0,2020-04-07,-61379.75499677627,225.6608639587363,0,False,0,Intraday SL Hit
DRREDDY.EQ-NSE,2020-05-04,3919.55,4050.0,182.35,0.1,2020-05-28,32548.379278233468,178.5919301960684,0,False,0,No SL Hit
DRREDDY.EQ-NSE,2020-06-01,3951.5,4100.0,100.55,0.05,2020-06-25,17803.365810451727,177.14791851195747,0,False,0,No SL Hit
DRREDDY.EQ-NSE,2020-07-01,3915.0,4100.0,78.0,261.45,2020-07-30,-32800.76628352491,178.79948914431674,0,False,0,Overnight SL Hit
DRREDDY.EQ-NSE,2020-08-03,4530.7002,4700.0,108.0,0.05,2020-08-27,16678.43747418997,154.5015050874476,0,False,0,No SL Hit
DRREDDY.EQ-NSE,2020-09-01,4365.0,4550.0,96.7,290.1,2020-09-17,-31014.89117983964,160.36655211912944,0,False,0,Intraday SL Hit
DRREDDY.EQ-NSE,2020-10-01,5120.0,5350.0,150.5,0.05,2020-10-29,20569.3359375,136.71875,0,False,0,No SL Hit
DRREDDY.EQ-NSE,2020-11-02,4851.0,5050.0,126.5,0.7,2020-11-26,18152.958152958152,144.3001443001443,0,False,0,No SL Hit
DRREDDY.EQ-NSE,2020-12-01,4835.1001,5100.0,139.9,76.7,2020-12-31,9149.758864351124,144.77466557517602,0,False,0,No SL Hit
DRREDDY.EQ-NSE,2021-01-01,5233.0,5500.0,106.0,0.3,2021-01-28,14139.117141219187,133.76648194152494,0,False,0,No SL Hit
DRREDDY.EQ-NSE,2021-02-01,4434.2998,4650.0,121.7,0.05,2021-02-25,19203.70832842651,157.8603232916277,0,False,0,No SL Hit
DRREDDY.EQ-NSE,2021-03-01,4459.0,4650.0,136.4,0.1,2021-03-25,21397.174254317113,156.98587127158555,0,False,0,No SL Hit
DRREDDY.EQ-NSE,2021-04-01,4585.0498,4800.0,81.5,244.5,2021-04-12,-24885.22589220296,152.67009749817768,0,False,0,Intraday SL Hit
DRREDDY.EQ-NSE,2021-05-03,5184.0,5400.0,149.05,0.05,2021-05-27,20119.5987654321,135.03086419753086,0,False,0,No SL Hit
DRREDDY.EQ-NSE,2021-06-01,5305.0,5500.0,78.85,0.05,2021-06-24,10397.737983034873,131.95098963242225,0,False,0,No SL Hit
DRREDDY.EQ-NSE,2021-07-01,5572.0,5800.0,67.95,0.05,2021-07-29,8530.150753768845,125.62814070351759,0,False,0,No SL Hit
DRREDDY.EQ-NSE,2021-08-02,4703.0,4900.0,76.5,0.05,2021-08-26,11378.90708058686,148.8411652136934,0,False,0,No SL Hit
DRREDDY.EQ-NSE,2021-09-01,4758.3999,4950.0,53.0,0.05,2021-09-30,7789.383149575133,147.10827477951148,0,False,0,No SL Hit
DRREDDY.EQ-NSE,2021-10-01,4941.2998,5100.0,136.5,0.05,2021-10-28,19329.934200713746,141.66313082237997,0,False,0,No SL Hit
DRREDDY.EQ-NSE,2021-11-01,4805.0,4950.0,90.15,2.0,2021-11-25,12841.831425598337,145.68158168574402,0,False,0,No SL Hit
DRREDDY.EQ-NSE,2021-12-01,4605.2998,4800.0,81.0,105.4,2021-12-30,-3708.7704909026784,151.99879061076547,0,False,0,No SL Hit
DRREDDY.EQ-NSE,2022-01-03,4856.2998,5000.0,79.9,0.05,2022-01-27,11509.791878993963,144.14266598614856,0,False,0,No SL Hit
DRREDDY.EQ-NSE,2022-02-01,4309.2998,4450.0,74.95,0.05,2022-02-24,12166.70977498479,162.43938284358865,0,False,0,No SL Hit
DRREDDY.EQ-NSE,2022-03-02,3855.0,4000.0,108.0,324.0,2022-03-24,-39221.78988326849,181.58236057068743,0,False,0,Intraday SL Hit
DRREDDY.EQ-NSE,2022-04-01,4278.0,4450.0,74.9,0.05,2022-04-28,12247.545582047687,163.62786348761102,0,False,0,No SL Hit
DRREDDY.EQ-NSE,2022-05-02,4124.0,4250.0,76.1,52.0,2022-05-26,4090.6886517943735,169.73811833171678,0,False,0,No SL Hit
DRREDDY.EQ-NSE,2022-06-01,4320.0,4500.0,64.75,0.05,2022-06-30,10483.796296296297,162.03703703703704,0,False,0,No SL Hit
DRREDDY.EQ-NSE,2022-07-01,4385.0,4550.0,56.8,0.05,2022-07-28,9059.293044469783,159.63511972633978,0,False,0,No SL Hit
DRREDDY.EQ-NSE,2022-08-01,4111.1499,4250.0,80.5,0.05,2022-08-25,13698.11399968656,170.26866376241838,0,False,0,No SL Hit
DRREDDY.EQ-NSE,2022-09-01,4202.0,4350.0,66.85,0.05,2022-09-29,11128.034269395524,166.58733936220847,0,False,0,No SL Hit
DRREDDY.EQ-NSE,2022-10-03,4413.5,4550.0,76.3,0.75,2022-10-27,11982.553528945282,158.60428231562253,0,False,0,No SL Hit
DRREDDY.EQ-NSE,2022-11-01,4539.8501,4700.0,50.45,0.05,2022-11-24,7771.181696065253,154.1901130171677,0,False,0,No SL Hit
DRREDDY.EQ-NSE,2022-12-01,4476.0,4650.0,49.35,0.25,2022-12-29,7678.731009830205,156.38963360142984,0,False,0,No SL Hit
DRREDDY.EQ-NSE,2023-01-02,4230.3501,4350.0,69.65,0.05,2023-01-25,11516.77729935402,165.47093820910948,0,False,0,No SL Hit
DRREDDY.EQ-NSE,2023-02-01,4350.0,4450.0,56.0,0.35,2023-02-23,8955.172413793103,160.91954022988506,0,False,0,No SL Hit
DRREDDY.EQ-NSE,2023-03-01,4352.0,4500.0,36.45,80.0,2023-03-29,-7004.825367647059,160.84558823529412,0,False,0,No SL Hit
DRREDDY.EQ-NSE,2023-04-03,4663.3501,4800.0,45.05,135.14999999999998,2023-04-12,-13524.611845033893,150.1066797451043,0,False,0,Intraday SL Hit
DRREDDY.EQ-NSE,2023-05-02,4939.2002,5050.0,60.0,0.05,2023-05-25,8496.31484870769,141.72335027035348,0,False,0,No SL Hit
DRREDDY.EQ-NSE,2023-06-02,4618.0,4750.0,46.0,138.0,2023-06-15,-13945.430922477264,151.580770896492,0,False,0,Intraday SL Hit
DRREDDY.EQ-NSE,2023-07-03,5105.9502,5250.0,63.15,189.45,2023-07-24,-17315.092497376878,137.0949524732928,0,False,0,Intraday SL Hit
DRREDDY.EQ-NSE,2023-08-02,5655.0,5800.0,95.0,0.05,2023-08-31,11753.315649867374,123.7842617152962,0,False,0,No SL Hit
DRREDDY.EQ-NSE,2023-09-01,5575.6,5700.0,88.0,0.05,2023-09-28,11041.860965635984,125.54702632900494,0,False,0,No SL Hit
DRREDDY.EQ-NSE,2023-10-03,5458.8,5600.0,75.15,0.05,2023-10-26,9630.321682421047,128.23331135047997,0,False,0,No SL Hit
DRREDDY.EQ-NSE,2023-11-01,5340.0,5500.0,69.6,208.79999999999998,2023-11-22,-18247.191011235955,131.08614232209737,0,False,0,Intraday SL Hit
DRREDDY.EQ-NSE,2023-12-01,5748.0,5900.0,90.0,0.1,2023-12-28,10948.155880306194,121.78148921363953,0,False,0,No SL Hit
DRREDDY.EQ-NSE,2024-01-01,5815.0,5950.0,124.8,0.05,2024-01-25,15017.196904557179,120.37833190025795,0,False,0,No SL Hit
DRREDDY.EQ-NSE,2024-02-01,5995.0,6150.0,104.3,312.9,2024-02-23,-24356.964136780647,116.76396997497915,0,False,0,Intraday SL Hit
DRREDDY.EQ-NSE,2024-03-01,6190.0,6350.0,145.0,0.1,2024-03-28,16386.10662358643,113.08562197092084,0,False,0,No SL Hit
DRREDDY.EQ-NSE,2024-04-01,6246.4,6400.0,91.95,0.1,2024-04-25,10293.128842213117,112.06454918032787,0,False,0,No SL Hit
DRREDDY.EQ-NSE,2024-05-02,6273.9,6450.0,123.65,0.05,2024-05-30,13790.46526084254,111.57334353432475,0,False,0,No SL Hit
DRREDDY.EQ-NSE,2024-06-03,5789.0,5950.0,124.9,294.9,2024-06-27,-20556.227327690445,120.91898428053204,0,False,0,No SL Hit
BRITANNIA.EQ-NSE,2019-01-01,3105.0,3250.0,40.0,0.3,2019-01-31,8950.080515297908,225.44283413848632,0,False,0,No SL Hit
BRITANNIA.EQ-NSE,2019-02-01,3254.8999,3400.0,50.75,0.05,2019-02-28,10903.561120266711,215.06037712557614,0,False,0,No SL Hit
BRITANNIA.EQ-NSE,2019-03-01,3074.0,3200.0,49.0,0.1,2019-03-28,11135.328562134027,227.71633051398828,0,False,0,No SL Hit
BRITANNIA.EQ-NSE,2019-04-01,3046.0,3150.0,62.75,0.75,2019-04-25,14248.194353250165,229.80958634274458,0,False,0,No SL Hit
BRITANNIA.EQ-NSE,2019-05-02,2781.0,2900.0,58.0,0.15,2019-05-30,14561.308881697232,251.70801869830996,0,False,0,No SL Hit
BRITANNIA.EQ-NSE,2019-06-03,2956.1001,3050.0,41.55,0.05,2019-06-27,9827.136773886648,236.79847647919635,0,False,0,No SL Hit
BRITANNIA.EQ-NSE,2019-07-01,2739.0,2850.0,36.0,0.05,2019-07-25,9187.659729828405,255.56772544724353,0,False,0,No SL Hit
BRITANNIA.EQ-NSE,2019-08-01,2605.8501,2700.0,38.45,0.4,2019-08-29,10221.232602750251,268.62634961235875,0,False,0,No SL Hit
BRITANNIA.EQ-NSE,2019-09-03,2700.05,2800.0,42.5,249.95,2019-09-23,-53782.337364122875,259.2544582507731,0,False,0,Overnight SL Hit
BRITANNIA.EQ-NSE,2019-10-01,2927.6001,3050.0,50.0,195.55,2019-10-17,-34801.54273802628,239.103694524399,0,False,0,Overnight SL Hit
BRITANNIA.EQ-NSE,2019-11-01,3280.0,3400.0,62.9,0.3,2019-11-28,13359.756097560976,213.41463414634146,0,False,0,No SL Hit
BRITANNIA.EQ-NSE,2019-12-02,3077.0,3200.0,31.1,0.05,2019-12-26,7063.698407539812,227.49431264218396,0,False,0,No SL Hit
BRITANNIA.EQ-NSE,2020-01-01,3037.8999,3150.0,35.65,30.0,2020-01-30,1301.8862142231874,230.42233880056418,0,False,0,No SL Hit
BRITANNIA.EQ-NSE,2020-02-03,3236.1001,3350.0,37.95,0.05,2020-02-27,8198.139482768163,216.3097488857035,0,False,0,No SL Hit
BRITANNIA.EQ-NSE,2020-03-02,2975.0,3100.0,50.65,3.2,2020-03-26,11164.705882352939,235.2941176470588,0,False,0,No SL Hit
BRITANNIA.EQ-NSE,2020-04-01,2565.0,2700.0,139.9,419.70000000000005,2020-04-27,-76358.67446393764,272.90448343079925,0,False,0,Intraday SL Hit
BRITANNIA.EQ-NSE,2020-05-04,3095.25,3250.0,96.4,85.0,2020-05-28,2578.1439302156546,226.1529763347064,0,False,0,No SL Hit
BRITANNIA.EQ-NSE,2020-06-01,3418.0,3600.0,56.0,168.0,2020-06-03,-22937.39028671738,204.7981275599766,0,False,0,Intraday SL Hit
BRITANNIA.EQ-NSE,2020-07-01,3542.0,3750.0,55.9,167.7,2020-07-13,-22094.86166007905,197.62845849802372,0,False,0,Intraday SL Hit
BRITANNIA.EQ-NSE,2020-08-03,3780.0,3950.0,69.75,0.1,2020-08-27,12898.14814814815,185.1851851851852,0,False,0,No SL Hit
BRITANNIA.EQ-NSE,2020-09-01,3780.0,3950.0,52.0,0.05,2020-09-24,9620.37037037037,185.1851851851852,0,False,0,No SL Hit
BRITANNIA.EQ-NSE,2020-10-01,3810.0,4000.0,37.0,0.05,2020-10-29,6788.713910761156,183.7270341207349,0,False,0,No SL Hit
BRITANNIA.EQ-NSE,2020-11-02,3421.8,3600.0,48.0,0.25,2020-11-26,9768.250628324275,204.5706937868958,0,False,0,No SL Hit
BRITANNIA.EQ-NSE,2020-12-01,3629.8999,3800.0,47.75,0.05,2020-12-31,9198.600765822772,192.8427833505822,0,False,0,No SL Hit
BRITANNIA.EQ-NSE,2021-01-01,3573.0,3750.0,56.65,0.05,2021-01-28,11088.720962776379,195.91379792891126,0,False,0,No SL Hit
BRITANNIA.EQ-NSE,2021-02-01,3534.6499,3700.0,57.85,0.15,2021-02-25,11426.87427119727,198.03941544535996,0,False,0,No SL Hit
BRITANNIA.EQ-NSE,2021-03-01,3410.05,3550.0,45.0,0.05,2021-03-25,9227.137432002462,205.27558246946523,0,False,0,No SL Hit
BRITANNIA.EQ-NSE,2021-04-01,3619.1001,3750.0,33.75,101.25,2021-04-08,-13055.731727342938,193.41824781248798,0,False,0,Intraday SL Hit
BRITANNIA.EQ-NSE,2021-05-03,3440.75,3550.0,52.0,0.05,2021-05-27,10568.916660611785,203.44401656615563,0,False,0,No SL Hit
BRITANNIA.EQ-NSE,2021-06-01,3445.0,3520.0,46.35,185.45,2021-06-24,-28264.150943396227,203.19303338171264,0,False,0,Overnight SL Hit
BRITANNIA.EQ-NSE,2021-07-01,3596.95,3700.0,48.5,0.05,2021-07-29,9428.821640556584,194.6093217865136,0,False,0,No SL Hit
BRITANNIA.EQ-NSE,2021-08-02,3505.05,3600.0,35.55,106.64999999999999,2021-08-17,-14199.512132494541,199.71184433888246,0,False,0,Intraday SL Hit
BRITANNIA.EQ-NSE,2021-09-01,4001.0,4100.0,59.8,0.05,2021-09-30,10453.636590852288,174.9562609347663,0,False,0,No SL Hit
BRITANNIA.EQ-NSE,2021-10-01,3910.0,4020.0,76.05,0.1,2022-07-28,13597.186700767263,179.02813299232736,0,False,0,No SL Hit
BRITANNIA.EQ-NSE,2022-08-01,3861.0,3950.0,68.1,0.05,2022-08-25,12337.477337477336,181.3001813001813,0,False,0,No SL Hit
BRITANNIA.EQ-NSE,2022-09-01,3722.0,3850.0,54.95,20.0,2022-09-29,6573.078989790436,188.07092960773778,0,False,0,No SL Hit
BRITANNIA.EQ-NSE,2022-10-03,3760.5,3850.0,61.0,0.05,2022-10-27,11345.565749235475,186.14545938040155,0,False,0,No SL Hit
BRITANNIA.EQ-NSE,2022-11-01,3792.0,3900.0,68.25,204.75,2022-11-07,-25197.784810126584,184.59915611814347,0,False,0,Intraday SL Hit
BRITANNIA.EQ-NSE,2022-12-01,4388.7998,4550.0,47.0,0.05,2022-12-29,7488.379852733315,159.4969084714231,0,False,0,No SL Hit
BRITANNIA.EQ-NSE,2023-01-02,4302.5,4450.0,32.85,0.1,2023-01-25,5328.297501452644,162.69610691458453,0,False,0,No SL Hit
BRITANNIA.EQ-NSE,2023-02-01,4389.9502,4500.0,85.0,0.05,2023-02-23,13545.711748620746,159.45511181425246,0,False,0,No SL Hit
BRITANNIA.EQ-NSE,2023-03-01,4380.0,4500.0,46.0,0.05,2023-03-29,7343.607305936073,159.8173515981735,0,False,0,No SL Hit
BRITANNIA.EQ-NSE,2023-04-03,4301.8501,4400.0,27.75,5.0,2023-04-27,3701.895609984179,162.72068615315072,0,False,0,No SL Hit
BRITANNIA.EQ-NSE,2023-05-02,4510.0,4650.0,52.65,0.05,2023-05-25,8164.079822616409,155.21064301552107,0,False,0,No SL Hit
BRITANNIA.EQ-NSE,2023-06-02,4660.0,4800.0,40.2,120.60000000000001,2023-06-07,-12077.253218884121,150.21459227467813,0,False,0,Intraday SL Hit
BRITANNIA.EQ-NSE,2023-07-03,5008.2002,5150.0,61.0,183.0,2023-07-06,-17052.033982187855,139.77077034580208,0,False,0,Intraday SL Hit
BRITANNIA.EQ-NSE,2023-08-02,4797.9502,4950.0,90.0,0.05,2023-08-31,13123.312534590294,145.89563684925284,0,False,0,No SL Hit
BRITANNIA.EQ-NSE,2023-09-01,4488.2,4600.0,55.0,0.05,2023-09-28,8570.250880085558,155.96452920992826,0,False,0,No SL Hit
BRITANNIA.EQ-NSE,2023-10-03,4495.85,4600.0,57.5,0.05,2023-10-26,8944.915866854988,155.6991447668405,0,False,0,No SL Hit
BRITANNIA.EQ-NSE,2023-11-01,4385.95,4500.0,68.25,204.75,2023-11-08,-21785.47407061184,159.60054264184498,0,False,0,Intraday SL Hit
BRITANNIA.EQ-NSE,2023-12-01,4968.0,5100.0,52.7,158.10000000000002,2023-12-28,-14851.046698872788,140.90177133655394,0,False,0,Intraday SL Hit
HEROMOTOCO.EQ-NSE,2019-01-01,3124.0,3250.0,53.6,0.05,2019-01-31,11999.039692701666,224.0717029449424,0,False,0,No SL Hit
HEROMOTOCO.EQ-NSE,2019-02-01,2811.0,2950.0,31.7,0.05,2019-02-28,7881.53681963714,249.02170046246889,0,False,0,No SL Hit
HEROMOTOCO.EQ-NSE,2019-03-01,2682.0,2800.0,43.95,0.1,2019-03-28,11444.817300522,260.9992542878449,0,False,0,No SL Hit
HEROMOTOCO.EQ-NSE,2019-04-01,2555.0,2650.0,58.15,0.1,2019-04-25,15904.109589041094,273.972602739726,0,False,0,No SL Hit
HEROMOTOCO.EQ-NSE,2019-05-02,2555.0,2650.0,51.85,155.55,2019-05-23,-28410.958904109593,273.972602739726,0,False,0,Intraday SL Hit
HEROMOTOCO.EQ-NSE,2019-06-03,2834.6001,2950.0,40.2,0.05,2019-06-27,9914.978835991717,246.9484143459954,0,False,0,No SL Hit
HEROMOTOCO.EQ-NSE,2019-07-01,2613.0,2700.0,33.7,0.05,2019-07-25,9014.54267125909,267.8913126674321,0,False,0,No SL Hit
HEROMOTOCO.EQ-NSE,2019-08-01,2370.1001,2450.0,48.95,146.85000000000002,2019-08-08,-28914.390577849437,295.346175463222,0,False,0,Intraday SL Hit
HEROMOTOCO.EQ-NSE,2019-09-03,2560.45,2650.0,51.55,154.64999999999998,2019-09-20,-28186.451600304634,273.38944326192666,0,False,0,Intraday SL Hit
HEROMOTOCO.EQ-NSE,2019-10-01,2677.05,2800.0,71.25,0.1,2019-10-31,18604.433985170243,261.4818550269886,0,False,0,No SL Hit
HEROMOTOCO.EQ-NSE,2019-11-01,2705.6499,2800.0,67.95,0.05,2019-11-28,17566.943897656532,258.7178777269003,0,False,0,No SL Hit
HEROMOTOCO.EQ-NSE,2019-12-02,2404.0,2500.0,44.25,0.05,2019-12-26,12870.216306156406,291.18136439267886,0,False,0,No SL Hit
HEROMOTOCO.EQ-NSE,2020-01-01,2432.0,2550.0,30.45,0.05,2020-01-30,8750.0,287.82894736842104,0,False,0,No SL Hit
HEROMOTOCO.EQ-NSE,2020-02-03,2392.0,2500.0,44.6,0.05,2020-02-27,13037.207357859532,292.6421404682274,0,False,0,No SL Hit
HEROMOTOCO.EQ-NSE,2020-03-02,1975.0,2050.0,57.0,0.2,2020-03-26,20131.645569620254,354.43037974683546,0,False,0,No SL Hit
HEROMOTOCO.EQ-NSE,2020-04-01,1636.0,1700.0,114.0,342.0,2020-04-30,-97555.01222493888,427.87286063569684,0,False,0,Intraday SL Hit
HEROMOTOCO.EQ-NSE,2020-05-04,2000.0,2100.0,87.2,196.0,2020-05-28,-38080.0,350.0,0,False,0,No SL Hit
HEROMOTOCO.EQ-NSE,2020-06-01,2328.1001,2450.0,67.55,147.55,2020-06-25,-24053.94853941203,300.67435674265033,0,False,0,No SL Hit
HEROMOTOCO.EQ-NSE,2020-07-01,2544.0,2700.0,51.65,154.95,2020-07-20,-28423.742138364778,275.15723270440253,0,False,0,Intraday SL Hit
HEROMOTOCO.EQ-NSE,2020-08-03,2633.0,2800.0,63.6,190.8,2020-08-19,-33816.93885301937,265.85643752373716,0,False,0,Intraday SL Hit
HEROMOTOCO.EQ-NSE,2020-09-01,2997.0,3150.0,70.2,0.05,2020-09-24,16384.71805138472,233.5669002335669,0,False,0,No SL Hit
HEROMOTOCO.EQ-NSE,2020-10-01,3155.05,3350.0,55.15,0.05,2020-10-29,12224.845881998699,221.8665314337332,0,False,0,No SL Hit
HEROMOTOCO.EQ-NSE,2020-11-02,2837.3501,3000.0,68.95,31.0,2020-11-26,9362.60914717574,246.70906843677838,0,False,0,No SL Hit
HEROMOTOCO.EQ-NSE,2020-12-01,3107.95,3300.0,51.5,0.05,2020-12-31,11588.02426036455,225.22884859795042,0,False,0,No SL Hit
HEROMOTOCO.EQ-NSE,2021-01-01,3105.0,3300.0,50.0,150.0,2021-01-22,-22544.283413848632,225.44283413848632,0,False,0,Intraday SL Hit
HEROMOTOCO.EQ-NSE,2021-02-01,3350.0,3550.0,76.1,0.05,2021-02-25,15891.044776119401,208.955223880597,0,False,0,No SL Hit
HEROMOTOCO.EQ-NSE,2021-03-01,3352.0,3550.0,58.8,0.05,2021-03-25,12268.794749403341,208.83054892601433,0,False,0,No SL Hit
HEROMOTOCO.EQ-NSE,2021-04-01,2960.0,3100.0,49.0,0.05,2021-04-29,11576.013513513513,236.48648648648648,0,False,0,No SL Hit
HEROMOTOCO.EQ-NSE,2021-05-03,2792.0,2900.0,68.2,89.65,2021-05-27,-5377.865329512894,250.71633237822348,0,False,0,No SL Hit
HEROMOTOCO.EQ-NSE,2021-06-01,2980.0,3100.0,55.25,0.05,2021-06-24,12966.442953020134,234.8993288590604,0,False,0,No SL Hit
HEROMOTOCO.EQ-NSE,2021-07-01,2928.0,3050.0,32.45,0.05,2021-07-29,7745.901639344264,239.07103825136613,0,False,0,No SL Hit
HEROMOTOCO.EQ-NSE,2021-08-02,2787.7,2900.0,29.75,0.1,2021-08-26,7445.2057251497645,251.10305987014385,0,False,0,No SL Hit
HEROMOTOCO.EQ-NSE,2021-09-01,2736.5,2850.0,26.4,79.19999999999999,2021-09-15,-13506.303672574453,255.80120591997076,0,False,0,Intraday SL Hit
HEROMOTOCO.EQ-NSE,2021-10-01,2845.6001,2950.0,67.0,0.05,2021-10-28,16469.2853363338,245.99380636794325,0,False,0,No SL Hit
HEROMOTOCO.EQ-NSE,2021-11-01,2685.0,2760.0,55.45,0.05,2021-11-25,14443.20297951583,260.707635009311,0,False,0,No SL Hit
HEROMOTOCO.EQ-NSE,2021-12-01,2450.0,2540.0,41.0,0.05,2021-12-30,11700.000000000002,285.7142857142857,0,False,0,No SL Hit
HEROMOTOCO.EQ-NSE,2022-01-03,2474.75,2540.0,31.0,93.0,2022-01-17,-17537.12496211739,282.8568542276998,0,False,0,Intraday SL Hit
HEROMOTOCO.EQ-NSE,2022-02-01,2730.0,2800.0,38.15,0.05,2022-02-24,9769.23076923077,256.4102564102564,0,False,0,No SL Hit
HEROMOTOCO.EQ-NSE,2022-03-02,2432.0,2520.0,64.05,0.05,2022-03-31,18421.052631578947,287.82894736842104,0,False,0,No SL Hit
HEROMOTOCO.EQ-NSE,2022-04-01,2245.8999,2320.0,59.85,179.55,2022-04-27,-37307.98509764394,311.6790734974431,0,False,0,Intraday SL Hit
HEROMOTOCO.EQ-NSE,2022-05-02,2480.05,2560.0,51.0,63.5,2022-05-26,-3528.1546743009208,282.25237394407367,0,False,0,No SL Hit
HEROMOTOCO.EQ-NSE,2022-06-01,2751.25,2860.0,47.45,0.05,2022-06-30,12059.97273966379,254.42980463425715,0,False,0,No SL Hit
HEROMOTOCO.EQ-NSE,2022-07-01,2758.8,2860.0,38.5,0.05,2022-07-28,9756.053356531826,253.73350732202405,0,False,0,No SL Hit
HEROMOTOCO.EQ-NSE,2022-08-01,2838.0,2940.0,58.6,0.05,2022-08-25,14441.508104298804,246.6525722339676,0,False,0,No SL Hit
HEROMOTOCO.EQ-NSE,2022-09-01,2880.0,3000.0,49.0,0.05,2022-09-29,11897.569444444445,243.05555555555554,0,False,0,No SL Hit
HEROMOTOCO.EQ-NSE,2022-10-03,2530.05,2600.0,58.5,15.8,2022-10-27,11813.99577083457,276.67437402422877,0,False,0,No SL Hit
HEROMOTOCO.EQ-NSE,2022-11-01,2670.0,2750.0,39.9,0.05,2022-11-24,10447.565543071161,262.17228464419475,0,False,0,No SL Hit
HEROMOTOCO.EQ-NSE,2022-12-01,2875.0,3000.0,22.3,0.05,2022-12-29,5417.391304347826,243.47826086956522,0,False,0,No SL Hit
HEROMOTOCO.EQ-NSE,2023-01-02,2716.0,2820.0,22.3,0.25,2023-01-25,5682.98969072165,257.7319587628866,0,False,0,No SL Hit
HEROMOTOCO.EQ-NSE,2023-02-01,2731.0,2820.0,31.8,0.05,2023-05-25,8138.044672281216,256.31636763090444,0,False,0,No SL Hit
HEROMOTOCO.EQ-NSE,2023-06-02,2889.45,2980.0,30.7,92.1,2023-06-08,-14874.803163231756,242.2606378376508,0,False,0,Intraday SL Hit
HEROMOTOCO.EQ-NSE,2023-07-03,2894.0,2980.0,34.1,102.30000000000001,2023-07-04,-16496.199032481,241.87975120939876,0,False,0,Intraday SL Hit
HEROMOTOCO.EQ-NSE,2023-08-02,2993.8999,3080.0,72.0,0.15,2023-08-31,16799.15884963288,233.80875225654674,0,False,0,No SL Hit
HEROMOTOCO.EQ-NSE,2023-09-01,2930.0,3020.0,42.65,0.05,2023-09-28,10177.474402730375,238.90784982935153,0,False,0,No SL Hit
HEROMOTOCO.EQ-NSE,2023-10-03,3022.8,3100.0,37.9,113.69999999999999,2023-10-19,-17553.261876405977,231.57337567817916,0,False,0,Intraday SL Hit
HEROMOTOCO.EQ-NSE,2023-11-01,3089.0,3180.0,48.05,170.0,2023-11-17,-27635.157008740694,226.61055357720946,0,False,0,Overnight SL Hit
HEROMOTOCO.EQ-NSE,2023-12-01,3770.0,3900.0,54.0,162.0,2023-12-26,-20053.050397877985,185.6763925729443,0,False,0,Intraday SL Hit
HEROMOTOCO.EQ-NSE,2024-01-01,4120.0,4240.0,80.75,242.25,2024-01-23,-27439.320388349515,169.90291262135923,0,False,0,Intraday SL Hit
HEROMOTOCO.EQ-NSE,2024-02-01,4585.0,4750.0,68.95,206.85000000000002,2024-02-09,-21053.435114503824,152.67175572519085,0,False,0,Intraday SL Hit
HEROMOTOCO.EQ-NSE,2024-03-01,4500.55,4650.0,117.0,66.95,2024-03-28,7784.604103942851,155.5365455333237,0,False,0,No SL Hit
HEROMOTOCO.EQ-NSE,2024-04-01,4687.0,4850.0,66.05,0.05,2024-04-25,9857.051418818006,149.34926392148495,0,False,0,No SL Hit
HEROMOTOCO.EQ-NSE,2024-05-02,4565.0,4750.0,85.8,257.4,2024-05-09,-26313.25301204819,153.34063526834612,0,False,0,Intraday SL Hit
HEROMOTOCO.EQ-NSE,2024-06-03,5162.0,5350.0,107.85,323.54999999999995,2024-06-05,-29250.29058504455,135.60635412630762,0,False,0,Intraday SL Hit
DIVISLAB.EQ-NSE,2019-01-01,1477.0,1540.0,27.65,0.05,2019-01-31,13080.568720379146,473.93364928909955,0,False,0,No SL Hit
DIVISLAB.EQ-NSE,2019-02-01,1548.05,1620.0,37.8,36.05,2019-02-28,791.3181098801718,452.1817770743839,0,False,0,No SL Hit
DIVISLAB.EQ-NSE,2019-03-01,1663.0,1750.0,21.0,0.05,2019-03-28,8818.400481058328,420.92603728202045,0,False,0,No SL Hit
DIVISLAB.EQ-NSE,2019-04-01,1729.0,1800.0,24.3,0.05,2019-04-25,9817.813765182187,404.8582995951417,0,False,0,No SL Hit
DIVISLAB.EQ-NSE,2019-05-02,1710.1,1780.0,32.0,0.2,2019-05-30,13016.782644289808,409.3327875562833,0,False,0,No SL Hit
DIVISLAB.EQ-NSE,2019-06-03,1620.0,1680.0,19.95,0.05,2019-06-27,8598.765432098766,432.0987654320988,0,False,0,No SL Hit
DIVISLAB.EQ-NSE,2019-07-01,1610.05,1680.0,25.1,0.05,2019-07-25,10890.966119064626,434.769106549486,0,False,0,No SL Hit
DIVISLAB.EQ-NSE,2019-08-01,1618.0,1680.0,24.6,0.05,2019-08-29,10621.13720642769,432.63288009888754,0,False,0,No SL Hit
DIVISLAB.EQ-NSE,2019-09-03,1645.2,1700.0,22.25,0.05,2019-09-26,9445.660102115244,425.48018477996595,0,False,0,No SL Hit
DIVISLAB.EQ-NSE,2019-10-01,1624.0,1700.0,30.6,65.0,2019-10-31,-14827.58620689655,431.0344827586207,0,False,0,No SL Hit
DIVISLAB.EQ-NSE,2019-11-01,1743.0,1820.0,42.15,0.1,2019-11-28,16887.550200803213,401.60642570281124,0,False,0,No SL Hit
DIVISLAB.EQ-NSE,2019-12-02,1786.0,1860.0,33.7,0.05,2019-12-26,13188.689809630463,391.93729003359465,0,False,0,No SL Hit
DIVISLAB.EQ-NSE,2020-01-01,1819.1,1900.0,20.85,65.1,2020-01-29,-17027.651036226704,384.8056731350668,0,False,0,Overnight SL Hit
DIVISLAB.EQ-NSE,2020-02-03,1970.0,2040.0,42.0,135.0,2020-02-12,-33045.68527918782,355.3299492385787,0,False,0,Overnight SL Hit
DIVISLAB.EQ-NSE,2020-03-02,2116.0,2180.0,47.8,0.45,2020-03-26,15663.988657844988,330.812854442344,0,False,0,No SL Hit
EICHERMOT.EQ-NSE,2019-01-01,2317.0,2400.0,45.145,0.005,2019-01-31,13637.462235649547,302.11480362537765,0,False,0,No SL Hit
EICHERMOT.EQ-NSE,2019-02-01,1969.0,2050.0,37.95,113.975,2019-02-07,-27027.679024885725,355.51041137633314,0,False,0,Overnight SL Hit
EICHERMOT.EQ-NSE,2019-03-01,1991.8,2050.0,47.995,143.98499999999999,2019-03-08,-33734.81273220202,351.4409077216588,0,False,0,Intraday SL Hit
EICHERMOT.EQ-NSE,2019-04-01,2001.5,2100.0,39.5,0.005,2019-04-25,13812.890332250812,349.7376967274544,0,False,0,No SL Hit
EICHERMOT.EQ-NSE,2019-05-02,2057.1,2150.0,47.0,0.01,2019-05-30,15989.985902484079,340.2848670458412,0,False,0,No SL Hit
EICHERMOT.EQ-NSE,2019-06-03,1998.1,2050.0,42.895,0.005,2019-06-27,15025.774485761473,350.3328161753666,0,False,0,No SL Hit
EICHERMOT.EQ-NSE,2019-07-01,1974.99004,2050.0,24.995,0.01,2019-07-25,8855.487696535421,354.4321671617139,0,False,0,No SL Hit
EICHERMOT.EQ-NSE,2019-08-01,1650.0,1725.0,26.605,0.3,2019-08-29,11159.69696969697,424.24242424242425,0,False,0,No SL Hit
EICHERMOT.EQ-NSE,2019-09-03,1580.15498,1650.0,31.0,93.0,2019-09-20,-27465.66036199816,442.9945219677123,0,False,0,Intraday SL Hit
EICHERMOT.EQ-NSE,2019-10-01,1782.5,1850.0,55.8,188.105,2019-10-17,-51957.08274894811,392.70687237026647,0,False,0,Overnight SL Hit
EICHERMOT.EQ-NSE,2019-11-01,2200.0,2300.0,61.220000000000006,12.5,2019-11-28,15501.818181818184,318.1818181818182,0,False,0,No SL Hit
EICHERMOT.EQ-NSE,2019-12-02,2169.1,2250.0,42.9,0.03,2019-12-26,13834.770181181135,322.71448988059564,0,False,0,No SL Hit
EICHERMOT.EQ-NSE,2020-01-01,2209.0,2300.0,41.0,0.005,2020-01-30,12990.719782707107,316.8854685377999,0,False,0,No SL Hit
EICHERMOT.EQ-NSE,2020-02-03,2000.0,2100.0,34.0,0.02,2020-02-27,11892.999999999998,350.0,0,False,0,No SL Hit
EICHERMOT.EQ-NSE,2020-03-02,1700.1,1800.0,42.5,0.1,2020-03-26,17457.79660019999,411.74048585377335,0,False,0,No SL Hit
EICHERMOT.EQ-NSE,2020-04-01,1299.0,1400.0,85.0,73.0,2020-04-30,6466.512702078522,538.8760585065435,0,False,0,No SL Hit
EICHERMOT.EQ-NSE,2020-05-04,1378.0,1450.0,66.88,185.0,2020-05-28,-60002.90275761974,507.98258345428155,0,False,0,No SL Hit
EICHERMOT.EQ-NSE,2020-06-01,1689.9,1800.0,49.0,11.0,2020-06-25,15740.576365465411,414.22569382803715,0,False,0,No SL Hit
EICHERMOT.EQ-NSE,2020-07-01,1836.5,1950.0,42.5,127.5,2020-07-23,-32398.584263544784,381.15981486523276,0,False,0,Intraday SL Hit
EICHERMOT.EQ-NSE,2020-08-03,2084.11504,2200.0,53.55,160.64999999999998,2020-08-24,-35972.10257644894,335.87397363631135,0,False,0,Intraday SL Hit
EICHERMOT.EQ-NSE,2020-09-01,2130.0,2250.0,58.0,0.1,2020-09-24,19028.169014084506,328.63849765258215,0,False,0,No SL Hit
EICHERMOT.EQ-NSE,2020-10-01,2200.0,2350.0,33.65,0.05,2020-10-29,10690.909090909092,318.1818181818182,0,False,0,No SL Hit
EICHERMOT.EQ-NSE,2020-11-02,2034.75,2150.0,51.8,155.39999999999998,2020-11-11,-35640.74210590981,344.0226071999017,0,False,0,Intraday SL Hit
EICHERMOT.EQ-NSE,2020-12-01,2534.0,2700.0,59.05,0.05,2020-12-31,16298.342541436465,276.24309392265195,0,False,0,No SL Hit
EICHERMOT.EQ-NSE,2021-01-01,2551.2,2700.0,57.0,171.0,2021-01-12,-31279.397930385705,274.3806835998746,0,False,0,Intraday SL Hit
EICHERMOT.EQ-NSE,2021-02-01,2853.0,3000.0,78.6,0.05,2021-02-25,19272.695408342093,245.3557658604977,0,False,0,No SL Hit
EICHERMOT.EQ-NSE,2021-03-01,2559.75,2700.0,66.75,0.05,2021-03-25,18240.06250610411,273.46420548881724,0,False,0,No SL Hit
EICHERMOT.EQ-NSE,2021-04-01,2617.0,2750.0,55.6,0.05,2021-04-29,14858.616736721437,267.48184944593044,0,False,0,No SL Hit
EICHERMOT.EQ-NSE,2021-05-03,2399.0,2500.0,56.75,170.25,2021-05-27,-33117.96581909129,291.78824510212587,0,False,0,Intraday SL Hit
EICHERMOT.EQ-NSE,2021-06-01,2662.0,2750.0,53.7,0.2,2021-06-24,14068.369646882045,262.96018031555224,0,False,0,No SL Hit
EICHERMOT.EQ-NSE,2021-07-01,2680.0,2800.0,31.3,0.05,2021-07-29,8162.313432835822,261.1940298507463,0,False,0,No SL Hit
EICHERMOT.EQ-NSE,2021-08-02,2603.5,2700.0,33.1,99.30000000000001,2021-08-05,-17799.116573842908,268.86883042058764,0,False,0,Intraday SL Hit
EICHERMOT.EQ-NSE,2021-09-01,2694.0,2800.0,42.0,126.0,2021-09-03,-21826.280623608018,259.83667409057165,0,False,0,Intraday SL Hit
EICHERMOT.EQ-NSE,2021-10-01,2774.8501,2900.0,86.45,0.05,2021-10-28,21795.771958996993,252.26587915505777,0,False,0,No SL Hit
EICHERMOT.EQ-NSE,2021-11-01,2557.05,2650.0,67.25,0.15,2021-11-25,18368.823448896186,273.7529575096302,0,False,0,No SL Hit
EICHERMOT.EQ-NSE,2021-12-01,2438.1001,2540.0,49.4,18.0,2021-12-30,9015.216397390739,287.1088024646732,0,False,0,No SL Hit
EICHERMOT.EQ-NSE,2022-01-03,2712.5,2820.0,41.9,0.05,2022-01-27,10800.0,258.06451612903226,0,False,0,No SL Hit
EICHERMOT.EQ-NSE,2022-02-01,2615.1001,2700.0,62.45,2.45,2022-02-24,16060.570683317246,267.67617805528744,0,False,0,No SL Hit
EICHERMOT.EQ-NSE,2022-03-02,2517.05,2600.0,71.0,0.05,2022-03-31,19731.431636240835,278.1033352535706,0,False,0,No SL Hit
EICHERMOT.EQ-NSE,2022-04-01,2486.8501,2580.0,48.5,90.0,2022-04-28,-11681.443927802484,281.48057657355383,0,False,0,No SL Hit
EICHERMOT.EQ-NSE,2022-05-02,2540.6499,2640.0,54.5,70.0,2022-05-26,-4270.560851379012,275.5200549276782,0,False,0,No SL Hit
EICHERMOT.EQ-NSE,2022-06-01,2778.1001,2900.0,50.5,0.05,2022-06-30,12711.924959075448,251.97076232062335,0,False,0,No SL Hit
EICHERMOT.EQ-NSE,2022-07-01,2789.0,2900.0,59.3,177.89999999999998,2022-07-19,-29766.9415561133,250.9860164933668,0,False,0,Intraday SL Hit
EICHERMOT.EQ-NSE,2022-08-01,3084.0,3200.0,61.0,188.95,2022-08-17,-29041.828793774315,226.97795071335926,0,False,0,Overnight SL Hit
EICHERMOT.EQ-NSE,2022-09-01,3414.0,3550.0,69.9,228.0,2022-09-21,-32416.520210896306,205.0380785002929,0,False,0,Overnight SL Hit
EICHERMOT.EQ-NSE,2022-10-03,3473.95,3600.0,70.6,120.25,2022-10-27,-10004.461779818364,201.49973373249472,0,False,0,No SL Hit
EICHERMOT.EQ-NSE,2022-11-01,3796.0,3950.0,49.55,0.05,2022-11-24,9128.029504741833,184.40463645943098,0,False,0,No SL Hit
EICHERMOT.EQ-NSE,2022-12-01,3438.8,3600.0,47.0,0.05,2022-12-29,9557.112946376643,203.5593811794812,0,False,0,No SL Hit
EICHERMOT.EQ-NSE,2023-01-02,3231.2,3350.0,44.0,0.05,2023-01-25,9521.230502599654,216.63778162911612,0,False,0,No SL Hit
EICHERMOT.EQ-NSE,2023-02-01,3305.7,3400.0,52.0,0.05,2023-02-23,11000.695767916026,211.75545270290712,0,False,0,No SL Hit
EICHERMOT.EQ-NSE,2023-03-01,3140.0,3250.0,46.5,0.05,2023-03-29,10355.095541401275,222.9299363057325,0,False,0,No SL Hit
EICHERMOT.EQ-NSE,2023-04-03,3000.05,3100.0,37.0,111.0,2023-04-13,-17266.378893685105,233.32944450925817,0,False,0,Intraday SL Hit
EICHERMOT.EQ-NSE,2023-05-02,3344.05,3450.0,42.95,128.85000000000002,2023-05-12,-17981.190472630497,209.32701365111166,0,False,0,Intraday SL Hit
EICHERMOT.EQ-NSE,2023-06-02,3711.0,3850.0,35.05,0.05,2023-06-28,6601.994071678792,188.6284020479655,0,False,0,No SL Hit
EICHERMOT.EQ-NSE,2023-07-03,3633.0,3750.0,54.95,0.05,2023-07-27,10578.034682080926,192.67822736030828,0,False,0,No SL Hit
EICHERMOT.EQ-NSE,2023-08-02,3325.0,3450.0,61.7,0.1,2023-08-31,12968.421052631578,210.52631578947367,0,False,0,No SL Hit
EICHERMOT.EQ-NSE,2023-09-01,3402.0,3500.0,54.55,0.05,2023-09-28,11213.991769547325,205.76131687242798,0,False,0,No SL Hit
EICHERMOT.EQ-NSE,2023-10-03,3348.9,3450.0,47.85,0.3,2023-10-26,9939.084475499418,209.0238585804294,0,False,0,No SL Hit
EICHERMOT.EQ-NSE,2023-11-01,3275.8,3380.0,52.4,157.2,2023-11-06,-22394.52958056047,213.68825935649306,0,False,0,Intraday SL Hit
EICHERMOT.EQ-NSE,2023-12-01,3892.85,4020.0,66.0,198.0,2023-12-04,-23735.823368483245,179.81684370063064,0,False,0,Intraday SL Hit
EICHERMOT.EQ-NSE,2024-01-01,4035.0,4160.0,91.15,0.1,2024-01-25,15795.53903345725,173.4820322180917,0,False,0,No SL Hit
EICHERMOT.EQ-NSE,2024-02-01,3920.45,4050.0,84.9,0.05,2024-02-29,15150.046550778612,178.5509316532541,0,False,0,No SL Hit
EICHERMOT.EQ-NSE,2024-03-01,3844.85,3950.0,88.5,53.05,2024-03-28,6454.087935810241,182.06171892271482,0,False,0,No SL Hit
EICHERMOT.EQ-NSE,2024-04-01,3947.0,4050.0,82.85,248.54999999999998,2024-04-08,-29386.876108436783,177.349885989359,0,False,0,Intraday SL Hit
EICHERMOT.EQ-NSE,2024-05-02,4596.0,4750.0,110.75,0.25,2024-05-30,16829.852045256746,152.30635335073978,0,False,0,No SL Hit
EICHERMOT.EQ-NSE,2024-06-03,4669.0,4800.0,113.9,0.05,2024-06-27,17068.96551724138,149.92503748125938,0,False,0,No SL Hit
SHREECEM.EQ-NSE,2019-01-11,15999.9004,17000.0,291.6,1473.85,2020-03-27,-51723.75948040276,43.750272345445346,0,False,0,Overnight SL Hit
SHREECEM.EQ-NSE,2020-05-04,18590.0,19500.0,589.4,1499.95,2020-05-28,-34286.44432490587,37.654653039268425,0,False,0,No SL Hit
SHREECEM.EQ-NSE,2020-06-01,21025.0,22000.0,500.0,285.9,2020-06-25,7128.180737217599,33.29369797859691,0,False,0,No SL Hit
SHREECEM.EQ-NSE,2020-07-01,22617.0,24000.0,372.0,200.0,2020-11-26,5323.429278861034,30.950170225936244,0,False,0,No SL Hit
SHREECEM.EQ-NSE,2020-12-01,24849.75,26500.0,350.0,0.1,2020-12-31,9856.437187496856,28.16929747784183,0,False,0,No SL Hit
SHREECEM.EQ-NSE,2021-01-01,23990.0,25500.0,369.75,1411.5,2021-12-03,-30397.040433513965,29.17882451021259,0,False,0,Overnight SL Hit
SHREECEM.EQ-NSE,2022-01-03,27265.0,28000.0,499.7,0.05,2022-01-27,12827.98459563543,25.673940949935815,0,False,0,No SL Hit
SHREECEM.EQ-NSE,2022-02-01,25526.0996,26500.0,492.0,0.05,2022-02-24,13490.70188537539,27.422912664651673,0,False,0,No SL Hit
SHREECEM.EQ-NSE,2022-03-02,23955.0,25000.0,569.95,0.05,2022-03-31,16653.30828637028,29.221456898351075,0,False,0,No SL Hit
SHREECEM.EQ-NSE,2022-04-01,24598.0,25500.0,526.6,350.0,2022-04-28,5025.611838360843,28.457598178713717,0,False,0,No SL Hit
SHREECEM.EQ-NSE,2022-05-02,26200.0,27000.0,422.15,0.05,2022-05-26,11277.480916030532,26.717557251908396,0,False,0,No SL Hit
SHREECEM.EQ-NSE,2022-06-01,21780.0,22500.0,400.0,0.1,2022-06-30,12852.617079889806,32.13957759412305,0,False,0,No SL Hit
SHREECEM.EQ-NSE,2022-07-01,19233.0508,20000.0,364.7,1094.1,2022-07-27,-26547.010420208524,36.395681958059406,0,False,0,Intraday SL Hit
SHREECEM.EQ-NSE,2022-08-01,20930.0,21500.0,314.2,367.75,2022-08-25,-1790.9698996655522,33.44481605351171,0,False,0,No SL Hit
SHREECEM.EQ-NSE,2022-09-01,21605.0,22500.0,349.95,1049.85,2022-09-07,-22676.695209442252,32.39990742883592,0,False,0,Intraday SL Hit
SHREECEM.EQ-NSE,2022-10-03,20705.0,21500.0,594.55,20.0,2022-10-27,19424.535136440474,33.808258874667956,0,False,0,No SL Hit
SHREECEM.EQ-NSE,2022-11-01,22642.6504,23500.0,325.0,0.1,2022-11-24,10044.318839988802,30.915108771895362,0,False,0,No SL Hit
SHREECEM.EQ-NSE,2022-12-01,24000.0,25000.0,370.0,5.9,2022-12-29,10619.583333333334,29.166666666666668,0,False,0,No SL Hit
SHREECEM.EQ-NSE,2023-01-02,23450.0,24500.0,189.2,567.5999999999999,2023-01-04,-11295.522388059699,29.850746268656717,0,False,0,Intraday SL Hit
SHREECEM.EQ-NSE,2023-02-01,23860.0,24750.0,496.2,1488.6,2023-02-20,-29114.836546521372,29.33780385582565,0,False,0,Intraday SL Hit
SHREECEM.EQ-NSE,2023-03-01,26220.0,27250.0,662.65,0.2,2023-03-29,17685.545385202135,26.69717772692601,0,False,0,No SL Hit
SHREECEM.EQ-NSE,2023-04-03,26250.0,27000.0,318.0,0.5,2023-04-27,8466.666666666668,26.666666666666668,0,False,0,No SL Hit
SHREECEM.EQ-NSE,2023-05-02,24130.0,25000.0,346.6,0.05,2023-05-25,10053.253211769581,29.009531703273932,0,False,0,No SL Hit
SHREECEM.EQ-NSE,2023-06-02,25071.0,26000.0,378.0,19.0,2023-06-28,10023.533165809102,27.92070519723984,0,False,0,No SL Hit
SHREECEM.EQ-NSE,2023-07-03,24125.0,25000.0,524.95,0.8,2023-07-27,15208.497409326428,29.015544041450777,0,False,0,No SL Hit
SHREECEM.EQ-NSE,2023-08-02,24000.0,25000.0,350.05,0.25,2023-08-31,10202.5,29.166666666666668,0,False,0,No SL Hit
SHREECEM.EQ-NSE,2023-09-01,24140.0,25000.0,299.0,897.0,2023-09-04,-17340.513670256834,28.997514498757248,0,False,0,Intraday SL Hit
SHREECEM.EQ-NSE,2023-10-03,25648.5,26500.0,309.95,929.8499999999999,2023-10-16,-16918.33830438427,27.292044369066417,0,False,0,Intraday SL Hit
SHREECEM.EQ-NSE,2023-11-01,25326.15,26000.0,450.0,812.0,2023-11-30,-10005.468655914932,27.639416176560587,0,False,0,No SL Hit
SHREECEM.EQ-NSE,2023-12-01,27050.0,28000.0,416.65,1249.9499999999998,2023-12-13,-21564.140480591494,25.87800369685767,0,False,0,Intraday SL Hit
SHREECEM.EQ-NSE,2024-01-01,28370.0,29000.0,634.35,14.5,2024-01-25,15294.14874867818,24.673951357067324,0,False,0,No SL Hit
SHREECEM.EQ-NSE,2024-02-01,29482.0,30500.0,589.7,0.05,2024-02-29,14000.237433009976,23.743300997218643,0,False,0,No SL Hit
SHREECEM.EQ-NSE,2024-03-01,25559.1,26500.0,470.0,0.5,2024-03-28,12858.433982417222,27.38750581984499,0,False,0,No SL Hit
SHREECEM.EQ-NSE,2024-04-01,26400.0,27000.0,486.25,0.25,2024-04-25,12886.363636363636,26.515151515151516,0,False,0,No SL Hit
SHREECEM.EQ-NSE,2024-05-02,24817.0,25500.0,632.05,1.0,2024-05-30,17799.693758310834,28.206471370431558,0,False,0,No SL Hit
SHREECEM.EQ-NSE,2024-06-03,25396.65,26000.0,545.05,1635.1499999999999,2024-06-10,-30046.08875580047,27.562690354830263,0,False,0,Intraday SL Hit
APOLLOHOSP.EQ-NSE,2019-01-01,1265.3,1320.0,32.0,2.65,2019-01-31,16237.255986722517,553.2284833636292,0,False,0,No SL Hit
APOLLOHOSP.EQ-NSE,2019-02-01,1341.0,1400.0,29.5,0.05,2019-02-28,15372.856077554065,521.9985085756898,0,False,0,No SL Hit
APOLLOHOSP.EQ-NSE,2019-03-01,1153.0,1200.0,30.15,0.05,2019-03-28,18274.06764960971,607.1118820468344,0,False,0,No SL Hit
APOLLOHOSP.EQ-NSE,2019-04-01,1268.0,1320.0,25.7,0.15,2019-04-25,14104.889589905364,552.0504731861199,0,False,0,No SL Hit
APOLLOHOSP.EQ-NSE,2019-05-02,1194.55,1240.0,31.3,0.05,2019-05-30,18312.3351889833,585.9947260474656,0,False,0,No SL Hit
APOLLOHOSP.EQ-NSE,2019-06-03,1358.25,1400.0,28.0,0.05,2019-06-27,14404.564697220689,515.369041045463,0,False,0,No SL Hit
APOLLOHOSP.EQ-NSE,2019-07-01,1369.05,1420.0,22.7,0.05,2019-07-25,11581.023337350718,511.30345860268073,0,False,0,No SL Hit
APOLLOHOSP.EQ-NSE,2019-08-01,1364.5,1420.0,28.5,85.5,2019-08-19,-29241.48039574936,513.0084279956028,0,False,0,Intraday SL Hit
APOLLOHOSP.EQ-NSE,2019-09-03,1493.0,1540.0,25.35,0.05,2019-09-26,11862.022772940389,468.85465505693236,0,False,0,No SL Hit
APOLLOHOSP.EQ-NSE,2019-10-01,1367.0,1420.0,37.4,70.0,2019-10-31,-16693.489392831016,512.0702267739575,0,False,0,No SL Hit
APOLLOHOSP.EQ-NSE,2019-11-01,1460.95,1520.0,34.75,0.25,2019-11-28,16530.339847359595,479.1402854307129,0,False,0,No SL Hit
APOLLOHOSP.EQ-NSE,2019-12-02,1420.0,1480.0,19.45,58.349999999999994,2019-12-06,-19176.056338028164,492.9577464788732,0,False,0,Intraday SL Hit
APOLLOHOSP.EQ-NSE,2020-01-01,1430.0,1500.0,17.9,53.699999999999996,2020-01-15,-17524.47552447552,489.5104895104895,0,False,0,Intraday SL Hit
APOLLOHOSP.EQ-NSE,2020-02-03,1690.15,1760.0,32.55,35.0,2020-02-27,-1014.7028370263006,414.16442327604057,0,False,0,No SL Hit
APOLLOHOSP.EQ-NSE,2020-03-02,1725.0,1780.0,40.7,0.25,2020-03-26,16414.49275362319,405.7971014492754,0,False,0,No SL Hit
APOLLOHOSP.EQ-NSE,2020-04-01,1090.0,1140.0,74.5,224.1,2020-04-24,-96073.39449541284,642.2018348623853,0,False,0,Overnight SL Hit
APOLLOHOSP.EQ-NSE,2020-05-04,1371.8,1440.0,64.5,0.05,2020-05-28,32887.44714973029,510.2784662487243,0,False,0,No SL Hit
APOLLOHOSP.EQ-NSE,2020-06-01,1374.05,1440.0,45.65,1.0,2020-06-25,22746.624940868238,509.4428878133984,0,False,0,No SL Hit
APOLLOHOSP.EQ-NSE,2020-07-01,1323.4,1400.0,45.05,135.14999999999998,2020-07-23,-47657.54873809882,528.9406075260691,0,False,0,Intraday SL Hit
APOLLOHOSP.EQ-NSE,2020-08-03,1571.0,1660.0,38.5,115.5,2020-08-07,-34309.357097390195,445.5760661998727,0,False,0,Intraday SL Hit
APOLLOHOSP.EQ-NSE,2020-09-01,1684.9,1780.0,31.0,93.0,2020-09-18,-25758.205234732028,415.4549231408392,0,False,0,Intraday SL Hit
APOLLOHOSP.EQ-NSE,2020-10-01,2099.5,2220.0,40.0,120.0,2020-10-09,-26673.01738509169,333.4127173136461,0,False,0,Intraday SL Hit
APOLLOHOSP.EQ-NSE,2020-11-02,2073.6001,2200.0,42.0,126.0,2020-11-13,-28356.480113981477,337.5771442140652,0,False,0,Intraday SL Hit
APOLLOHOSP.EQ-NSE,2020-12-01,2508.2,2700.0,32.0,0.05,2020-12-31,8916.753049996014,279.0846025037876,0,False,0,No SL Hit
APOLLOHOSP.EQ-NSE,2021-01-01,2411.0,2600.0,38.95,20.65,2021-01-28,5313.148071339694,290.3359601824969,0,False,0,No SL Hit
APOLLOHOSP.EQ-NSE,2021-02-01,2671.2,2800.0,57.55,172.64999999999998,2021-02-15,-30162.473794549263,262.0545073375262,0,False,0,Intraday SL Hit
APOLLOHOSP.EQ-NSE,2021-03-01,3086.8,3300.0,74.95,0.05,2021-03-25,16985.227419981857,226.77206168200075,0,False,0,No SL Hit
APOLLOHOSP.EQ-NSE,2021-04-01,2894.0,3050.0,66.0,198.0,2021-04-19,-31928.127159640637,241.87975120939876,0,False,0,Intraday SL Hit
APOLLOHOSP.EQ-NSE,2021-05-03,3201.5,3350.0,90.3,0.05,2021-05-27,19732.93768545994,218.64750898016555,0,False,0,No SL Hit
APOLLOHOSP.EQ-NSE,2021-06-01,3237.1499,3400.0,63.3,0.05,2021-06-24,13677.154709455994,216.23960014950188,0,False,0,No SL Hit
APOLLOHOSP.EQ-NSE,2021-07-01,3685.0,3900.0,51.0,153.0,2021-07-26,-19375.848032564452,189.9592944369064,0,False,0,Intraday SL Hit
APOLLOHOSP.EQ-NSE,2021-08-02,4045.75,4200.0,90.35,271.04999999999995,2021-08-17,-31264.907619106463,173.02107149477848,0,False,0,Intraday SL Hit
APOLLOHOSP.EQ-NSE,2021-09-01,5030.0,5300.0,116.9,0.05,2021-09-30,16261.431411530817,139.16500994035786,0,False,0,No SL Hit
APOLLOHOSP.EQ-NSE,2021-10-01,4459.0,4700.0,151.2,0.05,2021-10-28,23728.414442700152,156.98587127158555,0,False,0,No SL Hit
APOLLOHOSP.EQ-NSE,2021-11-01,4342.0,4550.0,111.05,333.15,2021-11-15,-35806.08014739751,161.21602947950254,0,False,0,Intraday SL Hit
APOLLOHOSP.EQ-NSE,2021-12-01,5582.8999,5900.0,160.2,0.05,2021-12-30,20080.066275234483,125.38286778167023,0,False,0,No SL Hit
APOLLOHOSP.EQ-NSE,2022-01-03,4988.0,5250.0,119.25,0.05,2022-01-27,16728.14755412991,140.33680834001603,0,False,0,No SL Hit
APOLLOHOSP.EQ-NSE,2022-02-01,4510.5,4750.0,128.0,0.05,2022-02-24,19857.000332557367,155.1934375346414,0,False,0,No SL Hit
APOLLOHOSP.EQ-NSE,2022-03-02,4865.0,5100.0,139.35,0.05,2022-03-31,20043.165467625895,143.88489208633092,0,False,0,No SL Hit
APOLLOHOSP.EQ-NSE,2022-04-01,4501.5,4700.0,140.0,0.05,2022-04-28,21762.745751416194,155.50372098189493,0,False,0,No SL Hit
APOLLOHOSP.EQ-NSE,2022-05-02,4301.0,4500.0,118.0,0.05,2022-05-26,19196.69844222274,162.75284817484305,0,False,0,No SL Hit
APOLLOHOSP.EQ-NSE,2022-06-01,3847.5,4100.0,85.45,0.05,2022-06-30,15537.361923326836,181.9363222871995,0,False,0,No SL Hit
APOLLOHOSP.EQ-NSE,2022-07-01,3732.0,3950.0,74.9,224.70000000000002,2022-07-12,-28097.534833869242,187.56698821007504,0,False,0,Intraday SL Hit
APOLLOHOSP.EQ-NSE,2022-08-01,4288.0,4500.0,86.05,0.05,2022-08-25,14039.179104477611,163.2462686567164,0,False,0,No SL Hit
APOLLOHOSP.EQ-NSE,2022-09-01,4287.0,4500.0,93.0,0.05,2022-09-29,15177.280149288546,163.28434802892465,0,False,0,No SL Hit
APOLLOHOSP.EQ-NSE,2022-10-03,4359.0,4550.0,112.0,0.05,2022-10-27,17977.747189722417,160.5872906629961,0,False,0,No SL Hit
APOLLOHOSP.EQ-NSE,2022-11-01,4503.0,4700.0,96.0,118.0,2022-11-24,-3419.942260715079,155.4519209415945,0,False,0,No SL Hit
APOLLOHOSP.EQ-NSE,2022-12-01,4770.0,5000.0,78.0,0.05,2022-12-29,11439.203354297693,146.75052410901466,0,False,0,No SL Hit
APOLLOHOSP.EQ-NSE,2023-01-02,4457.0,4650.0,70.9,0.05,2023-01-25,11127.439982050708,157.05631590756113,0,False,0,No SL Hit
APOLLOHOSP.EQ-NSE,2023-02-01,4264.9502,4400.0,83.3,249.89999999999998,2023-02-16,-27343.81283045227,164.12852839407128,0,False,0,Intraday SL Hit
APOLLOHOSP.EQ-NSE,2023-03-01,4405.0,4600.0,54.1,0.05,2023-03-29,8589.103291713962,158.91032917139614,0,False,0,No SL Hit
APOLLOHOSP.EQ-NSE,2023-04-03,4233.0,4400.0,61.35,19.0,2023-04-27,7003.307347035199,165.3673517599811,0,False,0,No SL Hit
APOLLOHOSP.EQ-NSE,2023-05-02,4482.2998,4650.0,64.4,0.05,2023-05-25,10049.528592442657,156.16983049638938,0,False,0,No SL Hit
APOLLOHOSP.EQ-NSE,2023-06-02,4962.0,5150.0,71.95,215.85000000000002,2023-06-16,-20300.28214429666,141.07214832728738,0,False,0,Intraday SL Hit
APOLLOHOSP.EQ-NSE,2023-07-03,5075.0,5250.0,84.0,0.05,2023-07-27,11579.310344827587,137.93103448275863,0,False,0,No SL Hit
APOLLOHOSP.EQ-NSE,2023-08-02,4996.0,5150.0,145.55,0.05,2023-08-31,20386.309047237788,140.11208967173738,0,False,0,No SL Hit
APOLLOHOSP.EQ-NSE,2023-09-01,4842.0,5000.0,77.65,25.0,2023-09-28,7611.524163568774,144.5683601817431,0,False,0,No SL Hit
APOLLOHOSP.EQ-NSE,2023-10-03,5112.3,5250.0,86.45,0.05,2023-10-26,11830.291649551084,136.9246718698042,0,False,0,No SL Hit
APOLLOHOSP.EQ-NSE,2023-11-01,4807.65,4950.0,76.25,228.75,2023-11-03,-22204.195396919495,145.60128129127537,0,False,0,Intraday SL Hit
APOLLOHOSP.EQ-NSE,2023-12-01,5575.15,5750.0,88.5,27.05,2023-12-28,7715.487475673301,125.55715989704314,0,False,0,No SL Hit
APOLLOHOSP.EQ-NSE,2024-01-01,5734.0,5900.0,138.5,243.25,2024-01-25,-12787.757237530519,122.07882804325078,0,False,0,No SL Hit
APOLLOHOSP.EQ-NSE,2024-02-01,6290.0,6500.0,118.5,355.5,2024-02-22,-26375.198728139905,111.28775834658188,0,False,0,Intraday SL Hit
APOLLOHOSP.EQ-NSE,2024-03-01,6082.2,6250.0,156.45,82.4,2024-03-28,8522.409654401366,115.08993456315149,0,False,0,No SL Hit
APOLLOHOSP.EQ-NSE,2024-04-01,6480.0,6650.0,111.0,0.05,2024-04-25,11985.33950617284,108.0246913580247,0,False,0,No SL Hit
APOLLOHOSP.EQ-NSE,2024-05-02,5951.0,6150.0,119.05,1.6,2024-05-30,13815.325155436061,117.62728953117123,0,False,0,No SL Hit
APOLLOHOSP.EQ-NSE,2024-06-03,5862.0,6050.0,124.9,90.25,2024-06-27,4137.666325486183,119.41316956670079,0,False,0,No SL Hit
UPL.EQ-NSE,2019-01-01,501.3333333333333,520.0,10.8,4.0,2019-01-31,9494.680851063831,1396.276595744681,0,False,0,No SL Hit
UPL.EQ-NSE,2019-02-01,517.2333333333333,533.35,13.333333333333334,43.46666666666667,2019-02-27,-40781.07881678159,1353.3543855126634,0,False,0,Overnight SL Hit
UPL.EQ-NSE,2019-03-01,580.4,600.0,11.433333333333332,18.666666666666668,2019-03-28,-8723.868596370323,1206.064782908339,0,False,0,No SL Hit
UPL.EQ-NSE,2019-04-01,621.3333333333334,646.65,10.6,0.0333333333333333,2019-04-25,11904.50643776824,1126.6094420600857,0,False,0,No SL Hit
UPL.EQ-NSE,2019-05-02,644.0,673.35,10.033333333333331,0.0333333333333333,2019-05-30,10869.565217391302,1086.9565217391305,0,False,0,No SL Hit
UPL.EQ-NSE,2019-06-03,670.6999999999999,693.35,9.4,0.0333333333333333,2019-06-27,9775.856070771832,1043.6857015058895,0,False,0,No SL Hit
UPL.EQ-NSE,2019-07-01,630.0,653.35,12.533333333333331,37.599999999999994,2019-07-04,-27851.851851851847,1111.111111111111,0,False,0,Intraday SL Hit
UPL.EQ-NSE,2019-08-01,580.5,606.65,12.85,0.05,2019-08-29,15434.969853574505,1205.8570198105083,0,False,0,No SL Hit
UPL.EQ-NSE,2019-09-03,550.05,570.0,15.4,14.5,2019-09-26,1145.350422688847,1272.611580765385,0,False,0,No SL Hit
UPL.EQ-NSE,2019-10-01,594.05,620.0,16.55,0.05,2019-10-31,19442.807844457537,1178.3519905731841,0,False,0,No SL Hit
UPL.EQ-NSE,2019-11-01,587.0,610.0,17.9,0.05,2019-11-28,21286.201022146506,1192.504258943782,0,False,0,No SL Hit
UPL.EQ-NSE,2019-12-02,570.7,600.0,9.0,0.05,2019-12-26,10977.74662694936,1226.5638689328894,0,False,0,No SL Hit
UPL.EQ-NSE,2020-01-01,589.35,610.0,10.5,0.05,2020-01-30,12411.979299227962,1187.7492152371256,0,False,0,No SL Hit
UPL.EQ-NSE,2020-02-03,513.9,530.0,16.95,50.849999999999994,2020-02-10,-46176.29889083478,1362.1327106440942,0,False,0,Intraday SL Hit
UPL.EQ-NSE,2020-03-02,512.65,530.0,16.35,0.05,2020-03-26,22256.90041938945,1365.4540134594754,0,False,0,No SL Hit
UPL.EQ-NSE,2020-04-01,307.0,330.0,18.45,55.349999999999994,2020-04-15,-84136.80781758956,2280.130293159609,0,False,0,Intraday SL Hit
UPL.EQ-NSE,2020-05-04,386.5,410.0,26.9,0.05,2020-05-28,48628.7192755498,1811.1254851228978,0,False,0,No SL Hit
UPL.EQ-NSE,2020-06-01,418.95,450.0,10.85,0.05,2020-06-25,18045.112781954886,1670.843776106934,0,False,0,No SL Hit
UPL.EQ-NSE,2020-07-01,445.5,480.0,10.9,0.05,2020-07-30,17048.260381593715,1571.2682379349046,0,False,0,No SL Hit
UPL.EQ-NSE,2020-08-03,452.5,480.0,12.9,16.0,2020-08-27,-4795.580110497237,1546.9613259668508,0,False,0,No SL Hit
UPL.EQ-NSE,2020-09-01,508.4,540.0,11.9,0.05,2020-09-24,16315.892997639654,1376.8686073957515,0,False,0,No SL Hit
UPL.EQ-NSE,2020-10-01,507.0,540.0,9.85,0.05,2020-10-29,13530.571992110452,1380.670611439842,0,False,0,No SL Hit
UPL.EQ-NSE,2020-11-02,444.3,470.0,12.55,0.05,2020-11-26,19693.900517668244,1575.5120414134594,0,False,0,No SL Hit
UPL.EQ-NSE,2020-12-01,434.0,470.0,10.05,30.150000000000002,2020-12-08,-32419.35483870968,1612.9032258064517,0,False,0,Intraday SL Hit
UPL.EQ-NSE,2021-01-01,469.0,500.0,12.2,36.599999999999994,2021-01-15,-36417.91044776118,1492.5373134328358,0,False,0,Intraday SL Hit
UPL.EQ-NSE,2021-02-01,536.9,580.0,13.05,17.0,2021-02-25,-5149.93481095176,1303.780964797914,0,False,0,No SL Hit
UPL.EQ-NSE,2021-03-01,589.35,630.0,19.6,0.05,2021-03-25,23220.497157885806,1187.7492152371256,0,False,0,No SL Hit
UPL.EQ-NSE,2021-04-01,654.9,700.0,13.6,0.05,2021-04-29,14483.1271949916,1068.8654756451367,0,False,0,No SL Hit
UPL.EQ-NSE,2021-05-03,617.0,650.0,18.3,54.900000000000006,2021-05-11,-41523.50081037279,1134.52188006483,0,False,0,Intraday SL Hit
UPL.EQ-NSE,2021-06-01,816.0,860.0,16.05,0.05,2021-06-24,13725.490196078432,857.843137254902,0,False,0,No SL Hit
UPL.EQ-NSE,2021-07-01,790.8,830.0,11.6,34.8,2021-07-16,-20536.165907941322,885.179564997471,0,False,0,Intraday SL Hit
UPL.EQ-NSE,2021-08-02,790.4,830.0,14.0,0.05,2021-08-26,12354.504048582996,885.6275303643725,0,False,0,No SL Hit
UPL.EQ-NSE,2021-09-01,748.7,790.0,11.45,0.05,2021-09-30,10658.474689461731,934.9539201282222,0,False,0,No SL Hit
UPL.EQ-NSE,2021-10-01,711.9,750.0,16.6,0.05,2021-10-28,16273.352999016717,983.2841691248772,0,False,0,No SL Hit
UPL.EQ-NSE,2021-11-01,720.75,760.0,15.05,0.05,2021-11-25,14568.158168574402,971.2105445716268,0,False,0,No SL Hit
UPL.EQ-NSE,2021-12-01,690.0,730.0,12.3,14.0,2021-12-30,-1724.6376811594196,1014.4927536231884,0,False,0,No SL Hit
UPL.EQ-NSE,2022-01-03,764.0,800.0,9.6,28.799999999999997,2022-01-10,-17591.62303664921,916.2303664921466,0,False,0,Intraday SL Hit
UPL.EQ-NSE,2022-02-01,785.2,820.0,14.4,0.05,2022-02-24,12792.919001528271,891.4926133469179,0,False,0,No SL Hit
UPL.EQ-NSE,2022-03-02,689.0,720.0,16.0,48.0,2022-03-17,-32510.88534107402,1015.9651669085631,0,False,0,Intraday SL Hit
UPL.EQ-NSE,2022-04-01,781.55,820.0,12.2,40.0,2022-04-18,-24899.238692342144,895.6560680698612,0,False,0,Overnight SL Hit
UPL.EQ-NSE,2022-05-02,830.0,860.0,17.45,0.05,2022-05-26,14674.698795180722,843.3734939759037,0,False,0,No SL Hit
UPL.EQ-NSE,2022-06-01,780.85,810.0,12.25,0.05,2022-06-30,10936.799641416404,896.4589870013447,0,False,0,No SL Hit
UPL.EQ-NSE,2022-07-01,642.85,670.0,10.7,34.85,2022-07-22,-26296.95885509839,1088.9009877887531,0,False,0,Overnight SL Hit
UPL.EQ-NSE,2022-08-01,759.9,790.0,17.05,0.05,2022-08-25,15659.955257270694,921.173838662982,0,False,0,No SL Hit
UPL.EQ-NSE,2022-09-01,757.7,790.0,15.4,0.05,2022-09-29,14181.074303814174,923.8484888478289,0,False,0,No SL Hit
UPL.EQ-NSE,2022-10-03,664.0,690.0,14.25,15.0,2022-10-27,-790.6626506024097,1054.2168674698796,0,False,0,No SL Hit
UPL.EQ-NSE,2022-11-01,718.35,750.0,11.65,34.95,2022-11-14,-22704.809633187167,974.4553490638268,0,False,0,Intraday SL Hit
UPL.EQ-NSE,2022-12-01,778.1,810.0,10.1,0.05,2022-12-29,9041.254337488754,899.6272972625626,0,False,0,No SL Hit
UPL.EQ-NSE,2023-01-02,722.55,750.0,10.75,0.1,2023-01-25,10317.625077849285,968.7910871219985,0,False,0,No SL Hit
UPL.EQ-NSE,2023-02-01,740.0,770.0,9.85,0.05,2023-02-23,9270.27027027027,945.9459459459459,0,False,0,No SL Hit
UPL.EQ-NSE,2023-03-01,713.55,740.0,9.4,0.05,2023-03-29,9172.447621049681,981.0104407539767,0,False,0,No SL Hit
UPL.EQ-NSE,2023-04-03,729.6,760.0,6.95,0.1,2023-04-27,6572.0942982456145,959.4298245614035,0,False,0,No SL Hit
UPL.EQ-NSE,2023-05-02,752.0,780.0,9.05,0.5,2023-05-25,7958.776595744682,930.8510638297872,0,False,0,No SL Hit
UPL.EQ-NSE,2023-06-02,683.8,710.0,7.1,0.05,2023-06-28,7217.022521205031,1023.6911377595789,0,False,0,No SL Hit
UPL.EQ-NSE,2023-07-03,680.0,700.0,9.35,0.05,2023-07-27,9573.529411764706,1029.4117647058824,0,False,0,No SL Hit
UPL.EQ-NSE,2023-08-02,618.5,640.0,7.6,0.05,2023-08-31,8544.866612772837,1131.770412287793,0,False,0,No SL Hit
UPL.EQ-NSE,2023-09-01,603.3,620.0,10.75,0.05,2023-09-28,12415.050555279298,1160.2850986242336,0,False,0,No SL Hit
UPL.EQ-NSE,2023-10-03,607.8,625.0,8.9,0.05,2023-10-26,10192.497532082922,1151.6946363935506,0,False,0,No SL Hit
UPL.EQ-NSE,2023-11-01,533.0,550.0,7.7,21.0,2023-11-30,-17467.166979362104,1313.3208255159475,0,False,0,No SL Hit
UPL.EQ-NSE,2023-12-01,575.0,590.0,8.85,26.549999999999997,2023-12-15,-21547.826086956517,1217.391304347826,0,False,0,Intraday SL Hit
UPL.EQ-NSE,2024-01-01,592.0,610.0,12.9,0.05,2024-01-25,15194.256756756757,1182.4324324324325,0,False,0,No SL Hit
UPL.EQ-NSE,2024-02-01,530.35,545.0,13.95,0.05,2024-02-29,18346.37503535401,1319.883096068634,0,False,0,No SL Hit
UPL.EQ-NSE,2024-03-01,474.75,490.0,9.9,0.05,2024-03-28,14523.433385992628,1474.4602422327541,0,False,0,No SL Hit
UPL.EQ-NSE,2024-04-01,466.5,480.0,9.5,28.5,2024-04-10,-28510.182207931404,1500.5359056806003,0,False,0,Intraday SL Hit
UPL.EQ-NSE,2024-05-02,499.4,515.0,12.4,0.05,2024-05-30,17310.77292751302,1401.6820184221067,0,False,0,No SL Hit
UPL.EQ-NSE,2024-06-03,530.0,550.0,12.6,18.0,2024-06-27,-7132.075471698114,1320.754716981132,0,False,0,No SL Hit
TATACONSUM.EQ-NSE,2020-02-27,363.0,365.0,0.05,6.3,2020-02-28,-12052.341597796143,1928.374655647383,0,False,0,Overnight SL Hit
TATACONSUM.EQ-NSE,2020-04-01,279.55,300.0,9.6,28.799999999999997,2020-04-15,-48077.267036308345,2504.0243248077268,0,False,0,Intraday SL Hit
TATACONSUM.EQ-NSE,2020-05-04,335.5,360.0,9.1,9.7,2020-05-28,-1251.8628912071526,2086.4381520119223,0,False,0,No SL Hit
TATACONSUM.EQ-NSE,2020-06-01,362.0,380.0,6.1,3.25,2020-06-25,5511.049723756905,1933.7016574585634,0,False,0,No SL Hit
TATACONSUM.EQ-NSE,2020-07-01,385.0,410.0,6.65,19.950000000000003,2020-07-08,-24181.818181818187,1818.1818181818182,0,False,0,Intraday SL Hit
TATACONSUM.EQ-NSE,2020-08-03,435.0,460.0,10.05,30.150000000000002,2020-08-06,-32344.827586206895,1609.1954022988505,0,False,0,Intraday SL Hit
TATACONSUM.EQ-NSE,2020-09-01,549.7,580.0,10.0,30.0,2020-09-03,-25468.437329452427,1273.4218664726213,0,False,0,Intraday SL Hit
TATACONSUM.EQ-NSE,2020-10-01,509.0,540.0,10.5,0.05,2020-10-29,14371.316306483299,1375.24557956778,0,False,0,No SL Hit
TATACONSUM.EQ-NSE,2020-11-02,493.25,520.0,13.55,0.05,2020-11-26,19158.64166244298,1419.158641662443,0,False,0,No SL Hit
TATACONSUM.EQ-NSE,2020-12-01,529.45,570.0,10.3,30.900000000000002,2020-12-10,-27235.810747001604,1322.1267352913399,0,False,0,Intraday SL Hit
TATACONSUM.EQ-NSE,2021-01-01,601.4,640.0,13.05,0.05,2021-01-28,15131.360159627537,1163.9507815098104,0,False,0,No SL Hit
TATACONSUM.EQ-NSE,2021-02-01,588.75,620.0,13.45,8.0,2021-02-25,6479.830148619957,1188.95966029724,0,False,0,No SL Hit
TATACONSUM.EQ-NSE,2021-03-01,627.75,660.0,17.8,0.05,2021-03-25,19792.911190760657,1115.0935882118679,0,False,0,No SL Hit
TATACONSUM.EQ-NSE,2021-04-01,650.0,680.0,12.0,1.0,2021-04-29,11846.153846153846,1076.923076923077,0,False,0,No SL Hit
TATACONSUM.EQ-NSE,2021-05-03,679.5,710.0,17.55,0.05,2021-05-27,18027.961736571007,1030.1692420897718,0,False,0,No SL Hit
TATACONSUM.EQ-NSE,2021-06-01,665.55,690.0,10.35,36.45,2021-06-08,-27450.980392156864,1051.761700848922,0,False,0,Overnight SL Hit
TATACONSUM.EQ-NSE,2021-07-01,758.0,790.0,8.5,0.05,2021-07-29,7803.4300791556725,923.4828496042217,0,False,0,No SL Hit
TATACONSUM.EQ-NSE,2021-08-02,759.7,790.0,14.2,42.599999999999994,2021-08-17,-26168.224299065416,921.4163485586415,0,False,0,Intraday SL Hit
TATACONSUM.EQ-NSE,2021-09-01,865.4,900.0,12.25,0.05,2021-09-30,9868.269008550958,808.8745088976196,0,False,0,No SL Hit
TATACONSUM.EQ-NSE,2021-10-01,802.0,830.0,18.25,0.05,2021-10-28,15885.286783042393,872.8179551122195,0,False,0,No SL Hit
TATACONSUM.EQ-NSE,2021-11-01,826.0,850.0,15.5,0.05,2021-11-25,13093.22033898305,847.457627118644,0,False,0,No SL Hit
TATACONSUM.EQ-NSE,2021-12-01,774.0,800.0,14.15,0.05,2021-12-30,12751.937984496124,904.3927648578812,0,False,0,No SL Hit
TATACONSUM.EQ-NSE,2022-01-03,749.0,770.0,12.1,0.05,2022-01-27,11261.682242990653,934.5794392523364,0,False,0,No SL Hit
TATACONSUM.EQ-NSE,2022-02-01,737.0,760.0,16.05,0.05,2022-02-24,15196.74355495251,949.7964721845319,0,False,0,No SL Hit
TATACONSUM.EQ-NSE,2022-03-02,710.0,740.0,12.95,38.849999999999994,2022-03-15,-25535.211267605628,985.9154929577464,0,False,0,Intraday SL Hit
TATACONSUM.EQ-NSE,2022-04-01,788.25,820.0,17.5,0.05,2022-04-28,15496.352679987313,888.0431335236283,0,False,0,No SL Hit
TATACONSUM.EQ-NSE,2022-05-02,823.0,850.0,15.3,0.05,2022-05-26,12970.838396111785,850.546780072904,0,False,0,No SL Hit
TATACONSUM.EQ-NSE,2022-06-01,762.0,790.0,11.9,0.1,2022-06-30,10839.89501312336,918.6351706036745,0,False,0,No SL Hit
TATACONSUM.EQ-NSE,2022-07-01,720.15,750.0,12.65,37.95,2022-07-15,-24592.098868291334,972.0197181142818,0,False,0,Intraday SL Hit
TATACONSUM.EQ-NSE,2022-08-01,811.0,840.0,14.25,0.05,2022-08-25,12256.473489519112,863.1319358816277,0,False,0,No SL Hit
TATACONSUM.EQ-NSE,2022-09-01,841.0,870.0,18.5,0.05,2022-09-29,15356.718192627824,832.3424494649228,0,False,0,No SL Hit
TATACONSUM.EQ-NSE,2022-10-03,778.2,810.0,13.8,0.05,2022-10-27,12368.28578771524,899.5116936520175,0,False,0,No SL Hit
TATACONSUM.EQ-NSE,2022-11-01,774.25,800.0,9.2,0.05,2022-11-24,8272.521795285758,904.1007426541814,0,False,0,No SL Hit
TATACONSUM.EQ-NSE,2022-12-01,811.15,840.0,9.5,0.05,2022-12-29,8155.088454663131,862.9723232447759,0,False,0,No SL Hit
TATACONSUM.EQ-NSE,2023-01-02,762.0,790.0,6.9,0.05,2023-01-25,6292.6509186351705,918.6351706036745,0,False,0,No SL Hit
TATACONSUM.EQ-NSE,2023-02-01,739.1,760.0,10.9,0.05,2023-02-23,10276.01136517386,947.0978216750101,0,False,0,No SL Hit
TATACONSUM.EQ-NSE,2023-03-01,716.9,740.0,6.25,0.05,2023-03-29,6053.842934858419,976.426279815874,0,False,0,No SL Hit
TATACONSUM.EQ-NSE,2023-04-03,716.95,735.0,5.2,15.600000000000001,2023-04-27,-10154.12511332729,976.3581839737777,0,False,0,Intraday SL Hit
TATACONSUM.EQ-NSE,2023-05-02,780.0,800.0,3.5,0.05,2023-05-25,3096.153846153846,897.4358974358975,0,False,0,No SL Hit
TATACONSUM.EQ-NSE,2023-06-02,795.0,815.0,6.7,20.1,2023-06-07,-11798.742138364782,880.503144654088,0,False,0,Intraday SL Hit
TATACONSUM.EQ-NSE,2023-07-03,858.95,880.0,14.75,0.05,2023-07-27,11979.742709121601,814.9484836137144,0,False,0,No SL Hit
TATACONSUM.EQ-NSE,2023-08-02,840.8,865.0,11.25,0.05,2023-08-31,9324.452901998096,832.5404376784015,0,False,0,No SL Hit
TATACONSUM.EQ-NSE,2023-09-01,842.0,865.0,9.8,29.400000000000002,2023-09-06,-16294.536817102138,831.3539192399049,0,False,0,Intraday SL Hit
TATACONSUM.EQ-NSE,2023-10-03,873.9,895.0,12.65,0.05,2023-10-26,10092.687950566426,801.0069802036846,0,False,0,No SL Hit
TATACONSUM.EQ-NSE,2023-11-01,904.75,930.0,8.1,7.6,2023-11-30,386.84719535783364,773.6943907156673,0,False,0,No SL Hit
TATACONSUM.EQ-NSE,2023-12-01,943.0,970.0,12.0,36.0,2023-12-20,-17815.482502651113,742.3117709437964,0,False,0,Intraday SL Hit
TATACONSUM.EQ-NSE,2024-01-01,1085.05,1110.0,19.5,30.7,2024-01-25,-7225.473480484769,645.1315607575688,0,False,0,No SL Hit
TATACONSUM.EQ-NSE,2024-02-01,1132.0,1160.0,20.6,26.5,2024-02-29,-3648.409893992932,618.3745583038869,0,False,0,No SL Hit
TATACONSUM.EQ-NSE,2024-03-01,1199.3,1230.0,24.1,0.05,2024-03-28,14037.355123822232,583.6738097223381,0,False,0,No SL Hit
TATACONSUM.EQ-NSE,2024-04-01,1086.95,1120.0,16.6,49.800000000000004,2024-04-22,-21380.928285569713,644.0038640231841,0,False,0,Intraday SL Hit
TATACONSUM.EQ-NSE,2024-05-02,1092.2,1130.0,15.5,0.1,2024-05-30,9869.98718183483,640.9082585607032,0,False,0,No SL Hit
TATACONSUM.EQ-NSE,2024-06-03,1071.2,1100.0,19.15,57.449999999999996,2024-06-05,-25028.005974607913,653.4727408513816,0,False,0,Intraday SL Hit
BAJAJ_AUTO.EQ-NSE,2019-01-01,2726.0,2850.0,40.6,0.05,2019-01-31,10412.692589875276,256.78650036683786,0,False,0,No SL Hit
BAJAJ_AUTO.EQ-NSE,2019-02-01,2605.05,2700.0,41.0,123.0,2019-02-06,-22034.126024452504,268.70885395673787,0,False,0,Intraday SL Hit
BAJAJ_AUTO.EQ-NSE,2019-03-01,2861.05,3000.0,33.3,0.05,2019-03-28,8135.125216266755,244.6654200380979,0,False,0,No SL Hit
BAJAJ_AUTO.EQ-NSE,2019-04-01,2915.0,3050.0,34.0,35.0,2019-04-25,-240.13722126929673,240.13722126929673,0,False,0,No SL Hit
BAJAJ_AUTO.EQ-NSE,2019-05-02,3028.0,3150.0,56.6,0.05,2019-05-30,13072.985468956407,231.17569352708057,0,False,0,No SL Hit
BAJAJ_AUTO.EQ-NSE,2019-06-03,3030.1499,3150.0,43.55,0.05,2019-06-27,10049.007806511487,231.01167371290774,0,False,0,No SL Hit
BAJAJ_AUTO.EQ-NSE,2019-07-01,2915.0,3050.0,18.0,0.05,2019-07-25,4310.463121783876,240.13722126929673,0,False,0,No SL Hit
BAJAJ_AUTO.EQ-NSE,2019-08-01,2539.0,2650.0,34.0,102.0,2019-08-08,-18747.538400945254,275.69909413154784,0,False,0,Intraday SL Hit
BAJAJ_AUTO.EQ-NSE,2019-09-03,2767.0,2850.0,45.0,135.0,2019-09-20,-22768.341163715213,252.9815684857246,0,False,0,Intraday SL Hit
BAJAJ_AUTO.EQ-NSE,2019-10-01,2915.95,3050.0,50.2,150.60000000000002,2019-10-23,-24101.922186594427,240.0589859222552,0,False,0,Intraday SL Hit
BAJAJ_AUTO.EQ-NSE,2019-12-02,3162.45,3300.0,32.5,0.05,2019-12-26,7182.722256478364,221.34737308099733,0,False,0,No SL Hit
BAJAJ_AUTO.EQ-NSE,2020-01-01,3151.0,3300.0,32.7,0.05,2020-01-30,7253.252935576009,222.1516978736909,0,False,0,No SL Hit
BAJAJ_AUTO.EQ-NSE,2020-02-03,3282.8,3400.0,34.3,0.05,2020-02-27,7303.216766175216,213.23260631168515,0,False,0,No SL Hit
BAJAJ_AUTO.EQ-NSE,2020-03-02,2798.95,2900.0,25.25,0.05,2020-03-26,6302.363386269852,250.09378516943855,0,False,0,No SL Hit
BAJAJ_AUTO.EQ-NSE,2020-04-01,2043.0,2150.0,109.9,352.95,2020-04-15,-83277.04356338717,342.6333822809594,0,False,0,Overnight SL Hit
BAJAJ_AUTO.EQ-NSE,2020-05-04,2433.0,2550.0,98.85,61.15,2020-05-28,10846.69132757912,287.71064529387587,0,False,0,No SL Hit
BAJAJ_AUTO.EQ-NSE,2020-06-01,2749.8501,2900.0,52.35,0.05,2020-06-25,13313.452976945908,254.55933034313398,0,False,0,No SL Hit
BAJAJ_AUTO.EQ-NSE,2020-07-01,2837.8,3000.0,62.2,48.65,2020-07-30,3342.3778983719794,246.66995559940798,0,False,0,No SL Hit
BAJAJ_AUTO.EQ-NSE,2020-08-03,2928.0,3050.0,54.0,0.2,2020-08-27,12862.021857923497,239.07103825136613,0,False,0,No SL Hit
BAJAJ_AUTO.EQ-NSE,2020-09-01,2960.0,3100.0,58.4,0.05,2020-09-24,13798.986486486487,236.48648648648648,0,False,0,No SL Hit
BAJAJ_AUTO.EQ-NSE,2020-10-01,2999.0,3150.0,51.85,0.05,2020-10-29,12090.696898966324,233.4111370456819,0,False,0,No SL Hit
BAJAJ_AUTO.EQ-NSE,2020-11-02,2848.0,3000.0,54.5,145.0,2020-11-26,-22243.6797752809,245.7865168539326,0,False,0,No SL Hit
BAJAJ_AUTO.EQ-NSE,2020-12-01,3242.0,3400.0,58.6,40.0,2020-12-31,4016.039481801358,215.916101172116,0,False,0,No SL Hit
BAJAJ_AUTO.EQ-NSE,2021-01-01,3479.0,3650.0,56.8,170.39999999999998,2021-01-21,-22857.142857142855,201.2072434607646,0,False,0,Intraday SL Hit
BAJAJ_AUTO.EQ-NSE,2021-02-01,4130.0,4350.0,72.35,0.1,2021-02-25,12245.762711864407,169.4915254237288,0,False,0,No SL Hit
BAJAJ_AUTO.EQ-NSE,2021-03-01,3822.0,4000.0,73.0,0.05,2021-03-25,13360.805860805862,183.15018315018315,0,False,0,No SL Hit
BAJAJ_AUTO.EQ-NSE,2021-04-01,3740.0,3900.0,61.25,0.1,2021-04-29,11445.1871657754,187.1657754010695,0,False,0,No SL Hit
BAJAJ_AUTO.EQ-NSE,2021-05-03,3858.8,4000.0,83.0,214.0,2021-05-27,-23763.8644138074,181.40354514356795,0,False,0,No SL Hit
BAJAJ_AUTO.EQ-NSE,2021-06-01,4239.7998,4400.0,61.55,0.05,2021-06-24,10153.781317693349,165.10213524704633,0,False,0,No SL Hit
BAJAJ_AUTO.EQ-NSE,2021-07-01,4207.0,4400.0,28.3,0.05,2021-07-29,4700.499168053245,166.38935108153078,0,False,0,No SL Hit
BAJAJ_AUTO.EQ-NSE,2021-08-02,3838.0,3950.0,52.4,0.05,2021-08-26,9547.94163626889,182.38665971860343,0,False,0,No SL Hit
BAJAJ_AUTO.EQ-NSE,2021-09-01,3753.5,3900.0,53.0,0.05,2021-09-30,9874.783535366993,186.49260690022646,0,False,0,No SL Hit
BAJAJ_AUTO.EQ-NSE,2021-10-01,3841.0,4000.0,102.0,0.05,2021-10-28,18579.796927883363,182.2442072376985,0,False,0,No SL Hit
BAJAJ_AUTO.EQ-NSE,2021-11-01,3726.1001,3850.0,59.6,0.1,2021-11-25,11177.906895201231,187.86398143195348,0,False,0,No SL Hit
BAJAJ_AUTO.EQ-NSE,2021-12-01,3252.2,3350.0,60.35,0.05,2021-12-30,12978.906586310808,215.23891519586743,0,False,0,No SL Hit
BAJAJ_AUTO.EQ-NSE,2022-01-03,3279.0,3400.0,35.0,105.0,2022-01-06,-14943.580359865813,213.47971942665447,0,False,0,Intraday SL Hit
BAJAJ_AUTO.EQ-NSE,2022-02-01,3530.95,3620.0,61.9,0.25,2022-02-24,12221.923278437815,198.24693071269772,0,False,0,No SL Hit
BAJAJ_AUTO.EQ-NSE,2022-03-02,3367.1499,3480.0,66.45,224.55,2022-05-13,-32867.55959394621,207.8909525233789,0,False,0,Overnight SL Hit
BAJAJ_AUTO.EQ-NSE,2022-06-01,3723.0,3850.0,30.35,91.05000000000001,2022-06-10,-11412.839108246038,188.02041364491,0,False,0,Intraday SL Hit
BAJAJ_AUTO.EQ-NSE,2022-07-01,3621.7,3750.0,64.7,237.4,2022-07-18,-33379.35223789933,193.279399177182,0,False,0,Overnight SL Hit
BAJAJ_AUTO.EQ-NSE,2022-08-01,3980.1499,4100.0,52.0,0.05,2022-08-25,9136.590559064121,175.87277303299558,0,False,0,No SL Hit
BAJAJ_AUTO.EQ-NSE,2022-09-01,4075.5,4200.0,58.0,0.05,2022-09-29,9953.379953379954,171.7580664949086,0,False,0,No SL Hit
BAJAJ_AUTO.EQ-NSE,2022-10-03,3522.0,3650.0,41.45,0.15,2022-10-27,8208.4043157297,198.75070982396366,0,False,0,No SL Hit
BAJAJ_AUTO.EQ-NSE,2022-11-01,3736.0,3850.0,35.5,0.05,2022-11-24,6642.130620985011,187.3661670235546,0,False,0,No SL Hit
BAJAJ_AUTO.EQ-NSE,2022-12-01,3705.0,3850.0,37.05,0.05,2022-12-29,6990.55330634278,188.93387314439946,0,False,0,No SL Hit
BAJAJ_AUTO.EQ-NSE,2023-01-02,3574.8999,3680.0,28.5,14.85,2023-01-25,2672.8021111863864,195.80967847519312,0,False,0,No SL Hit
BAJAJ_AUTO.EQ-NSE,2023-02-01,3795.05,3900.0,47.0,0.05,2023-02-23,8659.964954348428,184.45079774970026,0,False,0,No SL Hit
BAJAJ_AUTO.EQ-NSE,2023-03-01,3716.0,3860.0,28.75,86.25,2023-03-22,-10831.539289558665,188.3745963401507,0,False,0,Intraday SL Hit
BAJAJ_AUTO.EQ-NSE,2023-04-03,3989.8999,4100.0,34.5,103.5,2023-04-11,-12105.56685895804,175.44299795591363,0,False,0,Intraday SL Hit
BAJAJ_AUTO.EQ-NSE,2023-05-02,4485.0,4600.0,30.0,58.1,2023-05-25,-4385.730211817168,156.0758082497213,0,False,0,No SL Hit
BAJAJ_AUTO.EQ-NSE,2023-06-02,4677.0,4820.0,33.45,0.1,2023-06-28,4991.447509087022,149.66859097712208,0,False,0,No SL Hit
BAJAJ_AUTO.EQ-NSE,2023-07-03,4612.0,4740.0,54.0,162.0,2023-07-05,-16392.02081526453,151.7779705117086,0,False,0,Intraday SL Hit
BAJAJ_AUTO.EQ-NSE,2023-08-02,4822.0,4960.0,59.55,0.2,2023-08-31,8615.719618415595,145.16798009124844,0,False,0,No SL Hit
BAJAJ_AUTO.EQ-NSE,2023-09-01,4649.35,4760.0,67.15,201.45000000000002,2023-09-15,-20220.030756987533,150.5586802456257,0,False,0,Intraday SL Hit
BAJAJ_AUTO.EQ-NSE,2023-10-03,5008.95,5150.0,69.0,207.0,2023-10-19,-19285.47899260324,139.74984777248724,0,False,0,Intraday SL Hit
BAJAJ_AUTO.EQ-NSE,2023-11-01,5334.35,5500.0,53.5,160.5,2023-11-17,-14041.073420379238,131.22498523718914,0,False,0,Intraday SL Hit
BAJAJ_AUTO.EQ-NSE,2023-12-01,6052.8,6250.0,74.0,222.0,2023-12-18,-17116.045466560932,115.64895585514142,0,False,0,Intraday SL Hit
BAJAJ_AUTO.EQ-NSE,2024-01-01,6698.0,6900.0,132.0,434.0,2024-01-09,-31561.660197073754,104.50880859958197,0,False,0,Overnight SL Hit
BAJAJ_AUTO.EQ-NSE,2024-02-01,7655.0,7900.0,114.6,350.0,2024-02-16,-21525.800130633572,91.44350097975179,0,False,0,Overnight SL Hit
BAJAJ_AUTO.EQ-NSE,2024-03-01,8040.0,8300.0,147.6,442.79999999999995,2024-03-06,-25701.492537313425,87.06467661691542,0,False,0,Intraday SL Hit
BAJAJ_AUTO.EQ-NSE,2024-04-01,9082.0,9350.0,149.2,0.05,2024-04-25,11495.815899581588,77.07553402334288,0,False,0,No SL Hit
BAJAJ_AUTO.EQ-NSE,2024-05-02,9087.0,9400.0,144.75,0.1,2024-05-30,11142.841421811378,77.03312424342467,0,False,0,No SL Hit
BAJAJ_AUTO.EQ-NSE,2024-06-03,9331.15,9600.0,174.5,0.05,2024-06-27,13086.811379090464,75.0175487480107,0,False,0,No SL Hit
HINDALCO.EQ-NSE,2019-01-01,222.75,235.0,4.2,0.05,2019-01-31,13041.52637485971,3142.5364758698092,0,False,0,No SL Hit
HINDALCO.EQ-NSE,2019-02-01,209.95,220.0,4.75,0.05,2019-02-28,15670.39771374137,3334.1271731364614,0,False,0,No SL Hit
HINDALCO.EQ-NSE,2019-03-01,196.4,205.0,4.1,0.05,2019-03-28,14434.826883910386,3564.154786150713,0,False,0,No SL Hit
HINDALCO.EQ-NSE,2019-04-01,216.35,225.0,5.15,0.05,2019-04-25,16501.039981511443,3235.4980355904786,0,False,0,No SL Hit
HINDALCO.EQ-NSE,2019-05-02,205.7,215.0,5.3,0.05,2019-05-30,17865.824015556635,3403.014098201264,0,False,0,No SL Hit
HINDALCO.EQ-NSE,2019-06-03,199.5,207.5,3.3,0.05,2019-06-27,11403.508771929824,3508.7719298245615,0,False,0,No SL Hit
HINDALCO.EQ-NSE,2019-07-01,208.85,217.5,3.4,0.05,2019-07-25,11228.154177639455,3351.687814220733,0,False,0,No SL Hit
HINDALCO.EQ-NSE,2019-08-01,182.6,190.0,4.1,0.05,2019-08-29,15525.739320920044,3833.515881708653,0,False,0,No SL Hit
HINDALCO.EQ-NSE,2019-09-03,177.85,185.0,4.15,12.450000000000001,2019-09-12,-32667.97863368007,3935.901040202418,0,False,0,Intraday SL Hit
HINDALCO.EQ-NSE,2019-10-01,189.45,200.0,3.8,0.05,2019-10-31,13855.898653998418,3694.9063077329115,0,False,0,No SL Hit
HINDALCO.EQ-NSE,2019-11-01,193.8,200.0,6.2,3.0,2019-11-28,11558.307533539732,3611.971104231166,0,False,0,No SL Hit
HINDALCO.EQ-NSE,2019-12-02,200.85,210.0,3.55,4.7,2019-12-26,-4007.9661438884755,3485.1879512073688,0,False,0,No SL Hit
HINDALCO.EQ-NSE,2020-01-01,214.8,225.0,3.9,0.05,2020-01-30,12546.55493482309,3258.8454376163872,0,False,0,No SL Hit
HINDALCO.EQ-NSE,2020-02-03,181.8,190.0,3.85,0.05,2020-02-27,14631.46314631463,3850.38503850385,0,False,0,No SL Hit
HINDALCO.EQ-NSE,2020-03-02,151.45,160.0,4.4,0.05,2020-03-26,20105.645427533844,4621.987454605481,0,False,0,No SL Hit
HINDALCO.EQ-NSE,2020-04-01,91.7,95.0,8.8,27.35,2020-04-15,-141603.0534351145,7633.587786259542,0,False,0,Overnight SL Hit
HINDALCO.EQ-NSE,2020-05-04,116.3,125.0,5.6,14.0,2020-05-28,-50558.89939810835,6018.916595012898,0,False,0,No SL Hit
HINDALCO.EQ-NSE,2020-06-01,139.5,150.0,4.1,0.1,2020-06-25,20071.684587813616,5017.921146953405,0,False,0,No SL Hit
HINDALCO.EQ-NSE,2020-07-01,147.7,160.0,3.7,11.100000000000001,2020-07-09,-35071.09004739337,4739.336492890996,0,False,0,Intraday SL Hit
HINDALCO.EQ-NSE,2020-08-03,161.1,172.5,4.3,16.1,2020-08-11,-51272.50155183116,4345.127250155183,0,False,0,Overnight SL Hit
HINDALCO.EQ-NSE,2020-09-01,195.0,210.0,3.75,0.05,2020-09-24,13282.051282051283,3589.74358974359,0,False,0,No SL Hit
HINDALCO.EQ-NSE,2020-10-01,174.55,190.0,2.9,0.05,2020-10-29,11429.389859639072,4010.3122314523057,0,False,0,No SL Hit
HINDALCO.EQ-NSE,2020-11-02,170.05,180.0,5.3,15.899999999999999,2020-11-09,-43634.22522787414,4116.436342252278,0,False,0,Intraday SL Hit
HINDALCO.EQ-NSE,2020-12-01,229.5,250.0,4.25,12.75,2020-12-04,-25925.925925925927,3050.108932461874,0,False,0,Intraday SL Hit
HINDALCO.EQ-NSE,2021-01-01,238.25,255.0,5.45,16.35,2021-01-07,-32025.183630640087,2938.0902413431268,0,False,0,Intraday SL Hit
HINDALCO.EQ-NSE,2021-02-01,241.5,260.0,4.65,13.950000000000001,2021-02-03,-26956.521739130436,2898.550724637681,0,False,0,Intraday SL Hit
HINDALCO.EQ-NSE,2021-03-01,345.0,370.0,7.75,0.05,2021-03-25,15623.188405797102,2028.9855072463768,0,False,0,No SL Hit
HINDALCO.EQ-NSE,2021-04-01,348.3,375.0,6.6,0.05,2021-04-29,13163.93913293138,2009.7616996841803,0,False,0,No SL Hit
HINDALCO.EQ-NSE,2021-05-03,370.0,390.0,13.5,40.5,2021-05-10,-51081.08108108108,1891.8918918918919,0,False,0,Intraday SL Hit
HINDALCO.EQ-NSE,2021-06-01,394.0,415.0,7.85,0.05,2021-06-24,13857.868020304568,1776.6497461928934,0,False,0,No SL Hit
HINDALCO.EQ-NSE,2021-07-01,379.8,400.0,5.5,16.5,2021-07-27,-20273.828330700366,1843.0753027909425,0,False,0,Intraday SL Hit
HINDALCO.EQ-NSE,2021-08-02,446.0,470.0,8.05,0.05,2021-08-26,12556.053811659192,1569.506726457399,0,False,0,No SL Hit
HINDALCO.EQ-NSE,2021-09-01,458.15,490.0,6.05,0.05,2021-09-30,9167.303284950343,1527.8838808250573,0,False,0,No SL Hit
HINDALCO.EQ-NSE,2021-10-01,484.4,510.0,15.05,0.05,2021-10-28,21676.300578034683,1445.0867052023123,0,False,0,No SL Hit
HINDALCO.EQ-NSE,2021-11-01,480.35,510.0,10.75,0.05,2021-11-25,15592.796918913291,1457.2707400853544,0,False,0,No SL Hit
HINDALCO.EQ-NSE,2021-12-01,425.25,450.0,8.55,0.05,2021-12-30,13991.769547325102,1646.0905349794239,0,False,0,No SL Hit
HINDALCO.EQ-NSE,2022-01-03,477.8,500.0,7.7,0.05,2022-01-27,11207.61825031394,1465.0481372959398,0,False,0,No SL Hit
HINDALCO.EQ-NSE,2022-02-01,510.6,540.0,6.5,19.5,2022-02-10,-17822.169996083037,1370.936153544849,0,False,0,Intraday SL Hit
HINDALCO.EQ-NSE,2022-03-02,598.65,630.0,15.05,0.05,2022-03-31,17539.463793535455,1169.297586235697,0,False,0,No SL Hit
HINDALCO.EQ-NSE,2022-04-01,570.5,600.0,14.25,0.05,2022-04-28,17423.31288343558,1226.993865030675,0,False,0,No SL Hit
HINDALCO.EQ-NSE,2022-05-02,484.9,510.0,10.65,0.05,2022-05-26,15302.124149309137,1443.5966178593526,0,False,0,No SL Hit
HINDALCO.EQ-NSE,2022-06-01,410.35,430.0,11.8,0.05,2022-06-30,20043.864993298404,1705.8608504934812,0,False,0,No SL Hit
HINDALCO.EQ-NSE,2022-07-01,341.15,360.0,8.7,26.099999999999998,2022-07-25,-35702.770042503296,2051.883335776052,0,False,0,Intraday SL Hit
HINDALCO.EQ-NSE,2022-08-01,424.0,445.0,8.1,0.05,2022-08-25,13290.094339622641,1650.9433962264152,0,False,0,No SL Hit
HINDALCO.EQ-NSE,2022-09-01,422.95,450.0,7.8,0.05,2022-09-29,12826.575245300864,1655.0419671355953,0,False,0,No SL Hit
HINDALCO.EQ-NSE,2022-10-03,381.0,400.0,8.0,12.0,2022-10-27,-7349.081364829396,1837.270341207349,0,False,0,No SL Hit
HINDALCO.EQ-NSE,2022-11-01,414.5,435.0,7.9,23.700000000000003,2022-11-14,-26682.750301568158,1688.7816646562123,0,False,0,Intraday SL Hit
HINDALCO.EQ-NSE,2022-12-01,463.3,490.0,7.0,0.05,2022-12-29,10500.755450032377,1510.9000647528599,0,False,0,No SL Hit
HINDALCO.EQ-NSE,2023-01-02,486.5,510.0,7.4,0.05,2023-01-25,10575.539568345324,1438.8489208633093,0,False,0,No SL Hit
HINDALCO.EQ-NSE,2023-02-01,466.5,490.0,9.3,0.05,2023-02-23,13879.957127545553,1500.5359056806003,0,False,0,No SL Hit
HINDALCO.EQ-NSE,2023-03-01,414.0,440.0,5.1,0.05,2023-03-29,8538.64734299517,1690.8212560386473,0,False,0,No SL Hit
HINDALCO.EQ-NSE,2023-04-03,402.25,425.0,4.7,4.8,2023-04-27,-174.02113113735177,1740.211311373524,0,False,0,No SL Hit
HINDALCO.EQ-NSE,2023-05-02,445.5,465.0,5.45,0.05,2023-05-25,8484.848484848486,1571.2682379349046,0,False,0,No SL Hit
HINDALCO.EQ-NSE,2023-06-02,420.3,440.0,5.4,0.05,2023-06-28,8910.302165120154,1665.4770402093743,0,False,0,No SL Hit
HINDALCO.EQ-NSE,2023-07-03,426.0,445.0,6.55,6.35,2023-07-27,328.63849765258243,1643.1924882629107,0,False,0,No SL Hit
HINDALCO.EQ-NSE,2023-08-02,453.15,475.0,9.2,0.05,2023-08-31,14134.392585236674,1544.7423590422597,0,False,0,No SL Hit
HINDALCO.EQ-NSE,2023-09-01,472.7,495.0,6.65,19.950000000000003,2023-09-14,-19695.36704040618,1480.8546646921939,0,False,0,Intraday SL Hit
HINDALCO.EQ-NSE,2023-10-03,480.1,500.0,7.05,0.05,2023-10-26,10206.207040199957,1458.0295771714225,0,False,0,No SL Hit
HINDALCO.EQ-NSE,2023-11-01,462.1,480.0,8.75,26.25,2023-11-15,-26509.41354685133,1514.8236312486474,0,False,0,Intraday SL Hit
HINDALCO.EQ-NSE,2023-12-01,517.0,535.0,11.0,33.0,2023-12-18,-29787.23404255319,1353.9651837524177,0,False,0,Intraday SL Hit
HINDALCO.EQ-NSE,2024-01-01,607.5,630.0,15.0,0.05,2024-01-25,17226.33744855967,1152.2633744855966,0,False,0,No SL Hit
HINDALCO.EQ-NSE,2024-02-01,571.7,595.0,13.0,0.05,2024-02-29,15856.218296309251,1224.4184012594017,0,False,0,No SL Hit
HINDALCO.EQ-NSE,2024-03-01,518.9,540.0,13.65,19.0,2024-03-28,-7217.190210059741,1349.007515899017,0,False,0,No SL Hit
HINDALCO.EQ-NSE,2024-04-01,567.45,590.0,9.9,29.700000000000003,2024-04-15,-24425.05947660587,1233.5888624548418,0,False,0,Intraday SL Hit
HINDALCO.EQ-NSE,2024-05-02,644.0,670.0,14.0,42.0,2024-05-29,-30434.782608695656,1086.9565217391305,0,False,0,Intraday SL Hit
HINDALCO.EQ-NSE,2024-06-03,698.0,725.0,18.0,0.05,2024-06-27,18001.432664756445,1002.8653295128939,0,False,0,No SL Hit
SBILIFE.EQ-NSE,2020-05-04,688.35,750.0,19.1,0.05,2020-05-28,19372.412290259315,1016.924529672405,0,False,0,No SL Hit
SBILIFE.EQ-NSE,2020-06-01,773.5,820.0,15.4,0.1,2020-06-25,13846.153846153846,904.9773755656108,0,False,0,No SL Hit
SBILIFE.EQ-NSE,2020-07-01,803.9,850.0,14.8,44.400000000000006,2020-07-14,-25774.35004353776,870.7550690384377,0,False,0,Intraday SL Hit
SBILIFE.EQ-NSE,2020-08-03,877.55,930.0,15.0,0.05,2020-08-27,11925.246424705145,797.6753461341234,0,False,0,No SL Hit
SBILIFE.EQ-NSE,2020-09-01,838.2,880.0,15.4,0.05,2020-09-24,12819.136244333093,835.1228823669768,0,False,0,No SL Hit
SBILIFE.EQ-NSE,2020-10-01,819.4,870.0,9.1,0.05,2020-11-26,7731.266780571149,854.283622162558,0,False,0,No SL Hit
SBILIFE.EQ-NSE,2020-12-01,849.35,900.0,13.4,3.0,2020-12-31,8571.260375581327,824.1596514982045,0,False,0,No SL Hit
SBILIFE.EQ-NSE,2021-01-01,895.3,940.0,18.0,0.05,2021-01-28,14034.401876465989,781.8608287724785,0,False,0,No SL Hit
SBILIFE.EQ-NSE,2021-02-01,877.0,920.0,17.65,0.05,2021-02-25,14047.8905359179,798.175598631699,0,False,0,No SL Hit
SBILIFE.EQ-NSE,2021-03-01,875.5,920.0,14.65,43.95,2021-03-09,-23426.61336379212,799.543118218161,0,False,0,Intraday SL Hit
SBILIFE.EQ-NSE,2021-04-01,887.9,930.0,8.95,0.05,2021-04-29,7016.555918459286,788.3770694898075,0,False,0,No SL Hit
SBILIFE.EQ-NSE,2021-05-03,979.3,1010.0,25.7,0.05,2021-05-27,18334.524660471765,714.7962830593282,0,False,0,No SL Hit
SBILIFE.EQ-NSE,2021-06-01,965.65,1000.0,13.3,0.05,2021-06-24,9604.929322218195,724.9003262051468,0,False,0,No SL Hit
SBILIFE.EQ-NSE,2021-07-01,1007.0,1040.0,11.05,33.150000000000006,2021-07-26,-15362.462760675278,695.1340615690169,0,False,0,Intraday SL Hit
SBILIFE.EQ-NSE,2021-08-02,1105.25,1140.0,15.0,6.55,2021-08-26,5351.730377742592,633.3408731056322,0,False,0,No SL Hit
SBILIFE.EQ-NSE,2021-09-01,1214.4,1260.0,14.0,0.05,2021-09-30,8041.007905138339,576.4163372859025,0,False,0,No SL Hit
SBILIFE.EQ-NSE,2021-10-01,1210.0,1250.0,25.0,0.05,2021-10-28,14433.88429752066,578.5123966942149,0,False,0,No SL Hit
SBILIFE.EQ-NSE,2021-11-01,1161.2,1200.0,14.2,0.05,2021-11-25,8529.9689975887,602.8246641405442,0,False,0,No SL Hit
SBILIFE.EQ-NSE,2021-12-01,1164.0,1200.0,14.55,0.05,2021-12-30,8719.931271477664,601.3745704467354,0,False,0,No SL Hit
SBILIFE.EQ-NSE,2022-01-03,1205.5,1250.0,10.5,31.5,2022-01-14,-12194.110327664868,580.6719203649938,0,False,0,Intraday SL Hit
SBILIFE.EQ-NSE,2022-02-01,1217.0,1250.0,15.85,0.05,2022-02-24,9087.921117502054,575.1848808545604,0,False,0,No SL Hit
SBILIFE.EQ-NSE,2022-03-02,1120.05,1160.0,21.5,0.05,2022-03-31,13405.651533413688,624.9720994598456,0,False,0,No SL Hit
SBILIFE.EQ-NSE,2022-04-01,1116.7,1150.0,24.05,0.05,2022-04-28,15044.327035013881,626.846959792245,0,False,0,No SL Hit
SBILIFE.EQ-NSE,2022-05-02,1080.9,1120.0,18.9,0.05,2022-05-26,12207.419742806918,647.6084744194652,0,False,0,No SL Hit
SBILIFE.EQ-NSE,2022-06-01,1150.05,1190.0,20.0,0.05,2022-07-28,12142.950306508414,608.6691882961611,0,False,0,No SL Hit
SBILIFE.EQ-NSE,2022-08-01,1309.0,1350.0,20.0,0.05,2022-08-25,10668.449197860962,534.75935828877,0,False,0,No SL Hit
SBILIFE.EQ-NSE,2022-09-01,1299.7,1340.0,23.2,0.05,2022-09-29,12468.261906593829,538.5858274986535,0,False,0,No SL Hit
SBILIFE.EQ-NSE,2022-10-03,1234.45,1280.0,21.55,0.05,2022-10-27,12191.664303941026,567.0541536716756,0,False,0,No SL Hit
SBILIFE.EQ-NSE,2022-11-01,1267.55,1300.0,18.6,0.05,2022-11-24,10244.17182754132,552.2464597057316,0,False,0,No SL Hit
SBILIFE.EQ-NSE,2022-12-01,1295.0,1340.0,16.45,0.05,2022-12-29,8864.864864864863,540.5405405405405,0,False,0,No SL Hit
SBILIFE.EQ-NSE,2023-01-02,1243.0,1280.0,15.45,46.349999999999994,2023-01-12,-17401.448109412708,563.1536604987932,0,False,0,Intraday SL Hit
SBILIFE.EQ-NSE,2023-02-01,1114.5,1160.0,22.95,0.05,2023-02-23,14383.131449080303,628.0843427545984,0,False,0,No SL Hit
SBILIFE.EQ-NSE,2023-03-01,1120.1,1160.0,13.5,0.05,2023-03-29,8405.499508972413,624.9442014105883,0,False,0,No SL Hit
SBILIFE.EQ-NSE,2023-04-03,1105.0,1140.0,15.8,0.05,2023-04-27,9977.37556561086,633.4841628959276,0,False,0,No SL Hit
SBILIFE.EQ-NSE,2023-05-02,1150.95,1190.0,10.4,0.05,2023-05-25,6294.799947869152,608.1932316781789,0,False,0,No SL Hit
SBILIFE.EQ-NSE,2023-06-02,1203.5,1240.0,9.5,28.5,2023-06-16,-11051.100955546324,581.636892397175,0,False,0,Intraday SL Hit
SBILIFE.EQ-NSE,2023-07-03,1297.5,1340.0,20.75,0.05,2023-07-27,11167.630057803468,539.4990366088632,0,False,0,No SL Hit
SBILIFE.EQ-NSE,2023-08-02,1257.95,1300.0,18.0,54.0,2023-08-08,-20032.592710362096,556.4609086211693,0,False,0,Intraday SL Hit
SBILIFE.EQ-NSE,2023-09-01,1316.25,1360.0,16.55,0.05,2023-09-28,8774.928774928776,531.8138651471985,0,False,0,No SL Hit
SBILIFE.EQ-NSE,2023-10-03,1294.0,1330.0,20.0,0.05,2023-10-26,10792.117465224112,540.9582689335394,0,False,0,No SL Hit
SBILIFE.EQ-NSE,2023-11-01,1338.75,1380.0,11.6,34.8,2023-11-17,-12130.718954248363,522.875816993464,0,False,0,Intraday SL Hit
SBILIFE.EQ-NSE,2023-12-01,1420.3,1460.0,24.4,0.05,2023-12-28,12000.985707244947,492.8536224741252,0,False,0,No SL Hit
SBILIFE.EQ-NSE,2024-01-01,1427.8,1460.0,31.0,0.05,2024-01-25,15173.69379464911,490.2647429611991,0,False,0,No SL Hit
SBILIFE.EQ-NSE,2024-02-01,1429.05,1470.0,24.05,76.65,2024-02-26,-25765.368601518498,489.83590497183445,0,False,0,Overnight SL Hit
SBILIFE.EQ-NSE,2024-03-01,1541.0,1580.0,31.25,0.05,2024-03-28,14172.61518494484,454.25048669695,0,False,0,No SL Hit
SBILIFE.EQ-NSE,2024-04-01,1491.7,1530.0,25.7,0.05,2024-04-25,12036.602534021586,469.2632566870014,0,False,0,No SL Hit
SBILIFE.EQ-NSE,2024-05-02,1460.0,1500.0,23.5,0.05,2024-05-30,11243.150684931506,479.45205479452056,0,False,0,No SL Hit
SBILIFE.EQ-NSE,2024-06-03,1390.0,1420.0,35.9,41.0,2024-06-27,-2568.3453237410076,503.59712230215825,0,False,0,No SL Hit
VEDL.EQ-NSE,2019-01-01,202.5,210.0,5.55,0.05,2019-01-31,19012.345679012345,3456.7901234567903,0,False,0,No SL Hit
VEDL.EQ-NSE,2019-02-01,161.5,170.0,8.05,0.05,2019-02-28,34674.9226006192,4334.3653250774,0,False,0,No SL Hit
VEDL.EQ-NSE,2019-03-01,173.6,180.0,4.85,0.05,2019-03-28,19354.83870967742,4032.2580645161293,0,False,0,No SL Hit
VEDL.EQ-NSE,2019-04-01,188.6,195.0,5.7,0.05,2019-04-25,20970.30752916225,3711.5588547189823,0,False,0,No SL Hit
VEDL.EQ-NSE,2019-05-02,168.3,175.0,6.6,0.05,2019-05-30,27243.018419489006,4159.2394533571005,0,False,0,No SL Hit
VEDL.EQ-NSE,2019-06-03,164.2,170.0,4.2,6.6,2019-06-27,-10231.425091352008,4263.093788063337,0,False,0,No SL Hit
VEDL.EQ-NSE,2019-07-01,173.95,180.0,4.55,0.05,2019-07-25,18108.651911468816,4024.144869215292,0,False,0,No SL Hit
VEDL.EQ-NSE,2019-08-01,145.55,152.5,4.0,0.05,2019-08-29,18996.90827894194,4809.343868086567,0,False,0,No SL Hit
VEDL.EQ-NSE,2019-09-03,134.2,140.0,4.05,12.149999999999999,2019-09-17,-42250.372578241426,5216.095380029807,0,False,0,Intraday SL Hit
VEDL.EQ-NSE,2019-10-01,151.5,157.5,5.95,0.05,2019-10-31,27260.726072607264,4620.4620462046205,0,False,0,No SL Hit
VEDL.EQ-NSE,2019-11-01,153.65,160.0,6.9,0.05,2019-11-28,31207.28929384966,4555.808656036446,0,False,0,No SL Hit
VEDL.EQ-NSE,2019-12-02,144.35,150.0,4.0,0.15,2019-12-26,18669.899549705577,4849.324558365085,0,False,0,No SL Hit
VEDL.EQ-NSE,2020-01-01,154.7,160.0,4.1,0.05,2020-01-30,18325.79185520362,4524.886877828055,0,False,0,No SL Hit
VEDL.EQ-NSE,2020-02-03,134.45,140.0,4.15,0.05,2020-02-27,21346.225362588328,5206.396429899592,0,False,0,No SL Hit
VEDL.EQ-NSE,2020-03-02,110.95,115.0,4.45,0.05,2020-03-26,27760.252365930603,6309.148264984227,0,False,0,No SL Hit
VEDL.EQ-NSE,2020-04-01,63.0,67.5,5.25,15.75,2020-04-15,-116666.66666666667,11111.111111111111,0,False,0,Intraday SL Hit
VEDL.EQ-NSE,2020-05-04,80.2,85.0,4.8,15.0,2020-05-13,-89027.43142144637,8728.179551122194,0,False,0,Overnight SL Hit
VEDL.EQ-NSE,2020-06-01,93.75,100.0,3.25,9.75,2020-06-08,-48533.333333333336,7466.666666666667,0,False,0,Intraday SL Hit
VEDL.EQ-NSE,2020-07-01,107.8,117.5,3.1,0.05,2020-07-30,19805.19480519481,6493.506493506494,0,False,0,No SL Hit
VEDL.EQ-NSE,2020-08-03,115.3,125.0,2.4,7.5,2020-08-24,-30962.70598438855,6071.118820468344,0,False,0,Overnight SL Hit
VEDL.EQ-NSE,2020-09-01,132.3,142.5,3.3,0.05,2020-09-24,17195.767195767196,5291.005291005291,0,False,0,No SL Hit
VEDL.EQ-NSE,2020-10-01,136.95,150.0,4.35,13.049999999999999,2020-12-24,-44468.784227820375,5111.354508944871,0,False,0,Intraday SL Hit
VEDL.EQ-NSE,2021-01-01,160.6,175.0,4.5,13.5,2021-01-06,-39227.89539227895,4358.65504358655,0,False,0,Intraday SL Hit
VEDL.EQ-NSE,2021-02-01,170.85,185.0,3.35,10.05,2021-02-09,-27450.98039215687,4097.161252560726,0,False,0,Intraday SL Hit
VEDL.EQ-NSE,2021-03-01,213.95,232.5,6.95,11.5,2021-04-29,-14886.65576069175,3271.792474877308,0,False,0,No SL Hit
VEDL.EQ-NSE,2021-05-03,256.5,275.0,8.3,25.55,2021-05-10,-47076.023391812865,2729.044834307992,0,False,0,Overnight SL Hit
VEDL.EQ-NSE,2021-06-01,268.45,285.0,7.1,0.05,2021-06-24,18383.31160365059,2607.561929595828,0,False,0,No SL Hit
VEDL.EQ-NSE,2021-07-01,262.85,280.0,4.0,5.85,2021-07-29,-4926.764314247668,2663.1158455392806,0,False,0,No SL Hit
VEDL.EQ-NSE,2021-08-02,312.9,330.0,6.6,0.05,2021-08-26,14653.24384787472,2237.136465324385,0,False,0,No SL Hit
VEDL.EQ-NSE,2021-09-01,298.9,320.0,6.05,0.05,2021-09-30,14051.52224824356,2341.92037470726,0,False,0,No SL Hit
VEDL.EQ-NSE,2021-10-01,285.3,305.0,6.95,20.85,2021-10-13,-34104.45145460918,2453.557658604977,0,False,0,Intraday SL Hit
VEDL.EQ-NSE,2021-11-01,305.2,321.5,10.5,31.5,2021-11-25,-48165.137614678904,2293.5779816513764,0,False,0,Intraday SL Hit
VEDL.EQ-NSE,2021-12-01,347.85,370.0,8.45,0.05,2021-12-30,16903.837861147043,2012.361650136553,0,False,0,No SL Hit
VEDL.EQ-NSE,2022-01-03,351.55,370.0,6.6,0.05,2022-01-27,13042.241501920067,1991.1819086900866,0,False,0,No SL Hit
VEDL.EQ-NSE,2022-02-01,337.6,355.0,6.2,18.6,2022-02-07,-25710.900473933652,2073.4597156398104,0,False,0,Intraday SL Hit
VEDL.EQ-NSE,2022-03-02,386.4,410.0,7.4,0.05,2022-03-31,13315.21739130435,1811.5942028985507,0,False,0,No SL Hit
VEDL.EQ-NSE,2022-04-01,405.5,430.0,9.25,0.05,2022-04-28,15881.627620221949,1726.2638717632553,0,False,0,No SL Hit
VEDL.EQ-NSE,2022-05-02,407.6,430.0,7.7,0.05,2024-04-25,13137.880274779196,1717.369970559372,0,False,0,No SL Hit
VEDL.EQ-NSE,2024-05-02,409.9,430.0,9.75,29.25,2024-05-17,-33300.805074408396,1707.7335935594049,0,False,0,Intraday SL Hit
VEDL.EQ-NSE,2024-06-03,458.5,479.0,16.9,0.05,2024-06-27,25725.190839694653,1526.7175572519084,0,False,0,No SL Hit
